lat,lon,tos_degC
-79.5,1,NaN
-79.5,3,NaN
-79.5,5,NaN
-79.5,7,NaN
-79.5,9,NaN
-79.5,11,NaN
-79.5,13,NaN
-79.5,15,NaN
-79.5,17,NaN
-79.5,19,NaN
-79.5,21,NaN
-79.5,23,NaN
-79.5,25,NaN
-79.5,27,NaN
-79.5,29,NaN
-79.5,31,NaN
-79.5,33,NaN
-79.5,35,NaN
-79.5,37,NaN
-79.5,39,NaN
-79.5,41,NaN
-79.5,43,NaN
-79.5,45,NaN
-79.5,47,NaN
-79.5,49,NaN
-79.5,51,NaN
-79.5,53,NaN
-79.5,55,NaN
-79.5,57,NaN
-79.5,59,NaN
-79.5,61,NaN
-79.5,63,NaN
-79.5,65,NaN
-79.5,67,NaN
-79.5,69,NaN
-79.5,71,NaN
-79.5,73,NaN
-79.5,75,NaN
-79.5,77,NaN
-79.5,79,NaN
-79.5,81,NaN
-79.5,83,NaN
-79.5,85,NaN
-79.5,87,NaN
-79.5,89,NaN
-79.5,91,NaN
-79.5,93,NaN
-79.5,95,NaN
-79.5,97,NaN
-79.5,99,NaN
-79.5,101,NaN
-79.5,103,NaN
-79.5,105,NaN
-79.5,107,NaN
-79.5,109,NaN
-79.5,111,NaN
-79.5,113,NaN
-79.5,115,NaN
-79.5,117,NaN
-79.5,119,NaN
-79.5,121,NaN
-79.5,123,NaN
-79.5,125,NaN
-79.5,127,NaN
-79.5,129,NaN
-79.5,131,NaN
-79.5,133,NaN
-79.5,135,NaN
-79.5,137,NaN
-79.5,139,NaN
-79.5,141,NaN
-79.5,143,NaN
-79.5,145,NaN
-79.5,147,NaN
-79.5,149,NaN
-79.5,151,NaN
-79.5,153,NaN
-79.5,155,NaN
-79.5,157,NaN
-79.5,159,NaN
-79.5,161,NaN
-79.5,163,NaN
-79.5,165,NaN
-79.5,167,NaN
-79.5,169,NaN
-79.5,171,NaN
-79.5,173,NaN
-79.5,175,NaN
-79.5,177,NaN
-79.5,179,NaN
-79.5,181,NaN
-79.5,183,NaN
-79.5,185,NaN
-79.5,187,NaN
-79.5,189,NaN
-79.5,191,NaN
-79.5,193,NaN
-79.5,195,NaN
-79.5,197,NaN
-79.5,199,NaN
-79.5,201,NaN
-79.5,203,NaN
-79.5,205,NaN
-79.5,207,NaN
-79.5,209,NaN
-79.5,211,NaN
-79.5,213,NaN
-79.5,215,NaN
-79.5,217,NaN
-79.5,219,NaN
-79.5,221,NaN
-79.5,223,NaN
-79.5,225,NaN
-79.5,227,NaN
-79.5,229,NaN
-79.5,231,NaN
-79.5,233,NaN
-79.5,235,NaN
-79.5,237,NaN
-79.5,239,NaN
-79.5,241,NaN
-79.5,243,NaN
-79.5,245,NaN
-79.5,247,NaN
-79.5,249,NaN
-79.5,251,NaN
-79.5,253,NaN
-79.5,255,NaN
-79.5,257,NaN
-79.5,259,NaN
-79.5,261,NaN
-79.5,263,NaN
-79.5,265,NaN
-79.5,267,NaN
-79.5,269,NaN
-79.5,271,NaN
-79.5,273,NaN
-79.5,275,NaN
-79.5,277,NaN
-79.5,279,NaN
-79.5,281,NaN
-79.5,283,NaN
-79.5,285,NaN
-79.5,287,NaN
-79.5,289,NaN
-79.5,291,NaN
-79.5,293,NaN
-79.5,295,NaN
-79.5,297,NaN
-79.5,299,NaN
-79.5,301,NaN
-79.5,303,NaN
-79.5,305,NaN
-79.5,307,NaN
-79.5,309,NaN
-79.5,311,NaN
-79.5,313,NaN
-79.5,315,NaN
-79.5,317,NaN
-79.5,319,NaN
-79.5,321,NaN
-79.5,323,NaN
-79.5,325,NaN
-79.5,327,NaN
-79.5,329,NaN
-79.5,331,NaN
-79.5,333,NaN
-79.5,335,NaN
-79.5,337,NaN
-79.5,339,NaN
-79.5,341,NaN
-79.5,343,NaN
-79.5,345,NaN
-79.5,347,NaN
-79.5,349,NaN
-79.5,351,NaN
-79.5,353,NaN
-79.5,355,NaN
-79.5,357,NaN
-79.5,359,NaN
-78.5,1,NaN
-78.5,3,NaN
-78.5,5,NaN
-78.5,7,NaN
-78.5,9,NaN
-78.5,11,NaN
-78.5,13,NaN
-78.5,15,NaN
-78.5,17,NaN
-78.5,19,NaN
-78.5,21,NaN
-78.5,23,NaN
-78.5,25,NaN
-78.5,27,NaN
-78.5,29,NaN
-78.5,31,NaN
-78.5,33,NaN
-78.5,35,NaN
-78.5,37,NaN
-78.5,39,NaN
-78.5,41,NaN
-78.5,43,NaN
-78.5,45,NaN
-78.5,47,NaN
-78.5,49,NaN
-78.5,51,NaN
-78.5,53,NaN
-78.5,55,NaN
-78.5,57,NaN
-78.5,59,NaN
-78.5,61,NaN
-78.5,63,NaN
-78.5,65,NaN
-78.5,67,NaN
-78.5,69,NaN
-78.5,71,NaN
-78.5,73,NaN
-78.5,75,NaN
-78.5,77,NaN
-78.5,79,NaN
-78.5,81,NaN
-78.5,83,NaN
-78.5,85,NaN
-78.5,87,NaN
-78.5,89,NaN
-78.5,91,NaN
-78.5,93,NaN
-78.5,95,NaN
-78.5,97,NaN
-78.5,99,NaN
-78.5,101,NaN
-78.5,103,NaN
-78.5,105,NaN
-78.5,107,NaN
-78.5,109,NaN
-78.5,111,NaN
-78.5,113,NaN
-78.5,115,NaN
-78.5,117,NaN
-78.5,119,NaN
-78.5,121,NaN
-78.5,123,NaN
-78.5,125,NaN
-78.5,127,NaN
-78.5,129,NaN
-78.5,131,NaN
-78.5,133,NaN
-78.5,135,NaN
-78.5,137,NaN
-78.5,139,NaN
-78.5,141,NaN
-78.5,143,NaN
-78.5,145,NaN
-78.5,147,NaN
-78.5,149,NaN
-78.5,151,NaN
-78.5,153,NaN
-78.5,155,NaN
-78.5,157,NaN
-78.5,159,NaN
-78.5,161,NaN
-78.5,163,NaN
-78.5,165,NaN
-78.5,167,NaN
-78.5,169,NaN
-78.5,171,NaN
-78.5,173,NaN
-78.5,175,NaN
-78.5,177,NaN
-78.5,179,NaN
-78.5,181,3.713708496
-78.5,183,NaN
-78.5,185,NaN
-78.5,187,NaN
-78.5,189,NaN
-78.5,191,NaN
-78.5,193,NaN
-78.5,195,NaN
-78.5,197,NaN
-78.5,199,NaN
-78.5,201,NaN
-78.5,203,NaN
-78.5,205,NaN
-78.5,207,NaN
-78.5,209,NaN
-78.5,211,NaN
-78.5,213,NaN
-78.5,215,NaN
-78.5,217,NaN
-78.5,219,NaN
-78.5,221,NaN
-78.5,223,NaN
-78.5,225,NaN
-78.5,227,NaN
-78.5,229,NaN
-78.5,231,NaN
-78.5,233,NaN
-78.5,235,NaN
-78.5,237,NaN
-78.5,239,NaN
-78.5,241,NaN
-78.5,243,NaN
-78.5,245,NaN
-78.5,247,NaN
-78.5,249,NaN
-78.5,251,NaN
-78.5,253,NaN
-78.5,255,NaN
-78.5,257,NaN
-78.5,259,NaN
-78.5,261,NaN
-78.5,263,NaN
-78.5,265,NaN
-78.5,267,NaN
-78.5,269,NaN
-78.5,271,NaN
-78.5,273,NaN
-78.5,275,NaN
-78.5,277,NaN
-78.5,279,NaN
-78.5,281,NaN
-78.5,283,NaN
-78.5,285,NaN
-78.5,287,NaN
-78.5,289,NaN
-78.5,291,NaN
-78.5,293,NaN
-78.5,295,NaN
-78.5,297,NaN
-78.5,299,NaN
-78.5,301,NaN
-78.5,303,NaN
-78.5,305,NaN
-78.5,307,NaN
-78.5,309,NaN
-78.5,311,NaN
-78.5,313,NaN
-78.5,315,NaN
-78.5,317,NaN
-78.5,319,NaN
-78.5,321,NaN
-78.5,323,NaN
-78.5,325,NaN
-78.5,327,NaN
-78.5,329,NaN
-78.5,331,NaN
-78.5,333,NaN
-78.5,335,NaN
-78.5,337,NaN
-78.5,339,NaN
-78.5,341,NaN
-78.5,343,NaN
-78.5,345,NaN
-78.5,347,NaN
-78.5,349,NaN
-78.5,351,NaN
-78.5,353,NaN
-78.5,355,NaN
-78.5,357,NaN
-78.5,359,NaN
-77.5,1,NaN
-77.5,3,NaN
-77.5,5,NaN
-77.5,7,NaN
-77.5,9,NaN
-77.5,11,NaN
-77.5,13,NaN
-77.5,15,NaN
-77.5,17,NaN
-77.5,19,NaN
-77.5,21,NaN
-77.5,23,NaN
-77.5,25,NaN
-77.5,27,NaN
-77.5,29,NaN
-77.5,31,NaN
-77.5,33,NaN
-77.5,35,NaN
-77.5,37,NaN
-77.5,39,NaN
-77.5,41,NaN
-77.5,43,NaN
-77.5,45,NaN
-77.5,47,NaN
-77.5,49,NaN
-77.5,51,NaN
-77.5,53,NaN
-77.5,55,NaN
-77.5,57,NaN
-77.5,59,NaN
-77.5,61,NaN
-77.5,63,NaN
-77.5,65,NaN
-77.5,67,NaN
-77.5,69,NaN
-77.5,71,NaN
-77.5,73,NaN
-77.5,75,NaN
-77.5,77,NaN
-77.5,79,NaN
-77.5,81,NaN
-77.5,83,NaN
-77.5,85,NaN
-77.5,87,NaN
-77.5,89,NaN
-77.5,91,NaN
-77.5,93,NaN
-77.5,95,NaN
-77.5,97,NaN
-77.5,99,NaN
-77.5,101,NaN
-77.5,103,NaN
-77.5,105,NaN
-77.5,107,NaN
-77.5,109,NaN
-77.5,111,NaN
-77.5,113,NaN
-77.5,115,NaN
-77.5,117,NaN
-77.5,119,NaN
-77.5,121,NaN
-77.5,123,NaN
-77.5,125,NaN
-77.5,127,NaN
-77.5,129,NaN
-77.5,131,NaN
-77.5,133,NaN
-77.5,135,NaN
-77.5,137,NaN
-77.5,139,NaN
-77.5,141,NaN
-77.5,143,NaN
-77.5,145,NaN
-77.5,147,NaN
-77.5,149,NaN
-77.5,151,NaN
-77.5,153,NaN
-77.5,155,NaN
-77.5,157,NaN
-77.5,159,NaN
-77.5,161,NaN
-77.5,163,NaN
-77.5,165,3.515710449
-77.5,167,3.709649658
-77.5,169,3.892022705
-77.5,171,3.992547607
-77.5,173,4.016168213
-77.5,175,3.969812012
-77.5,177,3.889642334
-77.5,179,3.77477417
-77.5,181,3.63704834
-77.5,183,3.536004639
-77.5,185,3.40657959
-77.5,187,3.228479004
-77.5,189,3.029595947
-77.5,191,2.750482178
-77.5,193,2.418817139
-77.5,195,1.958032227
-77.5,197,1.239953613
-77.5,199,0.483392334
-77.5,201,-0.05020752
-77.5,203,-0.787268066
-77.5,205,NaN
-77.5,207,NaN
-77.5,209,NaN
-77.5,211,NaN
-77.5,213,NaN
-77.5,215,NaN
-77.5,217,NaN
-77.5,219,NaN
-77.5,221,NaN
-77.5,223,NaN
-77.5,225,NaN
-77.5,227,NaN
-77.5,229,NaN
-77.5,231,NaN
-77.5,233,NaN
-77.5,235,NaN
-77.5,237,NaN
-77.5,239,NaN
-77.5,241,NaN
-77.5,243,NaN
-77.5,245,NaN
-77.5,247,NaN
-77.5,249,NaN
-77.5,251,NaN
-77.5,253,NaN
-77.5,255,NaN
-77.5,257,NaN
-77.5,259,NaN
-77.5,261,NaN
-77.5,263,NaN
-77.5,265,NaN
-77.5,267,NaN
-77.5,269,NaN
-77.5,271,NaN
-77.5,273,NaN
-77.5,275,NaN
-77.5,277,NaN
-77.5,279,NaN
-77.5,281,NaN
-77.5,283,NaN
-77.5,285,NaN
-77.5,287,NaN
-77.5,289,NaN
-77.5,291,NaN
-77.5,293,NaN
-77.5,295,NaN
-77.5,297,NaN
-77.5,299,0.318078613
-77.5,301,-0.976751709
-77.5,303,-0.976751709
-77.5,305,-0.976751709
-77.5,307,-0.97635498
-77.5,309,-0.97635498
-77.5,311,-0.591375732
-77.5,313,-0.128210449
-77.5,315,0.251153564
-77.5,317,0.417657471
-77.5,319,0.343713379
-77.5,321,0.131585693
-77.5,323,-0.157141113
-77.5,325,-0.503546143
-77.5,327,-0.828100586
-77.5,329,NaN
-77.5,331,NaN
-77.5,333,NaN
-77.5,335,NaN
-77.5,337,NaN
-77.5,339,NaN
-77.5,341,NaN
-77.5,343,NaN
-77.5,345,NaN
-77.5,347,NaN
-77.5,349,NaN
-77.5,351,NaN
-77.5,353,NaN
-77.5,355,NaN
-77.5,357,NaN
-77.5,359,NaN
-76.5,1,NaN
-76.5,3,NaN
-76.5,5,NaN
-76.5,7,NaN
-76.5,9,NaN
-76.5,11,NaN
-76.5,13,NaN
-76.5,15,NaN
-76.5,17,NaN
-76.5,19,NaN
-76.5,21,NaN
-76.5,23,NaN
-76.5,25,NaN
-76.5,27,NaN
-76.5,29,NaN
-76.5,31,NaN
-76.5,33,NaN
-76.5,35,NaN
-76.5,37,NaN
-76.5,39,NaN
-76.5,41,NaN
-76.5,43,NaN
-76.5,45,NaN
-76.5,47,NaN
-76.5,49,NaN
-76.5,51,NaN
-76.5,53,NaN
-76.5,55,NaN
-76.5,57,NaN
-76.5,59,NaN
-76.5,61,NaN
-76.5,63,NaN
-76.5,65,NaN
-76.5,67,NaN
-76.5,69,NaN
-76.5,71,NaN
-76.5,73,NaN
-76.5,75,NaN
-76.5,77,NaN
-76.5,79,NaN
-76.5,81,NaN
-76.5,83,NaN
-76.5,85,NaN
-76.5,87,NaN
-76.5,89,NaN
-76.5,91,NaN
-76.5,93,NaN
-76.5,95,NaN
-76.5,97,NaN
-76.5,99,NaN
-76.5,101,NaN
-76.5,103,NaN
-76.5,105,NaN
-76.5,107,NaN
-76.5,109,NaN
-76.5,111,NaN
-76.5,113,NaN
-76.5,115,NaN
-76.5,117,NaN
-76.5,119,NaN
-76.5,121,NaN
-76.5,123,NaN
-76.5,125,NaN
-76.5,127,NaN
-76.5,129,NaN
-76.5,131,NaN
-76.5,133,NaN
-76.5,135,NaN
-76.5,137,NaN
-76.5,139,NaN
-76.5,141,NaN
-76.5,143,NaN
-76.5,145,NaN
-76.5,147,NaN
-76.5,149,NaN
-76.5,151,NaN
-76.5,153,NaN
-76.5,155,NaN
-76.5,157,NaN
-76.5,159,NaN
-76.5,161,NaN
-76.5,163,3.434197998
-76.5,165,3.399102783
-76.5,167,3.469506836
-76.5,169,3.615960693
-76.5,171,3.70736084
-76.5,173,3.739465332
-76.5,175,3.701257324
-76.5,177,3.604211426
-76.5,179,3.45369873
-76.5,181,3.315393066
-76.5,183,3.201226807
-76.5,185,3.040093994
-76.5,187,2.788537598
-76.5,189,2.453729248
-76.5,191,1.898095703
-76.5,193,1.049401855
-76.5,195,-0.019140625
-76.5,197,-0.693334961
-76.5,199,-0.793432617
-76.5,201,-0.825445557
-76.5,203,-0.84708252
-76.5,205,-0.85904541
-76.5,207,-0.869573975
-76.5,209,-0.879370117
-76.5,211,-0.881506348
-76.5,213,-0.880438232
-76.5,215,NaN
-76.5,217,NaN
-76.5,219,NaN
-76.5,221,NaN
-76.5,223,NaN
-76.5,225,NaN
-76.5,227,NaN
-76.5,229,NaN
-76.5,231,NaN
-76.5,233,NaN
-76.5,235,NaN
-76.5,237,NaN
-76.5,239,NaN
-76.5,241,NaN
-76.5,243,NaN
-76.5,245,NaN
-76.5,247,NaN
-76.5,249,NaN
-76.5,251,NaN
-76.5,253,NaN
-76.5,255,NaN
-76.5,257,NaN
-76.5,259,NaN
-76.5,261,NaN
-76.5,263,NaN
-76.5,265,NaN
-76.5,267,NaN
-76.5,269,NaN
-76.5,271,NaN
-76.5,273,NaN
-76.5,275,NaN
-76.5,277,NaN
-76.5,279,NaN
-76.5,281,NaN
-76.5,283,NaN
-76.5,285,NaN
-76.5,287,NaN
-76.5,289,NaN
-76.5,291,NaN
-76.5,293,NaN
-76.5,295,NaN
-76.5,297,NaN
-76.5,299,0.318078613
-76.5,301,0.318078613
-76.5,303,-0.958319092
-76.5,305,-0.958319092
-76.5,307,-0.976751709
-76.5,309,-0.9730896
-76.5,311,-0.957037354
-76.5,313,-0.904852295
-76.5,315,-0.862005615
-76.5,317,-0.855413818
-76.5,319,-0.858374023
-76.5,321,-0.87064209
-76.5,323,-0.89609375
-76.5,325,-0.916296387
-76.5,327,-0.906591797
-76.5,329,-0.898199463
-76.5,331,-0.889654541
-76.5,333,NaN
-76.5,335,NaN
-76.5,337,NaN
-76.5,339,NaN
-76.5,341,NaN
-76.5,343,NaN
-76.5,345,NaN
-76.5,347,NaN
-76.5,349,NaN
-76.5,351,NaN
-76.5,353,NaN
-76.5,355,NaN
-76.5,357,NaN
-76.5,359,NaN
-75.5,1,NaN
-75.5,3,NaN
-75.5,5,NaN
-75.5,7,NaN
-75.5,9,NaN
-75.5,11,NaN
-75.5,13,NaN
-75.5,15,NaN
-75.5,17,NaN
-75.5,19,NaN
-75.5,21,NaN
-75.5,23,NaN
-75.5,25,NaN
-75.5,27,NaN
-75.5,29,NaN
-75.5,31,NaN
-75.5,33,NaN
-75.5,35,NaN
-75.5,37,NaN
-75.5,39,NaN
-75.5,41,NaN
-75.5,43,NaN
-75.5,45,NaN
-75.5,47,NaN
-75.5,49,NaN
-75.5,51,NaN
-75.5,53,NaN
-75.5,55,NaN
-75.5,57,NaN
-75.5,59,NaN
-75.5,61,NaN
-75.5,63,NaN
-75.5,65,NaN
-75.5,67,NaN
-75.5,69,NaN
-75.5,71,NaN
-75.5,73,NaN
-75.5,75,NaN
-75.5,77,NaN
-75.5,79,NaN
-75.5,81,NaN
-75.5,83,NaN
-75.5,85,NaN
-75.5,87,NaN
-75.5,89,NaN
-75.5,91,NaN
-75.5,93,NaN
-75.5,95,NaN
-75.5,97,NaN
-75.5,99,NaN
-75.5,101,NaN
-75.5,103,NaN
-75.5,105,NaN
-75.5,107,NaN
-75.5,109,NaN
-75.5,111,NaN
-75.5,113,NaN
-75.5,115,NaN
-75.5,117,NaN
-75.5,119,NaN
-75.5,121,NaN
-75.5,123,NaN
-75.5,125,NaN
-75.5,127,NaN
-75.5,129,NaN
-75.5,131,NaN
-75.5,133,NaN
-75.5,135,NaN
-75.5,137,NaN
-75.5,139,NaN
-75.5,141,NaN
-75.5,143,NaN
-75.5,145,NaN
-75.5,147,NaN
-75.5,149,NaN
-75.5,151,NaN
-75.5,153,NaN
-75.5,155,NaN
-75.5,157,NaN
-75.5,159,NaN
-75.5,161,NaN
-75.5,163,NaN
-75.5,165,3.140466309
-75.5,167,3.335290527
-75.5,169,3.579187012
-75.5,171,3.638146973
-75.5,173,3.603570557
-75.5,175,3.495141602
-75.5,177,3.375390625
-75.5,179,3.249719238
-75.5,181,3.10894165
-75.5,183,2.961785889
-75.5,185,2.770135498
-75.5,187,2.455743408
-75.5,189,1.983087158
-75.5,191,1.022851563
-75.5,193,-0.137121582
-75.5,195,-0.718878174
-75.5,197,-0.833898926
-75.5,199,-0.839361572
-75.5,201,-0.840582275
-75.5,203,-0.840979004
-75.5,205,-0.840948486
-75.5,207,-0.844763184
-75.5,209,-0.851202393
-75.5,211,-0.860906982
-75.5,213,-0.866796875
-75.5,215,-0.86774292
-75.5,217,NaN
-75.5,219,NaN
-75.5,221,NaN
-75.5,223,NaN
-75.5,225,NaN
-75.5,227,NaN
-75.5,229,NaN
-75.5,231,NaN
-75.5,233,NaN
-75.5,235,NaN
-75.5,237,NaN
-75.5,239,NaN
-75.5,241,NaN
-75.5,243,NaN
-75.5,245,NaN
-75.5,247,NaN
-75.5,249,NaN
-75.5,251,NaN
-75.5,253,NaN
-75.5,255,NaN
-75.5,257,NaN
-75.5,259,NaN
-75.5,261,NaN
-75.5,263,NaN
-75.5,265,NaN
-75.5,267,NaN
-75.5,269,NaN
-75.5,271,NaN
-75.5,273,NaN
-75.5,275,NaN
-75.5,277,NaN
-75.5,279,NaN
-75.5,281,NaN
-75.5,283,NaN
-75.5,285,NaN
-75.5,287,NaN
-75.5,289,NaN
-75.5,291,NaN
-75.5,293,NaN
-75.5,295,NaN
-75.5,297,NaN
-75.5,299,0.585412598
-75.5,301,0.318078613
-75.5,303,-0.266851807
-75.5,305,-0.909307861
-75.5,307,-0.947332764
-75.5,309,-0.928747559
-75.5,311,-0.915991211
-75.5,313,-0.913153076
-75.5,315,-0.918615723
-75.5,317,-0.923834229
-75.5,319,-0.922918701
-75.5,321,-0.921148682
-75.5,323,-0.914343262
-75.5,325,-0.896704102
-75.5,327,-0.873205566
-75.5,329,-0.853460693
-75.5,331,-0.845495605
-75.5,333,-0.844641113
-75.5,335,NaN
-75.5,337,NaN
-75.5,339,NaN
-75.5,341,NaN
-75.5,343,NaN
-75.5,345,NaN
-75.5,347,NaN
-75.5,349,NaN
-75.5,351,NaN
-75.5,353,NaN
-75.5,355,NaN
-75.5,357,NaN
-75.5,359,NaN
-74.5,1,NaN
-74.5,3,NaN
-74.5,5,NaN
-74.5,7,NaN
-74.5,9,NaN
-74.5,11,NaN
-74.5,13,NaN
-74.5,15,NaN
-74.5,17,NaN
-74.5,19,NaN
-74.5,21,NaN
-74.5,23,NaN
-74.5,25,NaN
-74.5,27,NaN
-74.5,29,NaN
-74.5,31,NaN
-74.5,33,NaN
-74.5,35,NaN
-74.5,37,NaN
-74.5,39,NaN
-74.5,41,NaN
-74.5,43,NaN
-74.5,45,NaN
-74.5,47,NaN
-74.5,49,NaN
-74.5,51,NaN
-74.5,53,NaN
-74.5,55,NaN
-74.5,57,NaN
-74.5,59,NaN
-74.5,61,NaN
-74.5,63,NaN
-74.5,65,NaN
-74.5,67,NaN
-74.5,69,NaN
-74.5,71,NaN
-74.5,73,NaN
-74.5,75,NaN
-74.5,77,NaN
-74.5,79,NaN
-74.5,81,NaN
-74.5,83,NaN
-74.5,85,NaN
-74.5,87,NaN
-74.5,89,NaN
-74.5,91,NaN
-74.5,93,NaN
-74.5,95,NaN
-74.5,97,NaN
-74.5,99,NaN
-74.5,101,NaN
-74.5,103,NaN
-74.5,105,NaN
-74.5,107,NaN
-74.5,109,NaN
-74.5,111,NaN
-74.5,113,NaN
-74.5,115,NaN
-74.5,117,NaN
-74.5,119,NaN
-74.5,121,NaN
-74.5,123,NaN
-74.5,125,NaN
-74.5,127,NaN
-74.5,129,NaN
-74.5,131,NaN
-74.5,133,NaN
-74.5,135,NaN
-74.5,137,NaN
-74.5,139,NaN
-74.5,141,NaN
-74.5,143,NaN
-74.5,145,NaN
-74.5,147,NaN
-74.5,149,NaN
-74.5,151,NaN
-74.5,153,NaN
-74.5,155,NaN
-74.5,157,NaN
-74.5,159,NaN
-74.5,161,NaN
-74.5,163,NaN
-74.5,165,3.279626465
-74.5,167,3.491815186
-74.5,169,3.6078125
-74.5,171,3.522393799
-74.5,173,3.385217285
-74.5,175,3.230187988
-74.5,177,3.113793945
-74.5,179,2.999688721
-74.5,181,2.860864258
-74.5,183,2.721063232
-74.5,185,2.565545654
-74.5,187,2.292779541
-74.5,189,1.78649292
-74.5,191,0.616967773
-74.5,193,-0.464117432
-74.5,195,-0.773138428
-74.5,197,-0.85223999
-74.5,199,-0.849066162
-74.5,201,-0.846685791
-74.5,203,-0.845495605
-74.5,205,-0.844915771
-74.5,207,-0.843878174
-74.5,209,-0.84140625
-74.5,211,-0.837561035
-74.5,213,-0.827856445
-74.5,215,-0.814093018
-74.5,217,-0.759588623
-74.5,219,-0.577856445
-74.5,221,-0.333227539
-74.5,223,-0.14899292
-74.5,225,0.347772217
-74.5,227,0.583520508
-74.5,229,0.636560059
-74.5,231,NaN
-74.5,233,NaN
-74.5,235,NaN
-74.5,237,NaN
-74.5,239,NaN
-74.5,241,NaN
-74.5,243,NaN
-74.5,245,NaN
-74.5,247,NaN
-74.5,249,NaN
-74.5,251,NaN
-74.5,253,NaN
-74.5,255,NaN
-74.5,257,NaN
-74.5,259,NaN
-74.5,261,NaN
-74.5,263,NaN
-74.5,265,NaN
-74.5,267,NaN
-74.5,269,NaN
-74.5,271,NaN
-74.5,273,NaN
-74.5,275,NaN
-74.5,277,NaN
-74.5,279,NaN
-74.5,281,NaN
-74.5,283,NaN
-74.5,285,NaN
-74.5,287,NaN
-74.5,289,NaN
-74.5,291,NaN
-74.5,293,NaN
-74.5,295,NaN
-74.5,297,NaN
-74.5,299,0.048730469
-74.5,301,-0.471014404
-74.5,303,-0.854101562
-74.5,305,-0.911291504
-74.5,307,-0.91461792
-74.5,309,-0.911871338
-74.5,311,-0.909460449
-74.5,313,-0.910437012
-74.5,315,-0.914953613
-74.5,317,-0.919836426
-74.5,319,-0.830847168
-74.5,321,-0.54956665
-74.5,323,-0.074468994
-74.5,325,0.390527344
-74.5,327,0.698052979
-74.5,329,0.86461792
-74.5,331,0.86385498
-74.5,333,0.798181152
-74.5,335,0.964440918
-74.5,337,1.585443115
-74.5,339,NaN
-74.5,341,NaN
-74.5,343,NaN
-74.5,345,NaN
-74.5,347,NaN
-74.5,349,NaN
-74.5,351,NaN
-74.5,353,NaN
-74.5,355,NaN
-74.5,357,NaN
-74.5,359,NaN
-73.5,1,NaN
-73.5,3,NaN
-73.5,5,NaN
-73.5,7,NaN
-73.5,9,NaN
-73.5,11,NaN
-73.5,13,NaN
-73.5,15,NaN
-73.5,17,NaN
-73.5,19,NaN
-73.5,21,NaN
-73.5,23,NaN
-73.5,25,NaN
-73.5,27,NaN
-73.5,29,NaN
-73.5,31,NaN
-73.5,33,NaN
-73.5,35,NaN
-73.5,37,NaN
-73.5,39,NaN
-73.5,41,NaN
-73.5,43,NaN
-73.5,45,NaN
-73.5,47,NaN
-73.5,49,NaN
-73.5,51,NaN
-73.5,53,NaN
-73.5,55,NaN
-73.5,57,NaN
-73.5,59,NaN
-73.5,61,NaN
-73.5,63,NaN
-73.5,65,NaN
-73.5,67,NaN
-73.5,69,NaN
-73.5,71,NaN
-73.5,73,NaN
-73.5,75,NaN
-73.5,77,NaN
-73.5,79,NaN
-73.5,81,NaN
-73.5,83,NaN
-73.5,85,NaN
-73.5,87,NaN
-73.5,89,NaN
-73.5,91,NaN
-73.5,93,NaN
-73.5,95,NaN
-73.5,97,NaN
-73.5,99,NaN
-73.5,101,NaN
-73.5,103,NaN
-73.5,105,NaN
-73.5,107,NaN
-73.5,109,NaN
-73.5,111,NaN
-73.5,113,NaN
-73.5,115,NaN
-73.5,117,NaN
-73.5,119,NaN
-73.5,121,NaN
-73.5,123,NaN
-73.5,125,NaN
-73.5,127,NaN
-73.5,129,NaN
-73.5,131,NaN
-73.5,133,NaN
-73.5,135,NaN
-73.5,137,NaN
-73.5,139,NaN
-73.5,141,NaN
-73.5,143,NaN
-73.5,145,NaN
-73.5,147,NaN
-73.5,149,NaN
-73.5,151,NaN
-73.5,153,NaN
-73.5,155,NaN
-73.5,157,NaN
-73.5,159,NaN
-73.5,161,NaN
-73.5,163,NaN
-73.5,165,NaN
-73.5,167,NaN
-73.5,169,3.519708252
-73.5,171,3.290826416
-73.5,173,3.053033447
-73.5,175,2.878808594
-73.5,177,2.781976318
-73.5,179,2.694604492
-73.5,181,2.579400635
-73.5,183,2.471826172
-73.5,185,2.35994873
-73.5,187,2.194604492
-73.5,189,1.914849854
-73.5,191,1.11675415
-73.5,193,0.046044922
-73.5,195,-0.584875488
-73.5,197,-0.811529541
-73.5,199,-0.850744629
-73.5,201,-0.846350098
-73.5,203,-0.845098877
-73.5,205,-0.846411133
-73.5,207,-0.774176025
-73.5,209,-0.569433594
-73.5,211,-0.234350586
-73.5,213,0.290093994
-73.5,215,0.682946777
-73.5,217,0.802178955
-73.5,219,0.888543701
-73.5,221,0.996057129
-73.5,223,1.124902344
-73.5,225,1.309259033
-73.5,227,1.506799316
-73.5,229,1.736657715
-73.5,231,1.963189697
-73.5,233,2.113580322
-73.5,235,2.311730957
-73.5,237,2.312249756
-73.5,239,2.311456299
-73.5,241,2.340661621
-73.5,243,2.325341797
-73.5,245,2.349420166
-73.5,247,2.408227539
-73.5,249,2.482141113
-73.5,251,2.649621582
-73.5,253,2.887628174
-73.5,255,3.042138672
-73.5,257,2.967919922
-73.5,259,NaN
-73.5,261,NaN
-73.5,263,NaN
-73.5,265,NaN
-73.5,267,NaN
-73.5,269,NaN
-73.5,271,NaN
-73.5,273,NaN
-73.5,275,NaN
-73.5,277,NaN
-73.5,279,NaN
-73.5,281,NaN
-73.5,283,NaN
-73.5,285,NaN
-73.5,287,NaN
-73.5,289,NaN
-73.5,291,NaN
-73.5,293,NaN
-73.5,295,NaN
-73.5,297,NaN
-73.5,299,-0.840551758
-73.5,301,-0.858587646
-73.5,303,-0.862432861
-73.5,305,-0.872351074
-73.5,307,-0.881384277
-73.5,309,-0.888952637
-73.5,311,-0.898718262
-73.5,313,-0.914251709
-73.5,315,-0.847631836
-73.5,317,-0.587316895
-73.5,319,-0.104742432
-73.5,321,0.455072021
-73.5,323,0.911126709
-73.5,325,1.229425049
-73.5,327,1.448358154
-73.5,329,1.601098633
-73.5,331,1.726831055
-73.5,333,1.902337646
-73.5,335,2.184411621
-73.5,337,2.549005127
-73.5,339,2.822076416
-73.5,341,3.054833984
-73.5,343,NaN
-73.5,345,NaN
-73.5,347,NaN
-73.5,349,NaN
-73.5,351,NaN
-73.5,353,NaN
-73.5,355,NaN
-73.5,357,NaN
-73.5,359,NaN
-72.5,1,NaN
-72.5,3,NaN
-72.5,5,NaN
-72.5,7,NaN
-72.5,9,NaN
-72.5,11,NaN
-72.5,13,NaN
-72.5,15,NaN
-72.5,17,NaN
-72.5,19,NaN
-72.5,21,NaN
-72.5,23,NaN
-72.5,25,NaN
-72.5,27,NaN
-72.5,29,NaN
-72.5,31,NaN
-72.5,33,NaN
-72.5,35,NaN
-72.5,37,NaN
-72.5,39,NaN
-72.5,41,NaN
-72.5,43,NaN
-72.5,45,NaN
-72.5,47,NaN
-72.5,49,NaN
-72.5,51,NaN
-72.5,53,NaN
-72.5,55,NaN
-72.5,57,NaN
-72.5,59,NaN
-72.5,61,NaN
-72.5,63,NaN
-72.5,65,NaN
-72.5,67,NaN
-72.5,69,NaN
-72.5,71,NaN
-72.5,73,NaN
-72.5,75,NaN
-72.5,77,NaN
-72.5,79,NaN
-72.5,81,NaN
-72.5,83,NaN
-72.5,85,NaN
-72.5,87,NaN
-72.5,89,NaN
-72.5,91,NaN
-72.5,93,NaN
-72.5,95,NaN
-72.5,97,NaN
-72.5,99,NaN
-72.5,101,NaN
-72.5,103,NaN
-72.5,105,NaN
-72.5,107,NaN
-72.5,109,NaN
-72.5,111,NaN
-72.5,113,NaN
-72.5,115,NaN
-72.5,117,NaN
-72.5,119,NaN
-72.5,121,NaN
-72.5,123,NaN
-72.5,125,NaN
-72.5,127,NaN
-72.5,129,NaN
-72.5,131,NaN
-72.5,133,NaN
-72.5,135,NaN
-72.5,137,NaN
-72.5,139,NaN
-72.5,141,NaN
-72.5,143,NaN
-72.5,145,NaN
-72.5,147,NaN
-72.5,149,NaN
-72.5,151,NaN
-72.5,153,NaN
-72.5,155,NaN
-72.5,157,NaN
-72.5,159,NaN
-72.5,161,NaN
-72.5,163,NaN
-72.5,165,NaN
-72.5,167,NaN
-72.5,169,3.406945801
-72.5,171,2.905389404
-72.5,173,2.753320313
-72.5,175,2.515008545
-72.5,177,2.420831299
-72.5,179,2.317559814
-72.5,181,2.17699585
-72.5,183,2.047235107
-72.5,185,1.937524414
-72.5,187,1.834222412
-72.5,189,1.736108398
-72.5,191,1.480645752
-72.5,193,0.954187012
-72.5,195,0.091760254
-72.5,197,-0.58145752
-72.5,199,-0.754705811
-72.5,201,-0.793615723
-72.5,203,-0.766546631
-72.5,205,-0.482946777
-72.5,207,0.104943848
-72.5,209,0.794824219
-72.5,211,1.307366943
-72.5,213,1.549768066
-72.5,215,1.652825928
-72.5,217,1.66729126
-72.5,219,1.694268799
-72.5,221,1.730126953
-72.5,223,1.74364624
-72.5,225,1.734979248
-72.5,227,1.726739502
-72.5,229,1.752282715
-72.5,231,1.789941406
-72.5,233,1.823480225
-72.5,235,1.827539063
-72.5,237,1.850671387
-72.5,239,1.941766357
-72.5,241,2.028588867
-72.5,243,2.070916748
-72.5,245,2.077050781
-72.5,247,2.079492188
-72.5,249,2.100244141
-72.5,251,2.199334717
-72.5,253,2.463983154
-72.5,255,2.729058838
-72.5,257,2.820153809
-72.5,259,NaN
-72.5,261,NaN
-72.5,263,NaN
-72.5,265,NaN
-72.5,267,NaN
-72.5,269,NaN
-72.5,271,NaN
-72.5,273,NaN
-72.5,275,NaN
-72.5,277,NaN
-72.5,279,NaN
-72.5,281,NaN
-72.5,283,NaN
-72.5,285,NaN
-72.5,287,NaN
-72.5,289,NaN
-72.5,291,NaN
-72.5,293,NaN
-72.5,295,NaN
-72.5,297,NaN
-72.5,299,-0.857641602
-72.5,301,-0.855932617
-72.5,303,-0.855047607
-72.5,305,-0.859014893
-72.5,307,-0.865606689
-72.5,309,-0.875769043
-72.5,311,-0.856329346
-72.5,313,-0.658300781
-72.5,315,-0.209783936
-72.5,317,0.328820801
-72.5,319,0.843255615
-72.5,321,1.241662598
-72.5,323,1.523187256
-72.5,325,1.748376465
-72.5,327,1.952478027
-72.5,329,2.161431885
-72.5,331,2.356469727
-72.5,333,2.560968018
-72.5,335,2.800408936
-72.5,337,3.077233887
-72.5,339,3.428399658
-72.5,341,3.803948975
-72.5,343,3.879846191
-72.5,345,NaN
-72.5,347,NaN
-72.5,349,NaN
-72.5,351,NaN
-72.5,353,NaN
-72.5,355,NaN
-72.5,357,NaN
-72.5,359,NaN
-71.5,1,NaN
-71.5,3,NaN
-71.5,5,NaN
-71.5,7,NaN
-71.5,9,NaN
-71.5,11,NaN
-71.5,13,NaN
-71.5,15,NaN
-71.5,17,NaN
-71.5,19,NaN
-71.5,21,NaN
-71.5,23,NaN
-71.5,25,NaN
-71.5,27,NaN
-71.5,29,NaN
-71.5,31,NaN
-71.5,33,NaN
-71.5,35,NaN
-71.5,37,NaN
-71.5,39,NaN
-71.5,41,NaN
-71.5,43,NaN
-71.5,45,NaN
-71.5,47,NaN
-71.5,49,NaN
-71.5,51,NaN
-71.5,53,NaN
-71.5,55,NaN
-71.5,57,NaN
-71.5,59,NaN
-71.5,61,NaN
-71.5,63,NaN
-71.5,65,NaN
-71.5,67,NaN
-71.5,69,NaN
-71.5,71,NaN
-71.5,73,NaN
-71.5,75,NaN
-71.5,77,NaN
-71.5,79,NaN
-71.5,81,NaN
-71.5,83,NaN
-71.5,85,NaN
-71.5,87,NaN
-71.5,89,NaN
-71.5,91,NaN
-71.5,93,NaN
-71.5,95,NaN
-71.5,97,NaN
-71.5,99,NaN
-71.5,101,NaN
-71.5,103,NaN
-71.5,105,NaN
-71.5,107,NaN
-71.5,109,NaN
-71.5,111,NaN
-71.5,113,NaN
-71.5,115,NaN
-71.5,117,NaN
-71.5,119,NaN
-71.5,121,NaN
-71.5,123,NaN
-71.5,125,NaN
-71.5,127,NaN
-71.5,129,NaN
-71.5,131,NaN
-71.5,133,NaN
-71.5,135,NaN
-71.5,137,NaN
-71.5,139,NaN
-71.5,141,NaN
-71.5,143,NaN
-71.5,145,NaN
-71.5,147,NaN
-71.5,149,NaN
-71.5,151,NaN
-71.5,153,NaN
-71.5,155,NaN
-71.5,157,NaN
-71.5,159,NaN
-71.5,161,NaN
-71.5,163,NaN
-71.5,165,NaN
-71.5,167,NaN
-71.5,169,NaN
-71.5,171,2.380517578
-71.5,173,2.270257568
-71.5,175,2.130212402
-71.5,177,2.013269043
-71.5,179,1.825372314
-71.5,181,1.567773438
-71.5,183,1.332788086
-71.5,185,1.155908203
-71.5,187,1.003991699
-71.5,189,0.936517334
-71.5,191,0.885186768
-71.5,193,0.801843262
-71.5,195,0.453485107
-71.5,197,-0.0355896
-71.5,199,-0.204779053
-71.5,201,-0.020422363
-71.5,203,0.481866455
-71.5,205,1.048608398
-71.5,207,1.454492188
-71.5,209,1.692254639
-71.5,211,1.847955322
-71.5,213,1.938470459
-71.5,215,1.939324951
-71.5,217,1.900964355
-71.5,219,1.86385498
-71.5,221,1.841912842
-71.5,223,1.836236572
-71.5,225,1.820489502
-71.5,227,1.779748535
-71.5,229,1.743554688
-71.5,231,1.728814697
-71.5,233,1.721887207
-71.5,235,1.718865967
-71.5,237,1.761071777
-71.5,239,1.846429443
-71.5,241,1.904718018
-71.5,243,1.927941895
-71.5,245,1.935266113
-71.5,247,1.929284668
-71.5,249,1.918969727
-71.5,251,1.964898682
-71.5,253,2.142724609
-71.5,255,2.337487793
-71.5,257,2.435449219
-71.5,259,2.492028809
-71.5,261,2.488641357
-71.5,263,2.464440918
-71.5,265,2.488000488
-71.5,267,2.556268311
-71.5,269,2.647424316
-71.5,271,2.717828369
-71.5,273,2.799676514
-71.5,275,2.942376709
-71.5,277,3.104150391
-71.5,279,3.298730469
-71.5,281,3.553613281
-71.5,283,3.898126221
-71.5,285,4.139398193
-71.5,287,NaN
-71.5,289,NaN
-71.5,291,NaN
-71.5,293,NaN
-71.5,295,NaN
-71.5,297,NaN
-71.5,299,-0.856115723
-71.5,301,-0.852972412
-71.5,303,-0.850805664
-71.5,305,-0.852819824
-71.5,307,-0.857061768
-71.5,309,-0.870275879
-71.5,311,-0.591589355
-71.5,313,-0.105413818
-71.5,315,0.505700684
-71.5,317,1.122094727
-71.5,319,1.52300415
-71.5,321,1.818933105
-71.5,323,2.05489502
-71.5,325,2.311608887
-71.5,327,2.564080811
-71.5,329,2.785150146
-71.5,331,2.948907471
-71.5,333,3.097711182
-71.5,335,3.26027832
-71.5,337,3.426599121
-71.5,339,3.606652832
-71.5,341,3.71026001
-71.5,343,3.524560547
-71.5,345,3.375177002
-71.5,347,3.472375488
-71.5,349,3.570916748
-71.5,351,NaN
-71.5,353,NaN
-71.5,355,NaN
-71.5,357,NaN
-71.5,359,NaN
-70.5,1,3.660119629
-70.5,3,3.642053223
-70.5,5,3.591851807
-70.5,7,3.493280029
-70.5,9,3.431634521
-70.5,11,3.431573486
-70.5,13,3.414300537
-70.5,15,3.457299805
-70.5,17,3.521142578
-70.5,19,3.660150146
-70.5,21,3.790765381
-70.5,23,3.990197754
-70.5,25,4.076806641
-70.5,27,4.159875488
-70.5,29,NaN
-70.5,31,NaN
-70.5,33,NaN
-70.5,35,NaN
-70.5,37,NaN
-70.5,39,NaN
-70.5,41,NaN
-70.5,43,NaN
-70.5,45,NaN
-70.5,47,NaN
-70.5,49,NaN
-70.5,51,NaN
-70.5,53,NaN
-70.5,55,NaN
-70.5,57,NaN
-70.5,59,NaN
-70.5,61,NaN
-70.5,63,NaN
-70.5,65,NaN
-70.5,67,NaN
-70.5,69,NaN
-70.5,71,NaN
-70.5,73,NaN
-70.5,75,NaN
-70.5,77,NaN
-70.5,79,NaN
-70.5,81,NaN
-70.5,83,NaN
-70.5,85,NaN
-70.5,87,NaN
-70.5,89,NaN
-70.5,91,NaN
-70.5,93,NaN
-70.5,95,NaN
-70.5,97,NaN
-70.5,99,NaN
-70.5,101,NaN
-70.5,103,NaN
-70.5,105,NaN
-70.5,107,NaN
-70.5,109,NaN
-70.5,111,NaN
-70.5,113,NaN
-70.5,115,NaN
-70.5,117,NaN
-70.5,119,NaN
-70.5,121,NaN
-70.5,123,NaN
-70.5,125,NaN
-70.5,127,NaN
-70.5,129,NaN
-70.5,131,NaN
-70.5,133,NaN
-70.5,135,NaN
-70.5,137,NaN
-70.5,139,NaN
-70.5,141,NaN
-70.5,143,NaN
-70.5,145,NaN
-70.5,147,NaN
-70.5,149,NaN
-70.5,151,NaN
-70.5,153,NaN
-70.5,155,NaN
-70.5,157,NaN
-70.5,159,NaN
-70.5,161,NaN
-70.5,163,2.509515381
-70.5,165,2.273858643
-70.5,167,2.145318604
-70.5,169,2.036981201
-70.5,171,1.899346924
-70.5,173,1.849725342
-70.5,175,1.796228027
-70.5,177,1.604058838
-70.5,179,1.275018311
-70.5,181,0.807794189
-70.5,183,0.43581543
-70.5,185,0.369805908
-70.5,187,0.404168701
-70.5,189,0.442468262
-70.5,191,0.479486084
-70.5,193,0.53572998
-70.5,195,0.627740479
-70.5,197,0.733911133
-70.5,199,0.883721924
-70.5,201,1.100946045
-70.5,203,1.375482178
-70.5,205,1.608209229
-70.5,207,1.765130615
-70.5,209,1.920129395
-70.5,211,2.04430542
-70.5,213,2.105126953
-70.5,215,2.124169922
-70.5,217,2.116876221
-70.5,219,2.087609863
-70.5,221,2.054162598
-70.5,223,2.014764404
-70.5,225,1.987939453
-70.5,227,1.978479004
-70.5,229,1.964013672
-70.5,231,1.9543396
-70.5,233,1.952233887
-70.5,235,1.957269287
-70.5,237,1.974053955
-70.5,239,2.003991699
-70.5,241,2.02779541
-70.5,243,2.042260742
-70.5,245,2.033380127
-70.5,247,1.997674561
-70.5,249,1.938989258
-70.5,251,1.91036377
-70.5,253,1.964044189
-70.5,255,2.05010376
-70.5,257,2.130029297
-70.5,259,2.201348877
-70.5,261,2.259179688
-70.5,263,2.304406738
-70.5,265,2.36272583
-70.5,267,2.464074707
-70.5,269,2.601312256
-70.5,271,2.757806396
-70.5,273,2.930383301
-70.5,275,3.102532959
-70.5,277,3.252832031
-70.5,279,3.420556641
-70.5,281,3.614709473
-70.5,283,3.881738281
-70.5,285,4.053735352
-70.5,287,NaN
-70.5,289,NaN
-70.5,291,NaN
-70.5,293,NaN
-70.5,295,NaN
-70.5,297,NaN
-70.5,299,-0.851599121
-70.5,301,-0.850164795
-70.5,303,-0.849249268
-70.5,305,-0.850866699
-70.5,307,-0.854223633
-70.5,309,-0.842565918
-70.5,311,-0.495977783
-70.5,313,0.202142334
-70.5,315,0.868798828
-70.5,317,1.31987915
-70.5,319,1.619165039
-70.5,321,1.89776001
-70.5,323,2.176782227
-70.5,325,2.429193115
-70.5,327,2.623895264
-70.5,329,2.780023193
-70.5,331,2.868096924
-70.5,333,2.913079834
-70.5,335,2.977746582
-70.5,337,3.043450928
-70.5,339,3.082025146
-70.5,341,3.094476318
-70.5,343,3.143395996
-70.5,345,3.249871826
-70.5,347,3.447686768
-70.5,349,3.590356445
-70.5,351,3.510491943
-70.5,353,3.392541504
-70.5,355,3.446832275
-70.5,357,3.546136475
-70.5,359,3.63414917
-69.5,1,3.60994873
-69.5,3,3.627008057
-69.5,5,3.541986084
-69.5,7,3.455194092
-69.5,9,3.427789307
-69.5,11,3.419396973
-69.5,13,3.430047607
-69.5,15,3.482537842
-69.5,17,3.585626221
-69.5,19,3.720697021
-69.5,21,3.892114258
-69.5,23,4.039605713
-69.5,25,4.12053833
-69.5,27,4.179864502
-69.5,29,4.194360352
-69.5,31,NaN
-69.5,33,NaN
-69.5,35,NaN
-69.5,37,NaN
-69.5,39,NaN
-69.5,41,NaN
-69.5,43,NaN
-69.5,45,NaN
-69.5,47,NaN
-69.5,49,NaN
-69.5,51,NaN
-69.5,53,NaN
-69.5,55,NaN
-69.5,57,NaN
-69.5,59,NaN
-69.5,61,NaN
-69.5,63,NaN
-69.5,65,NaN
-69.5,67,NaN
-69.5,69,NaN
-69.5,71,NaN
-69.5,73,NaN
-69.5,75,NaN
-69.5,77,NaN
-69.5,79,NaN
-69.5,81,NaN
-69.5,83,NaN
-69.5,85,NaN
-69.5,87,NaN
-69.5,89,NaN
-69.5,91,NaN
-69.5,93,NaN
-69.5,95,NaN
-69.5,97,NaN
-69.5,99,NaN
-69.5,101,NaN
-69.5,103,NaN
-69.5,105,NaN
-69.5,107,NaN
-69.5,109,NaN
-69.5,111,NaN
-69.5,113,NaN
-69.5,115,NaN
-69.5,117,NaN
-69.5,119,NaN
-69.5,121,NaN
-69.5,123,NaN
-69.5,125,NaN
-69.5,127,NaN
-69.5,129,NaN
-69.5,131,NaN
-69.5,133,NaN
-69.5,135,NaN
-69.5,137,NaN
-69.5,139,NaN
-69.5,141,NaN
-69.5,143,NaN
-69.5,145,NaN
-69.5,147,NaN
-69.5,149,NaN
-69.5,151,NaN
-69.5,153,NaN
-69.5,155,NaN
-69.5,157,NaN
-69.5,159,NaN
-69.5,161,2.381158447
-69.5,163,2.191400146
-69.5,165,2.008905029
-69.5,167,1.850762939
-69.5,169,1.764672852
-69.5,171,1.708276367
-69.5,173,1.649957275
-69.5,175,1.444360352
-69.5,177,0.816674805
-69.5,179,0.24932251
-69.5,181,0.148400879
-69.5,183,0.301782227
-69.5,185,0.545892334
-69.5,187,0.74630127
-69.5,189,0.919671631
-69.5,191,1.083978271
-69.5,193,1.255700684
-69.5,195,1.430383301
-69.5,197,1.597924805
-69.5,199,1.747918701
-69.5,201,1.878900146
-69.5,203,2.003289795
-69.5,205,2.083306885
-69.5,207,2.152429199
-69.5,209,2.265283203
-69.5,211,2.354852295
-69.5,213,2.399133301
-69.5,215,2.426660156
-69.5,217,2.446466064
-69.5,219,2.447473145
-69.5,221,2.420739746
-69.5,223,2.376885986
-69.5,225,2.357049561
-69.5,227,2.355187988
-69.5,229,2.350366211
-69.5,231,2.339379883
-69.5,233,2.322412109
-69.5,235,2.284997559
-69.5,237,2.203179932
-69.5,239,2.098718262
-69.5,241,2.011590576
-69.5,243,1.96920166
-69.5,245,1.948449707
-69.5,247,1.933496094
-69.5,249,1.889428711
-69.5,251,1.84887085
-69.5,253,1.872735596
-69.5,255,1.934625244
-69.5,257,2.021508789
-69.5,259,2.128594971
-69.5,261,2.239251709
-69.5,263,2.325524902
-69.5,265,2.392053223
-69.5,267,2.471398926
-69.5,269,2.575341797
-69.5,271,2.717706299
-69.5,273,2.908135986
-69.5,275,3.092492676
-69.5,277,3.238671875
-69.5,279,3.395715332
-69.5,281,3.582086182
-69.5,283,3.842431641
-69.5,285,4.154412842
-69.5,287,4.304223633
-69.5,289,NaN
-69.5,291,NaN
-69.5,293,NaN
-69.5,295,NaN
-69.5,297,NaN
-69.5,299,-0.848272705
-69.5,301,-0.847387695
-69.5,303,-0.847784424
-69.5,305,-0.849707031
-69.5,307,-0.856512451
-69.5,309,-0.628424072
-69.5,311,-0.046179199
-69.5,313,0.632409668
-69.5,315,1.19588623
-69.5,317,1.533044434
-69.5,319,1.791619873
-69.5,321,2.07833252
-69.5,323,2.318017578
-69.5,325,2.489007568
-69.5,327,2.622338867
-69.5,329,2.754144287
-69.5,331,2.829797363
-69.5,333,2.861871338
-69.5,335,2.913781738
-69.5,337,2.956964111
-69.5,339,2.960595703
-69.5,341,2.969171143
-69.5,343,3.086083984
-69.5,345,3.225183105
-69.5,347,3.352258301
-69.5,349,3.362329102
-69.5,351,3.159448242
-69.5,353,3.098443604
-69.5,355,3.203881836
-69.5,357,3.321862793
-69.5,359,3.47890625
-68.5,1,3.333947754
-68.5,3,3.376885986
-68.5,5,3.370996094
-68.5,7,3.346154785
-68.5,9,3.361505127
-68.5,11,3.405633545
-68.5,13,3.452844238
-68.5,15,3.499993896
-68.5,17,3.574060059
-68.5,19,3.675683594
-68.5,21,3.804559326
-68.5,23,3.916833496
-68.5,25,4.005731201
-68.5,27,4.162866211
-68.5,29,4.367883301
-68.5,31,4.477349854
-68.5,33,4.499627686
-68.5,35,4.48684082
-68.5,37,4.539331055
-68.5,39,5.002740479
-68.5,41,5.826959229
-68.5,43,NaN
-68.5,45,NaN
-68.5,47,NaN
-68.5,49,NaN
-68.5,51,NaN
-68.5,53,NaN
-68.5,55,NaN
-68.5,57,NaN
-68.5,59,NaN
-68.5,61,NaN
-68.5,63,NaN
-68.5,65,NaN
-68.5,67,NaN
-68.5,69,4.783166504
-68.5,71,4.916589355
-68.5,73,5.048394775
-68.5,75,5.124597168
-68.5,77,5.100823975
-68.5,79,4.726098633
-68.5,81,NaN
-68.5,83,NaN
-68.5,85,NaN
-68.5,87,NaN
-68.5,89,NaN
-68.5,91,NaN
-68.5,93,NaN
-68.5,95,NaN
-68.5,97,NaN
-68.5,99,NaN
-68.5,101,NaN
-68.5,103,NaN
-68.5,105,NaN
-68.5,107,NaN
-68.5,109,NaN
-68.5,111,NaN
-68.5,113,NaN
-68.5,115,NaN
-68.5,117,NaN
-68.5,119,NaN
-68.5,121,NaN
-68.5,123,NaN
-68.5,125,NaN
-68.5,127,NaN
-68.5,129,NaN
-68.5,131,NaN
-68.5,133,NaN
-68.5,135,NaN
-68.5,137,NaN
-68.5,139,NaN
-68.5,141,NaN
-68.5,143,NaN
-68.5,145,NaN
-68.5,147,NaN
-68.5,149,NaN
-68.5,151,1.430291748
-68.5,153,2.067987061
-68.5,155,1.833306885
-68.5,157,1.886682129
-68.5,159,2.165673828
-68.5,161,2.024163818
-68.5,163,1.816644287
-68.5,165,1.679406738
-68.5,167,1.637567139
-68.5,169,1.722741699
-68.5,171,1.834802246
-68.5,173,1.860070801
-68.5,175,1.724908447
-68.5,177,1.370629883
-68.5,179,1.13326416
-68.5,181,1.181787109
-68.5,183,1.31472168
-68.5,185,1.468133545
-68.5,187,1.654626465
-68.5,189,1.828485107
-68.5,191,1.947808838
-68.5,193,2.05413208
-68.5,195,2.172052002
-68.5,197,2.292504883
-68.5,199,2.384057617
-68.5,201,2.455194092
-68.5,203,2.511773682
-68.5,205,2.536584473
-68.5,207,2.567285156
-68.5,209,2.624688721
-68.5,211,2.674432373
-68.5,213,2.712548828
-68.5,215,2.736077881
-68.5,217,2.749291992
-68.5,219,2.760369873
-68.5,221,2.761468506
-68.5,223,2.752038574
-68.5,225,2.743188477
-68.5,227,2.747613525
-68.5,229,2.761773682
-68.5,231,2.773065186
-68.5,233,2.767266846
-68.5,235,2.714807129
-68.5,237,2.594781494
-68.5,239,2.414910889
-68.5,241,2.228143311
-68.5,243,2.089044189
-68.5,245,2.006768799
-68.5,247,1.9855896
-68.5,249,1.953637695
-68.5,251,1.918572998
-68.5,253,1.9487854
-68.5,255,2.017419434
-68.5,257,2.095727539
-68.5,259,2.209619141
-68.5,261,2.364770508
-68.5,263,2.49654541
-68.5,265,2.578973389
-68.5,267,2.640710449
-68.5,269,2.715600586
-68.5,271,2.828820801
-68.5,273,2.978845215
-68.5,275,3.126153564
-68.5,277,3.256921387
-68.5,279,3.37722168
-68.5,281,3.477532959
-68.5,283,3.604425049
-68.5,285,3.870751953
-68.5,287,4.2824646
-68.5,289,4.481378174
-68.5,291,4.450219727
-68.5,293,4.450219727
-68.5,295,NaN
-68.5,297,-0.845098877
-68.5,299,-0.843664551
-68.5,301,-0.844549561
-68.5,303,-0.846014404
-68.5,305,-0.84821167
-68.5,307,-0.857855225
-68.5,309,-0.604162598
-68.5,311,0.197198486
-68.5,313,0.952813721
-68.5,315,1.363671875
-68.5,317,1.643273926
-68.5,319,1.844689941
-68.5,321,2.053582764
-68.5,323,2.244500732
-68.5,325,2.409997559
-68.5,327,2.557427979
-68.5,329,2.692956543
-68.5,331,2.772058105
-68.5,333,2.830926514
-68.5,335,2.916009521
-68.5,337,2.982476807
-68.5,339,2.978173828
-68.5,341,2.949090576
-68.5,343,2.984643555
-68.5,345,3.034844971
-68.5,347,3.072290039
-68.5,349,3.056756592
-68.5,351,2.965783691
-68.5,353,2.977105713
-68.5,355,3.064935303
-68.5,357,3.15267334
-68.5,359,3.254754639
-67.5,1,3.266168213
-67.5,3,3.348718262
-67.5,5,3.387078857
-67.5,7,3.416436768
-67.5,9,3.482965088
-67.5,11,3.556359863
-67.5,13,3.601647949
-67.5,15,3.633599854
-67.5,17,3.673394775
-67.5,19,3.734613037
-67.5,21,3.816796875
-67.5,23,3.885766602
-67.5,25,3.959954834
-67.5,27,4.077355957
-67.5,29,4.218164063
-67.5,31,4.373925781
-67.5,33,4.526971436
-67.5,35,4.639855957
-67.5,37,4.764916992
-67.5,39,5.048059082
-67.5,41,5.209527588
-67.5,43,4.734277344
-67.5,45,3.82467041
-67.5,47,3.691644287
-67.5,49,NaN
-67.5,51,NaN
-67.5,53,NaN
-67.5,55,NaN
-67.5,57,NaN
-67.5,59,NaN
-67.5,61,2.85769043
-67.5,63,2.909173584
-67.5,65,3.149713135
-67.5,67,3.543908691
-67.5,69,4.249200439
-67.5,71,4.617486572
-67.5,73,5.010705566
-67.5,75,5.283563232
-67.5,77,4.856378174
-67.5,79,4.224694824
-67.5,81,3.965386963
-67.5,83,3.83840332
-67.5,85,NaN
-67.5,87,NaN
-67.5,89,NaN
-67.5,91,NaN
-67.5,93,NaN
-67.5,95,NaN
-67.5,97,NaN
-67.5,99,NaN
-67.5,101,NaN
-67.5,103,NaN
-67.5,105,NaN
-67.5,107,NaN
-67.5,109,NaN
-67.5,111,NaN
-67.5,113,NaN
-67.5,115,NaN
-67.5,117,NaN
-67.5,119,NaN
-67.5,121,NaN
-67.5,123,NaN
-67.5,125,NaN
-67.5,127,NaN
-67.5,129,NaN
-67.5,131,NaN
-67.5,133,NaN
-67.5,135,NaN
-67.5,137,NaN
-67.5,139,NaN
-67.5,141,NaN
-67.5,143,NaN
-67.5,145,-0.286749268
-67.5,147,0.087945557
-67.5,149,1.076715088
-67.5,151,1.838647461
-67.5,153,2.239465332
-67.5,155,2.384393311
-67.5,157,2.321130371
-67.5,159,2.201257324
-67.5,161,2.038812256
-67.5,163,1.962579346
-67.5,165,2.023095703
-67.5,167,2.156610107
-67.5,169,2.399285889
-67.5,171,2.715875244
-67.5,173,2.940179443
-67.5,175,3.063623047
-67.5,177,3.093835449
-67.5,179,3.086053467
-67.5,181,3.065270996
-67.5,183,3.011102295
-67.5,185,2.924554443
-67.5,187,2.839715576
-67.5,189,2.787957764
-67.5,191,2.779779053
-67.5,193,2.798669434
-67.5,195,2.845178223
-67.5,197,2.922784424
-67.5,199,3.009301758
-67.5,201,3.100366211
-67.5,203,3.167840576
-67.5,205,3.178979492
-67.5,207,3.169274902
-67.5,209,3.145684814
-67.5,211,3.122369385
-67.5,213,3.130151367
-67.5,215,3.142358398
-67.5,217,3.130151367
-67.5,219,3.113092041
-67.5,221,3.099664307
-67.5,223,3.100946045
-67.5,225,3.10769043
-67.5,227,3.131860352
-67.5,229,3.174615479
-67.5,231,3.205285645
-67.5,233,3.21151123
-67.5,235,3.144128418
-67.5,237,3.051934814
-67.5,239,2.919091797
-67.5,241,2.734063721
-67.5,243,2.556420898
-67.5,245,2.363458252
-67.5,247,2.23671875
-67.5,249,2.165979004
-67.5,251,2.129052734
-67.5,253,2.148675537
-67.5,255,2.196954346
-67.5,257,2.246728516
-67.5,259,2.339807129
-67.5,261,2.505975342
-67.5,263,2.664727783
-67.5,265,2.768640137
-67.5,267,2.823419189
-67.5,269,2.873071289
-67.5,271,2.957940674
-67.5,273,3.094873047
-67.5,275,3.261895752
-67.5,277,3.424432373
-67.5,279,3.542932129
-67.5,281,3.601617432
-67.5,283,3.631707764
-67.5,285,3.708154297
-67.5,287,3.900292969
-67.5,289,4.205041504
-67.5,291,4.389764404
-67.5,293,4.746911621
-67.5,295,NaN
-67.5,297,-0.837103271
-67.5,299,-0.838964844
-67.5,301,-0.839361572
-67.5,303,-0.842260742
-67.5,305,-0.845739746
-67.5,307,-0.856329346
-67.5,309,-0.677557373
-67.5,311,0.155541992
-67.5,313,0.984460449
-67.5,315,1.359979248
-67.5,317,1.605249023
-67.5,319,1.731744385
-67.5,321,1.859613037
-67.5,323,2.005609131
-67.5,325,2.180810547
-67.5,327,2.363793945
-67.5,329,2.538323975
-67.5,331,2.650262451
-67.5,333,2.746209717
-67.5,335,2.895928955
-67.5,337,3.028222656
-67.5,339,3.061120605
-67.5,341,3.041467285
-67.5,343,3.021844482
-67.5,345,2.999902344
-67.5,347,2.966607666
-67.5,349,2.937310791
-67.5,351,2.942376709
-67.5,353,2.965356445
-67.5,355,2.993829346
-67.5,357,3.058648682
-67.5,359,3.158288574
-66.5,1,3.335870361
-66.5,3,3.403039551
-66.5,5,3.422723389
-66.5,7,3.426904297
-66.5,9,3.451654053
-66.5,11,3.47109375
-66.5,13,3.49074707
-66.5,15,3.511254883
-66.5,17,3.53258667
-66.5,19,3.565820313
-66.5,21,3.623742676
-66.5,23,3.67333374
-66.5,25,3.706689453
-66.5,27,3.754693604
-66.5,29,3.80715332
-66.5,31,3.861901855
-66.5,33,3.926965332
-66.5,35,3.974481201
-66.5,37,3.963311768
-66.5,39,3.962884521
-66.5,41,3.830102539
-66.5,43,3.306787109
-66.5,45,2.97286377
-66.5,47,3.16048584
-66.5,49,3.320275879
-66.5,51,2.884545898
-66.5,53,2.883233643
-66.5,55,3.01192627
-66.5,57,2.914575195
-66.5,59,2.863397217
-66.5,61,2.787286377
-66.5,63,2.766473389
-66.5,65,2.938317871
-66.5,67,3.292810059
-66.5,69,3.755578613
-66.5,71,4.162591553
-66.5,73,4.582635498
-66.5,75,4.785211182
-66.5,77,4.322869873
-66.5,79,3.816430664
-66.5,81,3.689355469
-66.5,83,3.739556885
-66.5,85,3.787652588
-66.5,87,3.791192627
-66.5,89,3.93114624
-66.5,91,4.103845215
-66.5,93,4.194177246
-66.5,95,4.194177246
-66.5,97,4.194177246
-66.5,99,2.684442139
-66.5,101,2.539819336
-66.5,103,2.539819336
-66.5,105,2.45760498
-66.5,107,2.575616455
-66.5,109,2.619165039
-66.5,111,2.583093262
-66.5,113,2.491326904
-66.5,115,2.322900391
-66.5,117,2.13137207
-66.5,119,1.920861816
-66.5,121,1.794366455
-66.5,123,1.900811768
-66.5,125,2.082025146
-66.5,127,2.306237793
-66.5,129,2.560723877
-66.5,131,2.779901123
-66.5,133,3.013238525
-66.5,135,3.17989502
-66.5,137,2.986657715
-66.5,139,1.905664063
-66.5,141,1.886407471
-66.5,143,2.014733887
-66.5,145,1.868463135
-66.5,147,2.016381836
-66.5,149,2.760522461
-66.5,151,3.165124512
-66.5,153,3.315576172
-66.5,155,3.297235107
-66.5,157,3.176873779
-66.5,159,3.057672119
-66.5,161,3.013085938
-66.5,163,3.066033936
-66.5,165,3.21151123
-66.5,167,3.382714844
-66.5,169,3.667687988
-66.5,171,4.030725098
-66.5,173,4.30791626
-66.5,175,4.532861328
-66.5,177,4.673394775
-66.5,179,4.732904053
-66.5,181,4.730981445
-66.5,183,4.663720703
-66.5,185,4.54140625
-66.5,187,4.397058105
-66.5,189,4.260491943
-66.5,191,4.150262451
-66.5,193,4.050439453
-66.5,195,3.951379395
-66.5,197,3.868554688
-66.5,199,3.839898682
-66.5,201,3.868768311
-66.5,203,3.875939941
-66.5,205,3.805383301
-66.5,207,3.723962402
-66.5,209,3.670098877
-66.5,211,3.628137207
-66.5,213,3.592340088
-66.5,215,3.552545166
-66.5,217,3.500695801
-66.5,219,3.458520508
-66.5,221,3.43493042
-66.5,223,3.431604004
-66.5,225,3.439782715
-66.5,227,3.469659424
-66.5,229,3.523187256
-66.5,231,3.564202881
-66.5,233,3.573419189
-66.5,235,3.519189453
-66.5,237,3.428857422
-66.5,239,3.324609375
-66.5,241,3.18996582
-66.5,243,3.004907227
-66.5,245,2.759759521
-66.5,247,2.546807861
-66.5,249,2.400933838
-66.5,251,2.350732422
-66.5,253,2.387902832
-66.5,255,2.447137451
-66.5,257,2.489892578
-66.5,259,2.555169678
-66.5,261,2.7043396
-66.5,263,2.859338379
-66.5,265,2.936151123
-66.5,267,2.952996826
-66.5,269,2.976312256
-66.5,271,3.032952881
-66.5,273,3.144769287
-66.5,275,3.304223633
-66.5,277,3.482751465
-66.5,279,3.636254883
-66.5,281,3.718041992
-66.5,283,3.721459961
-66.5,285,3.715570068
-66.5,287,3.792260742
-66.5,289,4.039453125
-66.5,291,4.478387451
-66.5,293,4.746911621
-66.5,295,4.38326416
-66.5,297,NaN
-66.5,299,-0.832922363
-66.5,301,-0.831518555
-66.5,303,-0.834661865
-66.5,305,-0.839300537
-66.5,307,-0.845678711
-66.5,309,-0.858709717
-66.5,311,-0.110235596
-66.5,313,0.854455566
-66.5,315,1.258538818
-66.5,317,1.503625488
-66.5,319,1.600915527
-66.5,321,1.674005127
-66.5,323,1.766931152
-66.5,325,1.919763184
-66.5,327,2.116143799
-66.5,329,2.32543335
-66.5,331,2.477349854
-66.5,333,2.596185303
-66.5,335,2.789056396
-66.5,337,3.017785645
-66.5,339,3.151849365
-66.5,341,3.212915039
-66.5,343,3.250054932
-66.5,345,3.258477783
-66.5,347,3.237145996
-66.5,349,3.207116699
-66.5,351,3.194268799
-66.5,353,3.183557129
-66.5,355,3.168450928
-66.5,357,3.193780518
-66.5,359,3.26015625
-65.5,1,3.471124268
-65.5,3,3.471795654
-65.5,5,3.490686035
-65.5,7,3.520379639
-65.5,9,3.51998291
-65.5,11,3.481652832
-65.5,13,3.467004395
-65.5,15,3.473596191
-65.5,17,3.478265381
-65.5,19,3.49743042
-65.5,21,3.532830811
-65.5,23,3.546411133
-65.5,25,3.533807373
-65.5,27,3.530023193
-65.5,29,3.51015625
-65.5,31,3.427941895
-65.5,33,3.318414307
-65.5,35,3.239678955
-65.5,37,3.150689697
-65.5,39,3.021630859
-65.5,41,2.846643066
-65.5,43,2.630639648
-65.5,45,2.478387451
-65.5,47,2.506646729
-65.5,49,2.620019531
-65.5,51,2.654473877
-65.5,53,2.751031494
-65.5,55,2.962091064
-65.5,57,3.023919678
-65.5,59,3.045922852
-65.5,61,3.166619873
-65.5,63,3.263482666
-65.5,65,3.333642578
-65.5,67,3.454278564
-65.5,69,3.643029785
-65.5,71,3.772943115
-65.5,73,3.8862854
-65.5,75,3.905480957
-65.5,77,3.697442627
-65.5,79,3.556207275
-65.5,81,3.539331055
-65.5,83,3.534936523
-65.5,85,3.581781006
-65.5,87,3.595910645
-65.5,89,3.649133301
-65.5,91,3.820703125
-65.5,93,3.996209717
-65.5,95,3.836663818
-65.5,97,3.200158691
-65.5,99,2.832330322
-65.5,101,2.535211182
-65.5,103,2.33336792
-65.5,105,2.277093506
-65.5,107,2.259881592
-65.5,109,2.35567627
-65.5,111,2.366937256
-65.5,113,2.312036133
-65.5,115,2.205316162
-65.5,117,2.066583252
-65.5,119,1.919396973
-65.5,121,1.792962646
-65.5,123,1.805535889
-65.5,125,1.947564697
-65.5,127,2.13338623
-65.5,129,2.372399902
-65.5,131,2.62746582
-65.5,133,2.880670166
-65.5,135,3.129571533
-65.5,137,3.199914551
-65.5,139,2.853387451
-65.5,141,2.570336914
-65.5,143,2.708734131
-65.5,145,2.924493408
-65.5,147,3.217553711
-65.5,149,3.535424805
-65.5,151,3.746636963
-65.5,153,3.885095215
-65.5,155,3.938562012
-65.5,157,3.928277588
-65.5,159,3.915429688
-65.5,161,3.965325928
-65.5,163,4.051477051
-65.5,165,4.191674805
-65.5,167,4.392816162
-65.5,169,4.655358887
-65.5,171,4.919244385
-65.5,173,5.128320313
-65.5,175,5.321282959
-65.5,177,5.47600708
-65.5,179,5.583398438
-65.5,181,5.602990723
-65.5,183,5.550897217
-65.5,185,5.492669678
-65.5,187,5.428643799
-65.5,189,5.360467529
-65.5,191,5.283166504
-65.5,193,5.191064453
-65.5,195,5.059259033
-65.5,197,4.873284912
-65.5,199,4.694268799
-65.5,201,4.548577881
-65.5,203,4.42623291
-65.5,205,4.3137146
-65.5,207,4.20647583
-65.5,209,4.110620117
-65.5,211,4.036676025
-65.5,213,3.981439209
-65.5,215,3.925622559
-65.5,217,3.854486084
-65.5,219,3.798516846
-65.5,221,3.764672852
-65.5,223,3.747644043
-65.5,225,3.741265869
-65.5,227,3.730065918
-65.5,229,3.735284424
-65.5,231,3.737145996
-65.5,233,3.728295898
-65.5,235,3.701776123
-65.5,237,3.63012085
-65.5,239,3.530389404
-65.5,241,3.427209473
-65.5,243,3.274316406
-65.5,245,3.0503479
-65.5,247,2.850946045
-65.5,249,2.694299316
-65.5,251,2.630395508
-65.5,253,2.68114624
-65.5,255,2.744256592
-65.5,257,2.832177734
-65.5,259,2.938562012
-65.5,261,3.01619873
-65.5,263,3.076623535
-65.5,265,3.094537354
-65.5,267,3.077752686
-65.5,269,3.056695557
-65.5,271,3.046289063
-65.5,273,3.087121582
-65.5,275,3.186212158
-65.5,277,3.339257813
-65.5,279,3.518151855
-65.5,281,3.648278809
-65.5,283,3.666986084
-65.5,285,3.628503418
-65.5,287,3.601739502
-65.5,289,3.652032471
-65.5,291,3.936914063
-65.5,293,4.240411377
-65.5,295,4.292504883
-65.5,297,NaN
-65.5,299,NaN
-65.5,301,-0.824743652
-65.5,303,-0.825964355
-65.5,305,-0.8296875
-65.5,307,-0.836126709
-65.5,309,-0.887335205
-65.5,311,-0.292120361
-65.5,313,0.671472168
-65.5,315,1.202081299
-65.5,317,1.464990234
-65.5,319,1.568963623
-65.5,321,1.660272217
-65.5,323,1.759637451
-65.5,325,1.888879395
-65.5,327,2.071496582
-65.5,329,2.282281494
-65.5,331,2.433892822
-65.5,333,2.568963623
-65.5,335,2.770349121
-65.5,337,3.006921387
-65.5,339,3.167840576
-65.5,341,3.270532227
-65.5,343,3.366143799
-65.5,345,3.422540283
-65.5,347,3.419671631
-65.5,349,3.4046875
-65.5,351,3.4175354
-65.5,353,3.421105957
-65.5,355,3.416802979
-65.5,357,3.422540283
-65.5,359,3.453393555
-64.5,1,3.701531982
-64.5,3,3.716912842
-64.5,5,3.774224854
-64.5,7,3.868432617
-64.5,9,3.945245361
-64.5,11,3.957452393
-64.5,13,3.960595703
-64.5,15,3.973962402
-64.5,17,3.978143311
-64.5,19,3.989953613
-64.5,21,4.013787842
-64.5,23,4.015435791
-64.5,25,3.990686035
-64.5,27,3.971429443
-64.5,29,3.909112549
-64.5,31,3.718865967
-64.5,33,3.509729004
-64.5,35,3.402825928
-64.5,37,3.316644287
-64.5,39,3.195550537
-64.5,41,3.028436279
-64.5,43,2.837518311
-64.5,45,2.646905518
-64.5,47,2.482141113
-64.5,49,2.361993408
-64.5,51,2.346490479
-64.5,53,2.513879395
-64.5,55,2.810784912
-64.5,57,3.085137939
-64.5,59,3.272485352
-64.5,61,3.385675049
-64.5,63,3.446221924
-64.5,65,3.488885498
-64.5,67,3.584039307
-64.5,69,3.740777588
-64.5,71,3.847467041
-64.5,73,3.900201416
-64.5,75,3.855279541
-64.5,77,3.698968506
-64.5,79,3.61071167
-64.5,81,3.585839844
-64.5,83,3.553918457
-64.5,85,3.521386719
-64.5,87,3.466607666
-64.5,89,3.438134766
-64.5,91,3.466821289
-64.5,93,3.507928467
-64.5,95,3.279718018
-64.5,97,2.847619629
-64.5,99,2.558251953
-64.5,101,2.401940918
-64.5,103,2.252893066
-64.5,105,2.09307251
-64.5,107,2.113336182
-64.5,109,2.283807373
-64.5,111,2.354302979
-64.5,113,2.33828125
-64.5,115,2.318109131
-64.5,117,2.327508545
-64.5,119,2.38805542
-64.5,121,2.461297607
-64.5,123,2.548364258
-64.5,125,2.638330078
-64.5,127,2.753167725
-64.5,129,2.96505127
-64.5,131,3.245111084
-64.5,133,3.521386719
-64.5,135,3.778588867
-64.5,137,3.966577148
-64.5,139,4.112268066
-64.5,141,4.239526367
-64.5,143,4.362451172
-64.5,145,4.515527344
-64.5,147,4.677606201
-64.5,149,4.779931641
-64.5,151,4.877923584
-64.5,153,5.079309082
-64.5,155,5.259240723
-64.5,157,5.347436523
-64.5,159,5.408410645
-64.5,161,5.493615723
-64.5,163,5.558221436
-64.5,165,5.611871338
-64.5,167,5.686975098
-64.5,169,5.770135498
-64.5,171,5.847833252
-64.5,173,5.921563721
-64.5,175,6.011468506
-64.5,177,6.104058838
-64.5,179,6.197320557
-64.5,181,6.229180908
-64.5,183,6.200097656
-64.5,185,6.195123291
-64.5,187,6.218438721
-64.5,189,6.245874023
-64.5,191,6.244134521
-64.5,193,6.216333008
-64.5,195,6.140924072
-64.5,197,5.978936768
-64.5,199,5.781945801
-64.5,201,5.575402832
-64.5,203,5.40267334
-64.5,205,5.271386719
-64.5,207,5.123712158
-64.5,209,4.977655029
-64.5,211,4.864343262
-64.5,213,4.752374268
-64.5,215,4.620751953
-64.5,217,4.482720947
-64.5,219,4.372277832
-64.5,221,4.275842285
-64.5,223,4.179376221
-64.5,225,4.082879639
-64.5,227,3.988061523
-64.5,229,3.936853027
-64.5,231,3.897668457
-64.5,233,3.870477295
-64.5,235,3.868676758
-64.5,237,3.829919434
-64.5,239,3.744012451
-64.5,241,3.67019043
-64.5,243,3.58223877
-64.5,245,3.436151123
-64.5,247,3.295617676
-64.5,249,3.152307129
-64.5,251,3.06105957
-64.5,253,3.078393555
-64.5,255,3.102838135
-64.5,257,3.145043945
-64.5,259,3.194482422
-64.5,261,3.188592529
-64.5,263,3.183282471
-64.5,265,3.183770752
-64.5,267,3.167230225
-64.5,269,3.136132813
-64.5,271,3.099267578
-64.5,273,3.094415283
-64.5,275,3.133508301
-64.5,277,3.230523682
-64.5,279,3.394342041
-64.5,281,3.564111328
-64.5,283,3.653283691
-64.5,285,3.685266113
-64.5,287,3.686761475
-64.5,289,3.664544678
-64.5,291,3.732293701
-64.5,293,3.894555664
-64.5,295,4.108148193
-64.5,297,NaN
-64.5,299,NaN
-64.5,301,NaN
-64.5,303,-0.817572021
-64.5,305,-0.814916992
-64.5,307,-0.819555664
-64.5,309,-0.859747314
-64.5,311,-0.511816406
-64.5,313,0.361138916
-64.5,315,1.09307251
-64.5,317,1.386773682
-64.5,319,1.514428711
-64.5,321,1.659875488
-64.5,323,1.798883057
-64.5,325,1.937677002
-64.5,327,2.107141113
-64.5,329,2.282281494
-64.5,331,2.372888184
-64.5,333,2.440576172
-64.5,335,2.603509521
-64.5,337,2.854577637
-64.5,339,3.064691162
-64.5,341,3.232324219
-64.5,343,3.394647217
-64.5,345,3.501733398
-64.5,347,3.538873291
-64.5,349,3.561090088
-64.5,351,3.608331299
-64.5,353,3.63012085
-64.5,355,3.624658203
-64.5,357,3.63717041
-64.5,359,3.680413818
-63.5,1,3.924157715
-63.5,3,3.960046387
-63.5,5,4.04821167
-63.5,7,4.17208252
-63.5,9,4.283563232
-63.5,11,4.340692139
-63.5,13,4.369012451
-63.5,15,4.390496826
-63.5,17,4.399346924
-63.5,19,4.400872803
-63.5,21,4.400811768
-63.5,23,4.380609131
-63.5,25,4.336450195
-63.5,27,4.293847656
-63.5,29,4.207330322
-63.5,31,4.003564453
-63.5,33,3.803674316
-63.5,35,3.686517334
-63.5,37,3.579827881
-63.5,39,3.48571167
-63.5,41,3.385644531
-63.5,43,3.263574219
-63.5,45,3.140405273
-63.5,47,3.043908691
-63.5,49,2.989160156
-63.5,51,3.003900146
-63.5,53,3.061242676
-63.5,55,3.122918701
-63.5,57,3.228601074
-63.5,59,3.380334473
-63.5,61,3.519006348
-63.5,63,3.62142334
-63.5,65,3.704766846
-63.5,67,3.849755859
-63.5,69,4.033654785
-63.5,71,4.144952393
-63.5,73,4.206872559
-63.5,75,4.197106934
-63.5,77,4.104180908
-63.5,79,4.061578369
-63.5,81,4.099023438
-63.5,83,4.16628418
-63.5,85,4.228143311
-63.5,87,4.225671387
-63.5,89,4.139276123
-63.5,91,3.996087646
-63.5,93,3.763818359
-63.5,95,3.38326416
-63.5,97,3.09887085
-63.5,99,2.96328125
-63.5,101,2.881768799
-63.5,103,3.002679443
-63.5,105,3.209375
-63.5,107,3.443963623
-63.5,109,3.71227417
-63.5,111,3.836755371
-63.5,113,3.872369385
-63.5,115,3.92409668
-63.5,117,3.973443604
-63.5,119,4.022668457
-63.5,121,4.101342773
-63.5,123,4.202905273
-63.5,125,4.289971924
-63.5,127,4.383721924
-63.5,129,4.514764404
-63.5,131,4.664239502
-63.5,133,4.798974609
-63.5,135,4.931542969
-63.5,137,5.046014404
-63.5,139,5.186364746
-63.5,141,5.350152588
-63.5,143,5.485803223
-63.5,145,5.603448486
-63.5,147,5.70446167
-63.5,149,5.756921387
-63.5,151,5.83614502
-63.5,153,6.052667236
-63.5,155,6.283319092
-63.5,157,6.449273682
-63.5,159,6.549401855
-63.5,161,6.631860352
-63.5,163,6.705102539
-63.5,165,6.737939453
-63.5,167,6.732141113
-63.5,169,6.698937988
-63.5,171,6.67989502
-63.5,173,6.661859131
-63.5,175,6.631524658
-63.5,177,6.624505615
-63.5,179,6.666650391
-63.5,181,6.699365234
-63.5,183,6.700006104
-63.5,185,6.692468262
-63.5,187,6.690087891
-63.5,189,6.714074707
-63.5,191,6.734460449
-63.5,193,6.736291504
-63.5,195,6.70748291
-63.5,197,6.620507813
-63.5,199,6.494348145
-63.5,201,6.331567383
-63.5,203,6.187677002
-63.5,205,6.110040283
-63.5,207,6.03145752
-63.5,209,5.924554443
-63.5,211,5.803674316
-63.5,213,5.650476074
-63.5,215,5.477197266
-63.5,217,5.294976807
-63.5,219,5.147424316
-63.5,221,5.00020752
-63.5,223,4.825250244
-63.5,225,4.650323486
-63.5,227,4.482110596
-63.5,229,4.352380371
-63.5,231,4.223046875
-63.5,233,4.117486572
-63.5,235,4.05425415
-63.5,237,3.991174316
-63.5,239,3.917016602
-63.5,241,3.877587891
-63.5,243,3.845269775
-63.5,245,3.748040771
-63.5,247,3.65255127
-63.5,249,3.552728271
-63.5,251,3.457147217
-63.5,253,3.454797363
-63.5,255,3.452630615
-63.5,257,3.426629639
-63.5,259,3.40166626
-63.5,261,3.322259521
-63.5,263,3.266625977
-63.5,265,3.280603027
-63.5,267,3.30413208
-63.5,269,3.298425293
-63.5,271,3.266381836
-63.5,273,3.246331787
-63.5,275,3.246697998
-63.5,277,3.279138184
-63.5,279,3.35970459
-63.5,281,3.47109375
-63.5,283,3.601464844
-63.5,285,3.722039795
-63.5,287,3.785241699
-63.5,289,3.783990479
-63.5,291,3.75927124
-63.5,293,3.744042969
-63.5,295,3.85378418
-63.5,297,4.053765869
-63.5,299,4.052545166
-63.5,301,3.897790527
-63.5,303,-0.810491943
-63.5,305,-0.793341064
-63.5,307,-0.796911621
-63.5,309,-0.854620361
-63.5,311,-0.489904785
-63.5,313,0.389672852
-63.5,315,1.066888428
-63.5,317,1.346185303
-63.5,319,1.499780273
-63.5,321,1.663018799
-63.5,323,1.829858398
-63.5,325,1.998284912
-63.5,327,2.163323975
-63.5,329,2.297723389
-63.5,331,2.357659912
-63.5,333,2.394555664
-63.5,335,2.498895264
-63.5,337,2.713555908
-63.5,339,2.948480225
-63.5,341,3.18380127
-63.5,343,3.413964844
-63.5,345,3.582757568
-63.5,347,3.674157715
-63.5,349,3.727105713
-63.5,351,3.795861816
-63.5,353,3.839959717
-63.5,355,3.855218506
-63.5,357,3.870965576
-63.5,359,3.901849365
-62.5,1,4.060632324
-62.5,3,4.076989746
-62.5,5,4.162316895
-62.5,7,4.293725586
-62.5,9,4.39510498
-62.5,11,4.451959229
-62.5,13,4.497186279
-62.5,15,4.527337646
-62.5,17,4.543267822
-62.5,19,4.544091797
-62.5,21,4.535119629
-62.5,23,4.50411377
-62.5,25,4.448266602
-62.5,27,4.393487549
-62.5,29,4.302270508
-62.5,31,4.101953125
-62.5,33,3.906976318
-62.5,35,3.795922852
-62.5,37,3.694390869
-62.5,39,3.612420654
-62.5,41,3.550866699
-62.5,43,3.502160645
-62.5,45,3.479638672
-62.5,47,3.474511719
-62.5,49,3.462487793
-62.5,51,3.459588623
-62.5,53,3.47399292
-62.5,55,3.491235352
-62.5,57,3.536920166
-62.5,59,3.603356934
-62.5,61,3.677941895
-62.5,63,3.765679932
-62.5,65,3.854608154
-62.5,67,4.003869629
-62.5,69,4.175714111
-62.5,71,4.281488037
-62.5,73,4.37331543
-62.5,75,4.42913208
-62.5,77,4.431329346
-62.5,79,4.452325439
-62.5,81,4.510186768
-62.5,83,4.58248291
-62.5,85,4.648217773
-62.5,87,4.677087402
-62.5,89,4.633630371
-62.5,91,4.55098877
-62.5,93,4.430200195
-62.5,95,4.268212891
-62.5,97,4.152276611
-62.5,99,4.036279297
-62.5,101,3.928155518
-62.5,103,3.945092773
-62.5,105,4.061425781
-62.5,107,4.23571167
-62.5,109,4.431512451
-62.5,111,4.555535889
-62.5,113,4.646447754
-62.5,115,4.759759521
-62.5,117,4.817071533
-62.5,119,4.8215271
-62.5,121,4.879205322
-62.5,123,4.986688232
-62.5,125,5.091333008
-62.5,127,5.213189697
-62.5,129,5.336999512
-62.5,131,5.431451416
-62.5,133,5.520288086
-62.5,135,5.626763916
-62.5,137,5.715966797
-62.5,139,5.817315674
-62.5,141,5.94286499
-62.5,143,6.055566406
-62.5,145,6.141656494
-62.5,147,6.213250732
-62.5,149,6.294915771
-62.5,151,6.41854248
-62.5,153,6.605828857
-62.5,155,6.798669434
-62.5,157,6.986749268
-62.5,159,7.112512207
-62.5,161,7.209130859
-62.5,163,7.321618652
-62.5,165,7.394891357
-62.5,167,7.405297852
-62.5,169,7.356774902
-62.5,171,7.318139648
-62.5,173,7.258874512
-62.5,175,7.13326416
-62.5,177,7.036645508
-62.5,179,7.021417236
-62.5,181,7.034112549
-62.5,183,7.045678711
-62.5,185,7.020013428
-62.5,187,6.973077393
-62.5,189,6.961083984
-62.5,191,6.9644104
-62.5,193,6.970025635
-62.5,195,6.973901367
-62.5,197,6.948907471
-62.5,199,6.884942627
-62.5,201,6.785028076
-62.5,203,6.695794678
-62.5,205,6.683648682
-62.5,207,6.711724854
-62.5,209,6.696191406
-62.5,211,6.624230957
-62.5,213,6.508111572
-62.5,215,6.381158447
-62.5,217,6.244165039
-62.5,219,6.124200439
-62.5,221,5.983789063
-62.5,223,5.787316895
-62.5,225,5.571740723
-62.5,227,5.343865967
-62.5,229,5.132348633
-62.5,231,4.904656982
-62.5,233,4.676660156
-62.5,235,4.494683838
-62.5,237,4.335717773
-62.5,239,4.194512939
-62.5,241,4.12444458
-62.5,243,4.090234375
-62.5,245,4.001428223
-62.5,247,3.900842285
-62.5,249,3.819146729
-62.5,251,3.735650635
-62.5,253,3.72902832
-62.5,255,3.740777588
-62.5,257,3.70534668
-62.5,259,3.650415039
-62.5,261,3.513238525
-62.5,263,3.399255371
-62.5,265,3.40279541
-62.5,267,3.44387207
-62.5,269,3.475152588
-62.5,271,3.48104248
-62.5,273,3.473840332
-62.5,275,3.461328125
-62.5,277,3.440881348
-62.5,279,3.416162109
-62.5,281,3.436090088
-62.5,283,3.557580566
-62.5,285,3.702325439
-62.5,287,3.776208496
-62.5,289,3.80489502
-62.5,291,3.822290039
-62.5,293,3.805841064
-62.5,295,3.800561523
-62.5,297,3.834405518
-62.5,299,3.747369385
-62.5,301,2.816033936
-62.5,303,0.452661133
-62.5,305,-0.66348877
-62.5,307,-0.760076904
-62.5,309,-0.811315918
-62.5,311,-0.170996094
-62.5,313,0.806481934
-62.5,315,1.333734131
-62.5,317,1.578485107
-62.5,319,1.704309082
-62.5,321,1.882653809
-62.5,323,2.082421875
-62.5,325,2.271813965
-62.5,327,2.407922363
-62.5,329,2.488946533
-62.5,331,2.545587158
-62.5,333,2.582910156
-62.5,335,2.618920898
-62.5,337,2.743829346
-62.5,339,2.925744629
-62.5,341,3.145318604
-62.5,343,3.370111084
-62.5,345,3.573236084
-62.5,347,3.740136719
-62.5,349,3.841577148
-62.5,351,3.929315186
-62.5,353,3.984887695
-62.5,355,4.008203125
-62.5,357,4.033166504
-62.5,359,4.060418701
-61.5,1,4.094445801
-61.5,3,4.082391357
-61.5,5,4.1418396
-61.5,7,4.264520264
-61.5,9,4.349481201
-61.5,11,4.392755127
-61.5,13,4.468774414
-61.5,15,4.537683105
-61.5,17,4.578179932
-61.5,19,4.601708984
-61.5,21,4.614801025
-61.5,23,4.592248535
-61.5,25,4.525964355
-61.5,27,4.464593506
-61.5,29,4.381829834
-61.5,31,4.218347168
-61.5,33,4.032403564
-61.5,35,3.912408447
-61.5,37,3.839624023
-61.5,39,3.787438965
-61.5,41,3.740167236
-61.5,43,3.699945068
-61.5,45,3.684228516
-61.5,47,3.689660645
-61.5,49,3.696679688
-61.5,51,3.70055542
-61.5,53,3.718774414
-61.5,55,3.748773193
-61.5,57,3.785150146
-61.5,59,3.81585083
-61.5,61,3.858483887
-61.5,63,3.919458008
-61.5,65,3.971582031
-61.5,67,4.058099365
-61.5,69,4.202172852
-61.5,71,4.320123291
-61.5,73,4.417077637
-61.5,75,4.508691406
-61.5,77,4.577020264
-61.5,79,4.661187744
-61.5,81,4.75536499
-61.5,83,4.835046387
-61.5,85,4.892785645
-61.5,87,4.933282471
-61.5,89,4.945214844
-61.5,91,4.955072021
-61.5,93,4.951837158
-61.5,95,4.884118652
-61.5,97,4.78572998
-61.5,99,4.66439209
-61.5,101,4.57845459
-61.5,103,4.592919922
-61.5,105,4.667474365
-61.5,107,4.779962158
-61.5,109,4.914544678
-61.5,111,5.011468506
-61.5,113,5.102655029
-61.5,115,5.235131836
-61.5,117,5.327478027
-61.5,119,5.358209229
-61.5,121,5.408654785
-61.5,123,5.484399414
-61.5,125,5.557702637
-61.5,127,5.649255371
-61.5,129,5.76973877
-61.5,131,5.907250977
-61.5,133,6.056237793
-61.5,135,6.197961426
-61.5,137,6.275201416
-61.5,139,6.334100342
-61.5,141,6.422113037
-61.5,143,6.518243408
-61.5,145,6.597924805
-61.5,147,6.660913086
-61.5,149,6.760369873
-61.5,151,6.90090332
-61.5,153,7.060449219
-61.5,155,7.226739502
-61.5,157,7.421685791
-61.5,159,7.575585938
-61.5,161,7.70836792
-61.5,163,7.837213135
-61.5,165,7.905908203
-61.5,167,7.89876709
-61.5,169,7.81975708
-61.5,171,7.75246582
-61.5,173,7.658166504
-61.5,175,7.505761719
-61.5,177,7.393121338
-61.5,179,7.342645264
-61.5,181,7.314172363
-61.5,183,7.29519043
-61.5,185,7.242150879
-61.5,187,7.169000244
-61.5,189,7.134881592
-61.5,191,7.131463623
-61.5,193,7.151574707
-61.5,195,7.184716797
-61.5,197,7.195611572
-61.5,199,7.188989258
-61.5,201,7.169213867
-61.5,203,7.151116943
-61.5,205,7.17131958
-61.5,207,7.232476807
-61.5,209,7.290032959
-61.5,211,7.294671631
-61.5,213,7.242669678
-61.5,215,7.181970215
-61.5,217,7.122491455
-61.5,219,7.067773438
-61.5,221,6.967553711
-61.5,223,6.770257568
-61.5,225,6.523797607
-61.5,227,6.26809082
-61.5,229,6.020715332
-61.5,231,5.745111084
-61.5,233,5.457666016
-61.5,235,5.201654053
-61.5,237,4.977166748
-61.5,239,4.760217285
-61.5,241,4.595056152
-61.5,243,4.48973999
-61.5,245,4.37432251
-61.5,247,4.245050049
-61.5,249,4.108850098
-61.5,251,3.97789917
-61.5,253,3.946282959
-61.5,255,3.969049072
-61.5,257,3.958093262
-61.5,259,3.905389404
-61.5,261,3.73873291
-61.5,263,3.588220215
-61.5,265,3.55980835
-61.5,267,3.581658936
-61.5,269,3.624383545
-61.5,271,3.667199707
-61.5,273,3.690759277
-61.5,275,3.681512451
-61.5,277,3.609307861
-61.5,279,3.534661865
-61.5,281,3.553430176
-61.5,283,3.66539917
-61.5,285,3.793817139
-61.5,287,3.854821777
-61.5,289,3.887780762
-61.5,291,3.919122314
-61.5,293,3.942010498
-61.5,295,3.951409912
-61.5,297,3.892633057
-61.5,299,3.745050049
-61.5,301,3.243737793
-61.5,303,0.95635376
-61.5,305,-0.819921875
-61.5,307,-0.764746094
-61.5,309,-0.6706604
-61.5,311,0.320245361
-61.5,313,1.37255249
-61.5,315,1.752404785
-61.5,317,1.961328125
-61.5,319,2.092584229
-61.5,321,2.302331543
-61.5,323,2.534997559
-61.5,325,2.699029541
-61.5,327,2.760552979
-61.5,329,2.775384521
-61.5,331,2.782342529
-61.5,333,2.804742432
-61.5,335,2.838006592
-61.5,337,2.91942749
-61.5,339,3.030389404
-61.5,341,3.1859375
-61.5,343,3.362390137
-61.5,345,3.530114746
-61.5,347,3.69552002
-61.5,349,3.841271973
-61.5,351,3.979272461
-61.5,353,4.044610596
-61.5,355,4.046929932
-61.5,357,4.060998535
-61.5,359,4.098046875
-60.5,1,4.095666504
-60.5,3,4.06685791
-60.5,5,4.107965088
-60.5,7,4.196557617
-60.5,9,4.277246094
-60.5,11,4.3472229
-60.5,13,4.460809326
-60.5,15,4.590966797
-60.5,17,4.677514648
-60.5,19,4.73659668
-60.5,21,4.787316895
-60.5,23,4.782037354
-60.5,25,4.693658447
-60.5,27,4.605981445
-60.5,29,4.521630859
-60.5,31,4.424615479
-60.5,33,4.289331055
-60.5,35,4.167687988
-60.5,37,4.117364502
-60.5,39,4.082177734
-60.5,41,4.053277588
-60.5,43,4.039849854
-60.5,45,4.024804688
-60.5,47,4.006860352
-60.5,49,3.985009766
-60.5,51,3.969567871
-60.5,53,3.982995605
-60.5,55,4.006677246
-60.5,57,4.032617188
-60.5,59,4.05880127
-60.5,61,4.099206543
-60.5,63,4.146691895
-60.5,65,4.198236084
-60.5,67,4.264489746
-60.5,69,4.368066406
-60.5,71,4.474633789
-60.5,73,4.547357178
-60.5,75,4.643609619
-60.5,77,4.759088135
-60.5,79,4.887384033
-60.5,81,5.004541016
-60.5,83,5.088586426
-60.5,85,5.156396484
-60.5,87,5.201348877
-60.5,89,5.211114502
-60.5,91,5.196282959
-60.5,93,5.143945313
-60.5,95,5.046777344
-60.5,97,4.973474121
-60.5,99,4.924279785
-60.5,101,4.911584473
-60.5,103,4.982995605
-60.5,105,5.094750977
-60.5,107,5.225701904
-60.5,109,5.362359619
-60.5,111,5.464807129
-60.5,113,5.552301025
-60.5,115,5.641992188
-60.5,117,5.773431396
-60.5,119,5.91362915
-60.5,121,5.964654541
-60.5,123,5.946130371
-60.5,125,5.944177246
-60.5,127,6.001763916
-60.5,129,6.126489258
-60.5,131,6.293817139
-60.5,133,6.455834961
-60.5,135,6.592431641
-60.5,137,6.670953369
-60.5,139,6.731622314
-60.5,141,6.828424072
-60.5,143,6.934350586
-60.5,145,7.038568115
-60.5,147,7.174005127
-60.5,149,7.331292725
-60.5,151,7.44564209
-60.5,153,7.554589844
-60.5,155,7.671533203
-60.5,157,7.821954346
-60.5,159,7.986016846
-60.5,161,8.167749023
-60.5,163,8.310296631
-60.5,165,8.365014648
-60.5,167,8.318566895
-60.5,169,8.176965332
-60.5,171,8.050531006
-60.5,173,7.910302734
-60.5,175,7.780847168
-60.5,177,7.684228516
-60.5,179,7.602319336
-60.5,181,7.532891846
-60.5,183,7.471673584
-60.5,185,7.409234619
-60.5,187,7.34432373
-60.5,189,7.323083496
-60.5,191,7.331689453
-60.5,193,7.351586914
-60.5,195,7.381524658
-60.5,197,7.424127197
-60.5,199,7.487481689
-60.5,201,7.543847656
-60.5,203,7.584893799
-60.5,205,7.621942139
-60.5,207,7.665093994
-60.5,209,7.723260498
-60.5,211,7.773797607
-60.5,213,7.76809082
-60.5,215,7.744195557
-60.5,217,7.741540527
-60.5,219,7.720025635
-60.5,221,7.643121338
-60.5,223,7.451593018
-60.5,225,7.159143066
-60.5,227,6.87444458
-60.5,229,6.615258789
-60.5,231,6.327783203
-60.5,233,6.04241333
-60.5,235,5.772973633
-60.5,237,5.539086914
-60.5,239,5.32479248
-60.5,241,5.122399902
-60.5,243,4.957940674
-60.5,245,4.810266113
-60.5,247,4.655725098
-60.5,249,4.470605469
-60.5,251,4.295587158
-60.5,253,4.196710205
-60.5,255,4.171502686
-60.5,257,4.184564209
-60.5,259,4.163110352
-60.5,261,4.02388916
-60.5,263,3.885644531
-60.5,265,3.836358643
-60.5,267,3.844354248
-60.5,269,3.907067871
-60.5,271,3.996026611
-60.5,273,4.068597412
-60.5,275,4.068505859
-60.5,277,3.961663818
-60.5,279,3.867791748
-60.5,281,3.899133301
-60.5,283,3.967797852
-60.5,285,4.065087891
-60.5,287,4.142938232
-60.5,289,4.233911133
-60.5,291,4.290124512
-60.5,293,4.202478027
-60.5,295,4.116723633
-60.5,297,4.007043457
-60.5,299,3.801477051
-60.5,301,3.591790771
-60.5,303,2.766351318
-60.5,305,0.53850708
-60.5,307,-0.744543457
-60.5,309,-0.125128174
-60.5,311,0.860620117
-60.5,313,1.623864746
-60.5,315,1.964715576
-60.5,317,2.192956543
-60.5,319,2.360070801
-60.5,321,2.511468506
-60.5,323,2.697015381
-60.5,325,2.849298096
-60.5,327,2.888787842
-60.5,329,2.881494141
-60.5,331,2.887719727
-60.5,333,2.907556152
-60.5,335,2.926751709
-60.5,337,2.995843506
-60.5,339,3.104638672
-60.5,341,3.25725708
-60.5,343,3.41539917
-60.5,345,3.561547852
-60.5,347,3.688500977
-60.5,349,3.798059082
-60.5,351,3.965997314
-60.5,353,4.083947754
-60.5,355,4.075616455
-60.5,357,4.067285156
-60.5,359,4.103662109
-59.5,1,4.189385986
-59.5,3,4.147302246
-59.5,5,4.145135498
-59.5,7,4.184197998
-59.5,9,4.246697998
-59.5,11,4.330285645
-59.5,13,4.452478027
-59.5,15,4.591607666
-59.5,17,4.700341797
-59.5,19,4.783166504
-59.5,21,4.85579834
-59.5,23,4.86776123
-59.5,25,4.786828613
-59.5,27,4.701348877
-59.5,29,4.61675415
-59.5,31,4.538873291
-59.5,33,4.43102417
-59.5,35,4.310266113
-59.5,37,4.27086792
-59.5,39,4.268243408
-59.5,41,4.265344238
-59.5,43,4.264398193
-59.5,45,4.252313232
-59.5,47,4.225946045
-59.5,49,4.179711914
-59.5,51,4.152185059
-59.5,53,4.168511963
-59.5,55,4.192681885
-59.5,57,4.218469238
-59.5,59,4.237359619
-59.5,61,4.260461426
-59.5,63,4.282952881
-59.5,65,4.311486816
-59.5,67,4.351281738
-59.5,69,4.401696777
-59.5,71,4.466760254
-59.5,73,4.564569092
-59.5,75,4.719506836
-59.5,77,4.863275146
-59.5,79,4.994226074
-59.5,81,5.127526855
-59.5,83,5.255181885
-59.5,85,5.358514404
-59.5,87,5.412591553
-59.5,89,5.443902588
-59.5,91,5.459344482
-59.5,93,5.429040527
-59.5,95,5.357781982
-59.5,97,5.32543335
-59.5,99,5.327905273
-59.5,101,5.339807129
-59.5,103,5.397668457
-59.5,105,5.488519287
-59.5,107,5.599725342
-59.5,109,5.716546631
-59.5,111,5.81484375
-59.5,113,5.904656982
-59.5,115,5.988519287
-59.5,117,6.113061523
-59.5,119,6.293756104
-59.5,121,6.383294678
-59.5,123,6.337945557
-59.5,125,6.310723877
-59.5,127,6.353387451
-59.5,129,6.450219727
-59.5,131,6.605493164
-59.5,133,6.754785156
-59.5,135,6.867242432
-59.5,137,6.956811523
-59.5,139,7.043084717
-59.5,141,7.149530029
-59.5,143,7.260705566
-59.5,145,7.374230957
-59.5,147,7.517022705
-59.5,149,7.693017578
-59.5,151,7.823602295
-59.5,153,7.904992676
-59.5,155,8.002038574
-59.5,157,8.164361572
-59.5,159,8.343652344
-59.5,161,8.555322266
-59.5,163,8.709802246
-59.5,165,8.751733398
-59.5,167,8.683099365
-59.5,169,8.508447266
-59.5,171,8.342950439
-59.5,173,8.169274902
-59.5,175,8.030023193
-59.5,177,7.906091309
-59.5,179,7.787469482
-59.5,181,7.712915039
-59.5,183,7.662469482
-59.5,185,7.625115967
-59.5,187,7.588128662
-59.5,189,7.565209961
-59.5,191,7.556085205
-59.5,193,7.567773438
-59.5,195,7.604577637
-59.5,197,7.677697754
-59.5,199,7.770135498
-59.5,201,7.845758057
-59.5,203,7.903039551
-59.5,205,7.943383789
-59.5,207,7.977929688
-59.5,209,8.012139893
-59.5,211,8.064080811
-59.5,213,8.093011475
-59.5,215,8.098138428
-59.5,217,8.133813477
-59.5,219,8.147332764
-59.5,221,8.106774902
-59.5,223,7.986444092
-59.5,225,7.772637939
-59.5,227,7.508935547
-59.5,229,7.239129639
-59.5,231,6.970483398
-59.5,233,6.721459961
-59.5,235,6.486505127
-59.5,237,6.27364502
-59.5,239,6.08034668
-59.5,241,5.878198242
-59.5,243,5.663415527
-59.5,245,5.448632813
-59.5,247,5.239892578
-59.5,249,4.998223877
-59.5,251,4.760949707
-59.5,253,4.598626709
-59.5,255,4.517388916
-59.5,257,4.503961182
-59.5,259,4.476434326
-59.5,261,4.34432373
-59.5,263,4.206262207
-59.5,265,4.134301758
-59.5,267,4.114526367
-59.5,269,4.156732178
-59.5,271,4.241357422
-59.5,273,4.31295166
-59.5,275,4.305200195
-59.5,277,4.219445801
-59.5,279,4.134210205
-59.5,281,4.145654297
-59.5,283,4.244744873
-59.5,285,4.466485596
-59.5,287,4.795526123
-59.5,289,5.187249756
-59.5,291,5.382989502
-59.5,293,5.238793945
-59.5,295,5.068475342
-59.5,297,4.947747803
-59.5,299,4.7222229
-59.5,301,4.438165283
-59.5,303,4.003442383
-59.5,305,2.908868408
-59.5,307,1.952722168
-59.5,309,1.843591309
-59.5,311,2.045373535
-59.5,313,2.194665527
-59.5,315,2.288018799
-59.5,317,2.501306152
-59.5,319,2.710992432
-59.5,321,2.805444336
-59.5,323,2.911187744
-59.5,325,3.024316406
-59.5,327,3.050012207
-59.5,329,3.044488525
-59.5,331,3.064813232
-59.5,333,3.075128174
-59.5,335,3.059381104
-59.5,337,3.095147705
-59.5,339,3.191949463
-59.5,341,3.339776611
-59.5,343,3.496270752
-59.5,345,3.642053223
-59.5,347,3.748681641
-59.5,349,3.829949951
-59.5,351,3.963189697
-59.5,353,4.094628906
-59.5,355,4.137841797
-59.5,357,4.150048828
-59.5,359,4.193231201
-58.5,1,4.333978271
-58.5,3,4.283624268
-58.5,5,4.245111084
-58.5,7,4.241967773
-58.5,9,4.272424316
-58.5,11,4.33651123
-58.5,13,4.462976074
-58.5,15,4.603326416
-58.5,17,4.701318359
-58.5,19,4.787957764
-58.5,21,4.890252686
-58.5,23,4.93480835
-58.5,25,4.879510498
-58.5,27,4.818292236
-58.5,29,4.744195557
-58.5,31,4.660577393
-58.5,33,4.537133789
-58.5,35,4.38894043
-58.5,37,4.334283447
-58.5,39,4.355249023
-58.5,41,4.381463623
-58.5,43,4.379174805
-58.5,45,4.373986816
-58.5,47,4.396478271
-58.5,49,4.403100586
-58.5,51,4.41439209
-58.5,53,4.445275879
-58.5,55,4.451745605
-58.5,57,4.449914551
-58.5,59,4.434686279
-58.5,61,4.427911377
-58.5,63,4.425775146
-58.5,65,4.420220947
-58.5,67,4.427575684
-58.5,69,4.444940186
-58.5,71,4.487664795
-58.5,73,4.562554932
-58.5,75,4.709619141
-58.5,77,4.920281982
-58.5,79,5.128503418
-58.5,81,5.315087891
-58.5,83,5.45736084
-58.5,85,5.582208252
-58.5,87,5.701196289
-58.5,89,5.758843994
-58.5,91,5.784631348
-58.5,93,5.793359375
-58.5,95,5.728509521
-58.5,97,5.666467285
-58.5,99,5.673059082
-58.5,101,5.699151611
-58.5,103,5.742059326
-58.5,105,5.811029053
-58.5,107,5.902978516
-58.5,109,6.008721924
-58.5,111,6.135369873
-58.5,113,6.25612793
-58.5,115,6.345819092
-58.5,117,6.468164063
-58.5,119,6.636743164
-58.5,121,6.7456604
-58.5,123,6.743585205
-58.5,125,6.719018555
-58.5,127,6.733331299
-58.5,129,6.796929932
-58.5,131,6.919061279
-58.5,133,7.05123291
-58.5,135,7.152642822
-58.5,137,7.267388916
-58.5,139,7.380670166
-58.5,141,7.467919922
-58.5,143,7.560418701
-58.5,145,7.660180664
-58.5,147,7.783410645
-58.5,149,7.93013916
-58.5,151,8.068597412
-58.5,153,8.199151611
-58.5,155,8.324731445
-58.5,157,8.504541016
-58.5,159,8.690209961
-58.5,161,8.887902832
-58.5,163,9.066491699
-58.5,165,9.149835205
-58.5,167,9.095239258
-58.5,169,8.912438965
-58.5,171,8.708886719
-58.5,173,8.465356445
-58.5,175,8.245446777
-58.5,177,8.083032227
-58.5,179,7.97286377
-58.5,181,7.917138672
-58.5,183,7.894006348
-58.5,185,7.891717529
-58.5,187,7.881524658
-58.5,189,7.861901855
-58.5,191,7.832971191
-58.5,193,7.852807617
-58.5,195,7.924951172
-58.5,197,8.035302734
-58.5,199,8.148614502
-58.5,201,8.21831665
-58.5,203,8.268334961
-58.5,205,8.300836182
-58.5,207,8.336297607
-58.5,209,8.370782471
-58.5,211,8.407189941
-58.5,213,8.443444824
-58.5,215,8.468103027
-58.5,217,8.502191162
-58.5,219,8.542596436
-58.5,221,8.559197998
-58.5,223,8.50045166
-58.5,225,8.341760254
-58.5,227,8.102166748
-58.5,229,7.845544434
-58.5,231,7.592523193
-58.5,233,7.372766113
-58.5,235,7.1909729
-58.5,237,7.029199219
-58.5,239,6.865869141
-58.5,241,6.643334961
-58.5,243,6.380426025
-58.5,245,6.127038574
-58.5,247,5.895440674
-58.5,249,5.626245117
-58.5,251,5.330010986
-58.5,253,5.110253906
-58.5,255,4.972741699
-58.5,257,4.879327393
-58.5,259,4.78850708
-58.5,261,4.647973633
-58.5,263,4.52086792
-58.5,265,4.458612061
-58.5,267,4.428674316
-58.5,269,4.437890625
-58.5,271,4.491082764
-58.5,273,4.533837891
-58.5,275,4.47612915
-58.5,277,4.402307129
-58.5,279,4.385339355
-58.5,281,4.486047363
-58.5,283,4.787469482
-58.5,285,5.386437988
-58.5,287,6.165704346
-58.5,289,6.808374023
-58.5,291,7.081262207
-58.5,293,6.926446533
-58.5,295,6.605401611
-58.5,297,6.300866699
-58.5,299,5.978723145
-58.5,301,5.636315918
-58.5,303,5.10793457
-58.5,305,4.202325439
-58.5,307,3.27980957
-58.5,309,2.803979492
-58.5,311,2.694116211
-58.5,313,2.664331055
-58.5,315,2.664147949
-58.5,317,2.806695557
-58.5,319,3.022851563
-58.5,321,3.100488281
-58.5,323,3.158013916
-58.5,325,3.244714355
-58.5,327,3.253961182
-58.5,329,3.226464844
-58.5,331,3.246484375
-58.5,333,3.260705566
-58.5,335,3.225671387
-58.5,337,3.224420166
-58.5,339,3.304925537
-58.5,341,3.462945557
-58.5,343,3.635125732
-58.5,345,3.788293457
-58.5,347,3.892572021
-58.5,349,3.961083984
-58.5,351,4.048730469
-58.5,353,4.14006958
-58.5,355,4.234643555
-58.5,357,4.305688477
-58.5,359,4.343438721
-57.5,1,4.503747559
-57.5,3,4.458337402
-57.5,5,4.381768799
-57.5,7,4.32946167
-57.5,9,4.340570068
-57.5,11,4.40581665
-57.5,13,4.535668945
-57.5,15,4.670007324
-57.5,17,4.75435791
-57.5,19,4.838555908
-57.5,21,4.969842529
-57.5,23,5.051477051
-57.5,25,5.025842285
-57.5,27,4.973840332
-57.5,29,4.897149658
-57.5,31,4.808068848
-57.5,33,4.664300537
-57.5,35,4.494317627
-57.5,37,4.42144165
-57.5,39,4.435510254
-57.5,41,4.463128662
-57.5,43,4.480065918
-57.5,45,4.518304443
-57.5,47,4.584741211
-57.5,49,4.620629883
-57.5,51,4.656365967
-57.5,53,4.704766846
-57.5,55,4.708917236
-57.5,57,4.695428467
-57.5,59,4.659417725
-57.5,61,4.630303955
-57.5,63,4.605950928
-57.5,65,4.584222412
-57.5,67,4.582910156
-57.5,69,4.568383789
-57.5,71,4.56862793
-57.5,73,4.624078369
-57.5,75,4.744561768
-57.5,77,4.95848999
-57.5,79,5.232537842
-57.5,81,5.48772583
-57.5,83,5.664239502
-57.5,85,5.771630859
-57.5,87,5.890283203
-57.5,89,5.997521973
-57.5,91,6.051812744
-57.5,93,6.087579346
-57.5,95,6.07277832
-57.5,97,6.036157227
-57.5,99,6.042443848
-57.5,101,6.052270508
-57.5,103,6.057214355
-57.5,105,6.089593506
-57.5,107,6.153405762
-57.5,109,6.245294189
-57.5,111,6.389031982
-57.5,113,6.535302734
-57.5,115,6.646691895
-57.5,117,6.7796875
-57.5,119,6.944848633
-57.5,121,7.067895508
-57.5,123,7.09105835
-57.5,125,7.074853516
-57.5,127,7.069970703
-57.5,129,7.11473999
-57.5,131,7.249200439
-57.5,133,7.376092529
-57.5,135,7.449700928
-57.5,137,7.582543945
-57.5,139,7.718377686
-57.5,141,7.787896729
-57.5,143,7.861199951
-57.5,145,7.947991943
-57.5,147,8.053399658
-57.5,149,8.167932129
-57.5,151,8.281945801
-57.5,153,8.439385986
-57.5,155,8.623040771
-57.5,157,8.825189209
-57.5,159,8.991937256
-57.5,161,9.207269287
-57.5,163,9.46026001
-57.5,165,9.591241455
-57.5,167,9.536584473
-57.5,169,9.336694336
-57.5,171,9.102624512
-57.5,173,8.814904785
-57.5,175,8.513330078
-57.5,177,8.281396484
-57.5,179,8.173028564
-57.5,181,8.14385376
-57.5,183,8.1519104
-57.5,185,8.187982178
-57.5,187,8.209893799
-57.5,189,8.203820801
-57.5,191,8.175469971
-57.5,193,8.211633301
-57.5,195,8.29329834
-57.5,197,8.407678223
-57.5,199,8.52666626
-57.5,201,8.597802734
-57.5,203,8.655145264
-57.5,205,8.68581543
-57.5,207,8.719506836
-57.5,209,8.755334473
-57.5,211,8.772637939
-57.5,213,8.805383301
-57.5,215,8.841149902
-57.5,217,8.855340576
-57.5,219,8.903070068
-57.5,221,8.949334717
-57.5,223,8.908074951
-57.5,225,8.780969238
-57.5,227,8.544671631
-57.5,229,8.297540283
-57.5,231,8.104394531
-57.5,233,7.949151611
-57.5,235,7.826165771
-57.5,237,7.690423584
-57.5,239,7.52477417
-57.5,241,7.299829102
-57.5,243,7.038110352
-57.5,245,6.803125
-57.5,247,6.589715576
-57.5,249,6.31875
-57.5,251,5.99932251
-57.5,253,5.740472412
-57.5,255,5.558404541
-57.5,257,5.393670654
-57.5,259,5.242089844
-57.5,261,5.09130249
-57.5,263,4.968225098
-57.5,265,4.920953369
-57.5,267,4.898675537
-57.5,269,4.900537109
-57.5,271,4.932885742
-57.5,273,4.946557617
-57.5,275,4.860040283
-57.5,277,4.844934082
-57.5,279,4.975183105
-57.5,281,5.31005249
-57.5,283,6.096704102
-57.5,285,7.180932617
-57.5,287,8.043664551
-57.5,289,8.435235596
-57.5,291,8.424066162
-57.5,293,8.030877686
-57.5,295,7.589349365
-57.5,297,7.250665283
-57.5,299,6.935357666
-57.5,301,6.685479736
-57.5,303,6.269494629
-57.5,305,5.434014893
-57.5,307,4.345819092
-57.5,309,3.52980957
-57.5,311,3.102868652
-57.5,313,2.909143066
-57.5,315,2.873620605
-57.5,317,2.978173828
-57.5,319,3.195611572
-57.5,321,3.316278076
-57.5,323,3.398095703
-57.5,325,3.47197876
-57.5,327,3.457696533
-57.5,329,3.417443848
-57.5,331,3.443078613
-57.5,333,3.479364014
-57.5,335,3.455133057
-57.5,337,3.424157715
-57.5,339,3.477380371
-57.5,341,3.628411865
-57.5,343,3.781762695
-57.5,345,3.926690674
-57.5,347,4.054406738
-57.5,349,4.140039063
-57.5,351,4.195672607
-57.5,353,4.231195068
-57.5,355,4.319909668
-57.5,357,4.435357666
-57.5,359,4.501489258
-56.5,1,4.657128906
-56.5,3,4.602685547
-56.5,5,4.507745361
-56.5,7,4.430505371
-56.5,9,4.400994873
-56.5,11,4.442132568
-56.5,13,4.587579346
-56.5,15,4.749688721
-56.5,17,4.843591309
-56.5,19,4.926660156
-56.5,21,5.063317871
-56.5,23,5.169061279
-56.5,25,5.159570313
-56.5,27,5.102166748
-56.5,29,5.04140625
-56.5,31,4.96831665
-56.5,33,4.83651123
-56.5,35,4.667474365
-56.5,37,4.563165283
-56.5,39,4.531213379
-56.5,41,4.536431885
-56.5,43,4.576898193
-56.5,45,4.64800415
-56.5,47,4.734552002
-56.5,49,4.785150146
-56.5,51,4.840844727
-56.5,53,4.901483154
-56.5,55,4.922601318
-56.5,57,4.925408936
-56.5,59,4.898553467
-56.5,61,4.866479492
-56.5,63,4.830957031
-56.5,65,4.810174561
-56.5,67,4.806115723
-56.5,69,4.771844482
-56.5,71,4.73079834
-56.5,73,4.753778076
-56.5,75,4.850976563
-56.5,77,5.040063477
-56.5,79,5.293908691
-56.5,81,5.561181641
-56.5,83,5.797509766
-56.5,85,5.943688965
-56.5,87,6.049432373
-56.5,89,6.140466309
-56.5,91,6.230523682
-56.5,93,6.330926514
-56.5,95,6.380670166
-56.5,97,6.407342529
-56.5,99,6.449639893
-56.5,101,6.473138428
-56.5,103,6.46895752
-56.5,105,6.46932373
-56.5,107,6.498773193
-56.5,109,6.559106445
-56.5,111,6.687677002
-56.5,113,6.838555908
-56.5,115,6.978753662
-56.5,117,7.144525146
-56.5,119,7.316033936
-56.5,121,7.436151123
-56.5,123,7.459100342
-56.5,125,7.430596924
-56.5,127,7.412133789
-56.5,129,7.439172363
-56.5,131,7.547021484
-56.5,133,7.665765381
-56.5,135,7.745263672
-56.5,137,7.856988525
-56.5,139,7.971643066
-56.5,141,8.063684082
-56.5,143,8.162347412
-56.5,145,8.247949219
-56.5,147,8.331903076
-56.5,149,8.415673828
-56.5,151,8.512780762
-56.5,153,8.66060791
-56.5,155,8.848260498
-56.5,157,9.064996338
-56.5,159,9.246362305
-56.5,161,9.507684326
-56.5,163,9.83223877
-56.5,165,9.999780273
-56.5,167,9.937188721
-56.5,169,9.726464844
-56.5,171,9.495629883
-56.5,173,9.213128662
-56.5,175,8.884637451
-56.5,177,8.596002197
-56.5,179,8.446923828
-56.5,181,8.410760498
-56.5,183,8.440484619
-56.5,185,8.520684814
-56.5,187,8.586480713
-56.5,189,8.614251709
-56.5,191,8.608056641
-56.5,193,8.630944824
-56.5,195,8.671685791
-56.5,197,8.748712158
-56.5,199,8.853509521
-56.5,201,8.940911865
-56.5,203,9.023614502
-56.5,205,9.068963623
-56.5,207,9.101190186
-56.5,209,9.133233643
-56.5,211,9.146478271
-56.5,213,9.186761475
-56.5,215,9.230859375
-56.5,217,9.220880127
-56.5,219,9.251245117
-56.5,221,9.297387695
-56.5,223,9.246606445
-56.5,225,9.144250488
-56.5,227,8.950494385
-56.5,229,8.740014648
-56.5,231,8.598077393
-56.5,233,8.482965088
-56.5,235,8.37935791
-56.5,237,8.232995605
-56.5,239,8.053552246
-56.5,241,7.857568359
-56.5,243,7.661431885
-56.5,245,7.489129639
-56.5,247,7.308679199
-56.5,249,7.056817627
-56.5,251,6.765008545
-56.5,253,6.499475098
-56.5,255,6.271966553
-56.5,257,6.064447021
-56.5,259,5.879174805
-56.5,261,5.702172852
-56.5,263,5.553857422
-56.5,265,5.498010254
-56.5,267,5.484887695
-56.5,269,5.507867432
-56.5,271,5.516442871
-56.5,273,5.493798828
-56.5,275,5.429345703
-56.5,277,5.583764648
-56.5,279,5.942102051
-56.5,281,6.541955566
-56.5,283,7.704400635
-56.5,285,8.762445068
-56.5,287,9.120599365
-56.5,289,9.055291748
-56.5,291,8.859643555
-56.5,293,8.578668213
-56.5,295,8.257958984
-56.5,297,7.894372559
-56.5,299,7.593438721
-56.5,301,7.339349365
-56.5,303,6.931085205
-56.5,305,6.226739502
-56.5,307,5.198205566
-56.5,309,4.290826416
-56.5,311,3.679742432
-56.5,313,3.268548584
-56.5,315,3.081384277
-56.5,317,3.105554199
-56.5,319,3.329614258
-56.5,321,3.49630127
-56.5,323,3.58651123
-56.5,325,3.653100586
-56.5,327,3.653253174
-56.5,329,3.643579102
-56.5,331,3.684350586
-56.5,333,3.720025635
-56.5,335,3.700524902
-56.5,337,3.669702148
-56.5,339,3.698602295
-56.5,341,3.816796875
-56.5,343,3.935876465
-56.5,345,4.042596436
-56.5,347,4.163110352
-56.5,349,4.263635254
-56.5,351,4.328210449
-56.5,353,4.359552002
-56.5,355,4.425195313
-56.5,357,4.555352783
-56.5,359,4.649926758
-55.5,1,4.80199585
-55.5,3,4.752801514
-55.5,5,4.667260742
-55.5,7,4.605554199
-55.5,9,4.5480896
-55.5,11,4.536553955
-55.5,13,4.646508789
-55.5,15,4.83059082
-55.5,17,4.975976563
-55.5,19,5.076837158
-55.5,21,5.194390869
-55.5,23,5.292810059
-55.5,25,5.294488525
-55.5,27,5.255700684
-55.5,29,5.227105713
-55.5,31,5.167260742
-55.5,33,5.065667725
-55.5,35,4.925958252
-55.5,37,4.788873291
-55.5,39,4.698236084
-55.5,41,4.677575684
-55.5,43,4.723077393
-55.5,45,4.7980896
-55.5,47,4.869866943
-55.5,49,4.903894043
-55.5,51,4.959619141
-55.5,53,5.025689697
-55.5,55,5.081903076
-55.5,57,5.128198242
-55.5,59,5.137994385
-55.5,61,5.124902344
-55.5,63,5.087609863
-55.5,65,5.067926025
-55.5,67,5.060754395
-55.5,69,5.01317749
-55.5,71,4.953729248
-55.5,73,4.944421387
-55.5,75,4.996911621
-55.5,77,5.156091309
-55.5,79,5.369439697
-55.5,81,5.61159668
-55.5,83,5.891473389
-55.5,85,6.113458252
-55.5,87,6.225610352
-55.5,89,6.248010254
-55.5,91,6.344232178
-55.5,93,6.538171387
-55.5,95,6.683526611
-55.5,97,6.785577393
-55.5,99,6.842126465
-55.5,101,6.850030518
-55.5,103,6.849755859
-55.5,105,6.861108398
-55.5,107,6.894616699
-55.5,109,6.947503662
-55.5,111,7.061761475
-55.5,113,7.201745605
-55.5,115,7.364099121
-55.5,117,7.553704834
-55.5,119,7.711206055
-55.5,121,7.814355469
-55.5,123,7.841394043
-55.5,125,7.789025879
-55.5,127,7.724816895
-55.5,129,7.700646973
-55.5,131,7.745202637
-55.5,133,7.862634277
-55.5,135,7.961785889
-55.5,137,8.04329834
-55.5,139,8.152246094
-55.5,141,8.293389893
-55.5,143,8.437615967
-55.5,145,8.529412842
-55.5,147,8.587976074
-55.5,149,8.635095215
-55.5,151,8.720635986
-55.5,153,8.869226074
-55.5,155,9.044000244
-55.5,157,9.281610107
-55.5,159,9.522668457
-55.5,161,9.825006104
-55.5,163,10.17983398
-55.5,165,10.33318481
-55.5,167,10.21578369
-55.5,169,9.989129639
-55.5,171,9.791009521
-55.5,173,9.56774292
-55.5,175,9.291070557
-55.5,177,8.994714355
-55.5,179,8.784967041
-55.5,181,8.711297607
-55.5,183,8.748193359
-55.5,185,8.870965576
-55.5,187,8.994989014
-55.5,189,9.061120605
-55.5,191,9.075250244
-55.5,193,9.089532471
-55.5,195,9.081903076
-55.5,197,9.100610352
-55.5,199,9.180657959
-55.5,201,9.284173584
-55.5,203,9.388024902
-55.5,205,9.448052979
-55.5,207,9.479302979
-55.5,209,9.497918701
-55.5,211,9.514520264
-55.5,213,9.573144531
-55.5,215,9.628594971
-55.5,217,9.611474609
-55.5,219,9.62053833
-55.5,221,9.654595947
-55.5,223,9.622338867
-55.5,225,9.568933105
-55.5,227,9.448968506
-55.5,229,9.296136475
-55.5,231,9.172906494
-55.5,233,9.047021484
-55.5,235,8.900445557
-55.5,237,8.709222412
-55.5,239,8.515710449
-55.5,241,8.348840332
-55.5,243,8.212945557
-55.5,245,8.114892578
-55.5,247,7.992913818
-55.5,249,7.77578125
-55.5,251,7.516625977
-55.5,253,7.248101807
-55.5,255,6.986413574
-55.5,257,6.764123535
-55.5,259,6.568292236
-55.5,261,6.357080078
-55.5,263,6.159509277
-55.5,265,6.066430664
-55.5,267,6.043145752
-55.5,269,6.06786499
-55.5,271,6.027154541
-55.5,273,5.987207031
-55.5,275,6.009576416
-55.5,277,6.41451416
-55.5,279,6.970849609
-55.5,281,7.704797363
-55.5,283,8.832849121
-55.5,285,9.398248291
-55.5,287,9.362695313
-55.5,289,9.176660156
-55.5,291,NaN
-55.5,293,8.741693115
-55.5,295,8.612023926
-55.5,297,8.309625244
-55.5,299,7.929498291
-55.5,301,7.642022705
-55.5,303,7.1496521
-55.5,305,6.498651123
-55.5,307,5.604516602
-55.5,309,4.799401855
-55.5,311,4.155633545
-55.5,313,3.600793457
-55.5,315,3.308862305
-55.5,317,3.288446045
-55.5,319,3.503869629
-55.5,321,3.663415527
-55.5,323,3.73079834
-55.5,325,3.783410645
-55.5,327,3.803308105
-55.5,329,3.849328613
-55.5,331,3.915063477
-55.5,333,3.938531494
-55.5,335,3.913995361
-55.5,337,3.885003662
-55.5,339,3.890527344
-55.5,341,3.966485596
-55.5,343,4.071313477
-55.5,345,4.164483643
-55.5,347,4.281854248
-55.5,349,4.397271729
-55.5,351,4.473901367
-55.5,353,4.51809082
-55.5,355,4.563989258
-55.5,357,4.688317871
-55.5,359,4.788690186
-54.5,1,4.932427979
-54.5,3,4.917840576
-54.5,5,4.855218506
-54.5,7,4.812341309
-54.5,9,4.751245117
-54.5,11,4.704003906
-54.5,13,4.754418945
-54.5,15,4.907891846
-54.5,17,5.085748291
-54.5,19,5.217645264
-54.5,21,5.305841064
-54.5,23,5.359338379
-54.5,25,5.370050049
-54.5,27,5.376885986
-54.5,29,5.387261963
-54.5,31,5.3472229
-54.5,33,5.277459717
-54.5,35,5.176538086
-54.5,37,5.026208496
-54.5,39,4.904656982
-54.5,41,4.877832031
-54.5,43,4.921624756
-54.5,45,4.991479492
-54.5,47,5.0296875
-54.5,49,5.020227051
-54.5,51,5.054650879
-54.5,53,5.113641357
-54.5,55,5.191888428
-54.5,57,5.276879883
-54.5,59,5.318383789
-54.5,61,5.335687256
-54.5,63,5.322503662
-54.5,65,5.311151123
-54.5,67,5.300469971
-54.5,69,5.243920898
-54.5,71,5.182855225
-54.5,73,5.151330566
-54.5,75,5.1574646
-54.5,77,5.287011719
-54.5,79,5.473840332
-54.5,81,5.688775635
-54.5,83,5.975976563
-54.5,85,6.246850586
-54.5,87,6.379937744
-54.5,89,6.362817383
-54.5,91,6.445733643
-54.5,93,6.683526611
-54.5,95,6.887078857
-54.5,97,7.042169189
-54.5,99,7.113153076
-54.5,101,7.121942139
-54.5,103,7.143792725
-54.5,105,7.192407227
-54.5,107,7.254754639
-54.5,109,7.314691162
-54.5,111,7.41036377
-54.5,113,7.52199707
-54.5,115,7.68404541
-54.5,117,7.883203125
-54.5,119,8.047906494
-54.5,121,8.157983398
-54.5,123,8.188439941
-54.5,125,8.114038086
-54.5,127,7.999353027
-54.5,129,7.915124512
-54.5,131,7.905877686
-54.5,133,8.017449951
-54.5,135,8.120263672
-54.5,137,8.199639893
-54.5,139,8.329125977
-54.5,141,8.499078369
-54.5,143,8.665338135
-54.5,145,8.755273438
-54.5,147,8.803155518
-54.5,149,8.839959717
-54.5,151,8.922723389
-54.5,153,9.087609863
-54.5,155,9.280236816
-54.5,157,9.567193604
-54.5,159,9.886315918
-54.5,161,10.21065674
-54.5,163,10.53051147
-54.5,165,10.59118042
-54.5,167,10.36818848
-54.5,169,10.10482178
-54.5,171,9.918450928
-54.5,173,9.751947021
-54.5,175,9.566308594
-54.5,177,9.314141846
-54.5,179,9.080682373
-54.5,181,8.978326416
-54.5,183,9.009942627
-54.5,185,9.163781738
-54.5,187,9.340814209
-54.5,189,9.434655762
-54.5,191,9.465692139
-54.5,193,9.504632568
-54.5,195,9.495202637
-54.5,197,9.487664795
-54.5,199,9.554101563
-54.5,201,9.662438965
-54.5,203,9.770318604
-54.5,205,9.825769043
-54.5,207,9.848199463
-54.5,209,9.85112915
-54.5,211,9.858148193
-54.5,213,9.926660156
-54.5,215,10.00887451
-54.5,217,10.01567993
-54.5,219,10.02987061
-54.5,221,10.06298218
-54.5,223,10.05397949
-54.5,225,10.03920898
-54.5,227,9.970422363
-54.5,229,9.855493164
-54.5,231,9.715325928
-54.5,233,9.558618164
-54.5,235,9.384637451
-54.5,237,9.173944092
-54.5,239,8.974237061
-54.5,241,8.812493896
-54.5,243,8.69387207
-54.5,245,8.631158447
-54.5,247,8.573632813
-54.5,249,8.415887451
-54.5,251,8.18416748
-54.5,253,7.90847168
-54.5,255,7.629907227
-54.5,257,7.420007324
-54.5,259,7.243127441
-54.5,261,7.018914795
-54.5,263,6.788568115
-54.5,265,6.668939209
-54.5,267,6.614251709
-54.5,269,6.60769043
-54.5,271,6.547906494
-54.5,273,6.562127686
-54.5,275,6.707910156
-54.5,277,7.310968018
-54.5,279,7.942346191
-54.5,281,8.590142822
-54.5,283,9.374536133
-54.5,285,9.508508301
-54.5,287,9.332177734
-54.5,289,9.233666992
-54.5,291,NaN
-54.5,293,8.741693115
-54.5,295,8.677758789
-54.5,297,8.51506958
-54.5,299,8.165155029
-54.5,301,7.871575928
-54.5,303,7.238061523
-54.5,305,6.506951904
-54.5,307,5.627435303
-54.5,309,4.867822266
-54.5,311,4.276635742
-54.5,313,3.76317749
-54.5,315,3.523400879
-54.5,317,3.522454834
-54.5,319,3.717523193
-54.5,321,3.837060547
-54.5,323,3.861444092
-54.5,325,3.886712646
-54.5,327,3.908227539
-54.5,329,3.989038086
-54.5,331,4.077294922
-54.5,333,4.113702393
-54.5,335,4.112054443
-54.5,337,4.098199463
-54.5,339,4.088586426
-54.5,341,4.127801514
-54.5,343,4.229974365
-54.5,345,4.327172852
-54.5,347,4.433496094
-54.5,349,4.539575195
-54.5,351,4.612939453
-54.5,353,4.667779541
-54.5,355,4.694085693
-54.5,357,4.783929443
-54.5,359,4.885736084
-53.5,1,5.05880127
-53.5,3,5.089349365
-53.5,5,5.052178955
-53.5,7,5.01003418
-53.5,9,4.949060059
-53.5,11,4.891748047
-53.5,13,4.919854736
-53.5,15,5.01293335
-53.5,17,5.140283203
-53.5,19,5.267236328
-53.5,21,5.321801758
-53.5,23,5.318322754
-53.5,25,5.336297607
-53.5,27,5.382226563
-53.5,29,5.42723999
-53.5,31,5.430291748
-53.5,33,5.395379639
-53.5,35,5.333184814
-53.5,37,5.210839844
-53.5,39,5.111108398
-53.5,41,5.106164551
-53.5,43,5.146325684
-53.5,45,5.201409912
-53.5,47,5.202386475
-53.5,49,5.144525146
-53.5,51,5.151147461
-53.5,53,5.191583252
-53.5,55,5.263452148
-53.5,57,5.361505127
-53.5,59,5.413049316
-53.5,61,5.461907959
-53.5,63,5.50914917
-53.5,65,5.533685303
-53.5,67,5.525628662
-53.5,69,5.467095947
-53.5,71,5.408685303
-53.5,73,5.353448486
-53.5,75,5.328759766
-53.5,77,5.424432373
-53.5,79,5.571069336
-53.5,81,5.755944824
-53.5,83,6.019616699
-53.5,85,6.297265625
-53.5,87,6.4699646
-53.5,89,6.502435303
-53.5,91,6.593652344
-53.5,93,6.781488037
-53.5,95,6.943353271
-53.5,97,7.110375977
-53.5,99,7.242852783
-53.5,101,7.336785889
-53.5,103,7.426171875
-53.5,105,7.528100586
-53.5,107,7.620294189
-53.5,109,7.675317383
-53.5,111,7.721246338
-53.5,113,7.769342041
-53.5,115,7.898034668
-53.5,117,8.106225586
-53.5,119,8.328881836
-53.5,121,8.482629395
-53.5,123,8.504937744
-53.5,125,8.417230225
-53.5,127,8.293847656
-53.5,129,8.174951172
-53.5,131,8.131036377
-53.5,133,8.207818604
-53.5,135,8.290155029
-53.5,137,8.396295166
-53.5,139,8.543878174
-53.5,141,8.704064941
-53.5,143,8.857232666
-53.5,145,8.941369629
-53.5,147,9.006738281
-53.5,149,9.066003418
-53.5,151,9.147912598
-53.5,153,9.31572876
-53.5,155,9.552697754
-53.5,157,9.908929443
-53.5,159,10.29091797
-53.5,161,10.61593018
-53.5,163,10.85177002
-53.5,165,10.79491577
-53.5,167,10.50570068
-53.5,169,10.22039185
-53.5,171,9.998956299
-53.5,173,9.831384277
-53.5,175,9.698144531
-53.5,177,9.50637207
-53.5,179,9.306665039
-53.5,181,9.206719971
-53.5,183,9.227929688
-53.5,185,9.396569824
-53.5,187,9.603448486
-53.5,189,9.716699219
-53.5,191,9.772637939
-53.5,193,9.856225586
-53.5,195,9.890008545
-53.5,197,9.901940918
-53.5,199,9.970269775
-53.5,201,10.072229
-53.5,203,10.17070923
-53.5,205,10.2071167
-53.5,207,10.21141968
-53.5,209,10.20974121
-53.5,211,10.20916138
-53.5,213,10.27401123
-53.5,215,10.38033447
-53.5,217,10.4180542
-53.5,219,10.45479736
-53.5,221,10.50023804
-53.5,223,10.50338135
-53.5,225,10.50261841
-53.5,227,10.45510254
-53.5,229,10.36928711
-53.5,231,10.21108398
-53.5,233,10.03490601
-53.5,235,9.885369873
-53.5,237,9.687402344
-53.5,239,9.462243652
-53.5,241,9.27086792
-53.5,243,9.13704834
-53.5,245,9.052789307
-53.5,247,9.017022705
-53.5,249,8.930383301
-53.5,251,8.746453857
-53.5,253,8.473748779
-53.5,255,8.187219238
-53.5,257,8.000848389
-53.5,259,7.864434814
-53.5,261,7.653405762
-53.5,263,7.429742432
-53.5,265,7.31585083
-53.5,267,7.217675781
-53.5,269,7.158135986
-53.5,271,7.117791748
-53.5,273,7.226861572
-53.5,275,7.503076172
-53.5,277,8.19954834
-53.5,279,8.816583252
-53.5,281,9.224237061
-53.5,283,9.655938721
-53.5,285,9.719110107
-53.5,287,NaN
-53.5,289,NaN
-53.5,291,NaN
-53.5,293,9.152062988
-53.5,295,8.93605957
-53.5,297,8.747918701
-53.5,299,8.547937012
-53.5,301,8.24755249
-53.5,303,7.456872559
-53.5,305,6.512445068
-53.5,307,5.488305664
-53.5,309,4.671990967
-53.5,311,4.202050781
-53.5,313,3.866876221
-53.5,315,3.737786865
-53.5,317,3.753045654
-53.5,319,3.904229736
-53.5,321,3.98772583
-53.5,323,3.978540039
-53.5,325,3.976617432
-53.5,327,3.98760376
-53.5,329,4.061395264
-53.5,331,4.1546875
-53.5,333,4.231408691
-53.5,335,4.29708252
-53.5,337,4.342095947
-53.5,339,4.345941162
-53.5,341,4.362145996
-53.5,343,4.454156494
-53.5,345,4.54430542
-53.5,347,4.605981445
-53.5,349,4.662896729
-53.5,351,4.728814697
-53.5,353,4.804772949
-53.5,355,4.829431152
-53.5,357,4.870568848
-53.5,359,4.968408203
-52.5,1,5.22979126
-52.5,3,5.289941406
-52.5,5,5.282800293
-52.5,7,5.264520264
-52.5,9,5.209619141
-52.5,11,5.119866943
-52.5,13,5.141168213
-52.5,15,5.215509033
-52.5,17,5.237023926
-52.5,19,5.274865723
-52.5,21,5.286706543
-52.5,23,5.262994385
-52.5,25,5.296411133
-52.5,27,5.342645264
-52.5,29,5.393579102
-52.5,31,5.432519531
-52.5,33,5.437249756
-52.5,35,5.42800293
-52.5,37,5.387963867
-52.5,39,5.359185791
-52.5,41,5.387658691
-52.5,43,5.396081543
-52.5,45,5.393945313
-52.5,47,5.341210938
-52.5,49,5.227593994
-52.5,51,5.196343994
-52.5,53,5.217370605
-52.5,55,5.288964844
-52.5,57,5.397912598
-52.5,59,5.463922119
-52.5,61,5.540002441
-52.5,63,5.656121826
-52.5,65,5.750482178
-52.5,67,5.769555664
-52.5,69,5.712121582
-52.5,71,5.66161499
-52.5,73,5.582177734
-52.5,75,5.518792725
-52.5,77,5.562219238
-52.5,79,5.637628174
-52.5,81,5.775109863
-52.5,83,5.994805908
-52.5,85,6.26595459
-52.5,87,6.499902344
-52.5,89,6.664422607
-52.5,91,6.813531494
-52.5,93,6.911889648
-52.5,95,7.000024414
-52.5,97,7.1625
-52.5,99,7.356439209
-52.5,101,7.539086914
-52.5,103,7.718774414
-52.5,105,7.921990967
-52.5,107,8.067834473
-52.5,109,8.13036499
-52.5,111,8.109185791
-52.5,113,8.053155518
-52.5,115,8.123895264
-52.5,117,8.333551025
-52.5,119,8.598504639
-52.5,121,8.789788818
-52.5,123,8.815698242
-52.5,125,8.733300781
-52.5,127,8.638909912
-52.5,129,8.501306152
-52.5,131,8.421716309
-52.5,133,8.440637207
-52.5,135,8.482385254
-52.5,137,8.612084961
-52.5,139,8.775292969
-52.5,141,8.918878174
-52.5,143,9.047570801
-52.5,145,9.153039551
-52.5,147,9.253686523
-52.5,149,9.315942383
-52.5,151,9.373803711
-52.5,153,9.525109863
-52.5,155,9.808648682
-52.5,157,10.21343384
-52.5,159,10.61330566
-52.5,161,10.91027222
-52.5,163,11.06496582
-52.5,165,10.94994507
-52.5,167,10.71206055
-52.5,169,10.47277222
-52.5,171,10.22393188
-52.5,173,10.02739868
-52.5,175,9.860864258
-52.5,177,9.696130371
-52.5,179,9.547723389
-52.5,181,9.466607666
-52.5,183,9.484735107
-52.5,185,9.652978516
-52.5,187,9.873254395
-52.5,189,10.01143799
-52.5,191,10.10375366
-52.5,193,10.22753296
-52.5,195,10.29882202
-52.5,197,10.32415161
-52.5,199,10.38738403
-52.5,201,10.47722778
-52.5,203,10.56292114
-52.5,205,10.59334717
-52.5,207,10.58138428
-52.5,209,10.58577881
-52.5,211,10.62352905
-52.5,213,10.68609009
-52.5,215,10.7585083
-52.5,217,10.78609619
-52.5,219,10.81774292
-52.5,221,10.86696777
-52.5,223,10.93642578
-52.5,225,10.9868103
-52.5,227,10.97075806
-52.5,229,10.9614502
-52.5,231,10.85424194
-52.5,233,10.68340454
-52.5,235,10.53057251
-52.5,237,10.28807983
-52.5,239,9.969659424
-52.5,241,9.719689941
-52.5,243,9.557000732
-52.5,245,9.437219238
-52.5,247,9.354058838
-52.5,249,9.29744873
-52.5,251,9.191339111
-52.5,253,8.935845947
-52.5,255,8.643426514
-52.5,257,8.462640381
-52.5,259,8.353326416
-52.5,261,8.154046631
-52.5,263,7.955041504
-52.5,265,7.843621826
-52.5,267,7.700494385
-52.5,269,7.578393555
-52.5,271,7.502282715
-52.5,273,7.628656006
-52.5,275,8.042169189
-52.5,277,8.815393066
-52.5,279,9.425042725
-52.5,281,9.603814697
-52.5,283,9.891564941
-52.5,285,10.09581909
-52.5,287,NaN
-52.5,289,NaN
-52.5,291,9.610009766
-52.5,293,9.504449463
-52.5,295,9.496697998
-52.5,297,9.253106689
-52.5,299,8.968927002
-52.5,301,8.705041504
-52.5,303,7.975823975
-52.5,305,6.818719482
-52.5,307,5.558435059
-52.5,309,4.69564209
-52.5,311,4.348046875
-52.5,313,4.097344971
-52.5,315,3.967340088
-52.5,317,3.958154297
-52.5,319,3.999810791
-52.5,321,4.050744629
-52.5,323,4.076654053
-52.5,325,4.072808838
-52.5,327,4.062585449
-52.5,329,4.113641357
-52.5,331,4.196710205
-52.5,333,4.300653076
-52.5,335,4.437219238
-52.5,337,4.566583252
-52.5,339,4.619836426
-52.5,341,4.628381348
-52.5,343,4.70357666
-52.5,345,4.794244385
-52.5,347,4.820336914
-52.5,349,4.83135376
-52.5,351,4.888024902
-52.5,353,4.986749268
-52.5,355,5.060968018
-52.5,357,5.098046875
-52.5,359,5.147393799
-51.5,1,5.380761719
-51.5,3,5.403161621
-51.5,5,5.415032959
-51.5,7,5.466119385
-51.5,9,5.465966797
-51.5,11,5.365930176
-51.5,13,5.340722656
-51.5,15,5.384240723
-51.5,17,5.407067871
-51.5,19,5.439141846
-51.5,21,5.410516357
-51.5,23,5.36940918
-51.5,25,5.408013916
-51.5,27,5.444451904
-51.5,29,5.470574951
-51.5,31,5.491967773
-51.5,33,5.509606934
-51.5,35,5.518579102
-51.5,37,5.533685303
-51.5,39,5.583856201
-51.5,41,5.614831543
-51.5,43,5.570092773
-51.5,45,5.506494141
-51.5,47,5.407495117
-51.5,49,5.25814209
-51.5,51,5.179833984
-51.5,53,5.165917969
-51.5,55,5.232049561
-51.5,57,5.354486084
-51.5,59,5.420709229
-51.5,61,5.484033203
-51.5,63,5.627923584
-51.5,65,5.803491211
-51.5,67,5.891595459
-51.5,69,5.862176514
-51.5,71,5.834588623
-51.5,73,5.797937012
-51.5,75,5.740441895
-51.5,77,5.749475098
-51.5,79,5.802270508
-51.5,81,5.902947998
-51.5,83,6.077386475
-51.5,85,6.348657227
-51.5,87,6.628656006
-51.5,89,6.859094238
-51.5,91,7.050592041
-51.5,93,7.140802002
-51.5,95,7.170709229
-51.5,97,7.263909912
-51.5,99,7.436486816
-51.5,101,7.619897461
-51.5,103,7.833581543
-51.5,105,8.115014648
-51.5,107,8.323907471
-51.5,109,8.42800293
-51.5,111,8.425561523
-51.5,113,8.35894165
-51.5,115,8.392480469
-51.5,117,8.54430542
-51.5,119,8.761315918
-51.5,121,8.95256958
-51.5,123,9.026818848
-51.5,125,8.989465332
-51.5,127,8.922265625
-51.5,129,8.792199707
-51.5,131,8.696893311
-51.5,133,8.698693848
-51.5,135,8.737969971
-51.5,137,8.841027832
-51.5,139,8.952325439
-51.5,141,9.081170654
-51.5,143,9.239526367
-51.5,145,9.376275635
-51.5,147,9.4934021
-51.5,149,9.588494873
-51.5,151,9.70256958
-51.5,153,9.906030273
-51.5,155,10.21209106
-51.5,157,10.59829102
-51.5,159,10.95641479
-51.5,161,11.18847046
-51.5,163,11.22051392
-51.5,165,10.92876587
-51.5,167,10.48186646
-51.5,169,10.23189697
-51.5,171,10.15551147
-51.5,173,10.03728638
-51.5,175,9.878778076
-51.5,177,9.747705078
-51.5,179,9.641778564
-51.5,181,9.578424072
-51.5,183,9.589013672
-51.5,185,9.744012451
-51.5,187,9.985681152
-51.5,189,10.17171631
-51.5,191,10.31902466
-51.5,193,10.49804077
-51.5,195,10.62902222
-51.5,197,10.68511353
-51.5,199,10.74379883
-51.5,201,10.82009277
-51.5,203,10.90255127
-51.5,205,10.94243774
-51.5,207,10.93676147
-51.5,209,10.9571167
-51.5,211,10.99025879
-51.5,213,11.00066528
-51.5,215,11.00652466
-51.5,217,11.00203857
-51.5,219,11.04161987
-51.5,221,11.13097534
-51.5,223,11.25527344
-51.5,225,11.31585083
-51.5,227,11.28066406
-51.5,229,11.26046143
-51.5,231,11.20076904
-51.5,233,11.11040649
-51.5,235,10.98449097
-51.5,237,10.73247681
-51.5,239,10.41854248
-51.5,241,10.17318115
-51.5,243,9.992364502
-51.5,245,9.859063721
-51.5,247,9.745812988
-51.5,249,9.682824707
-51.5,251,9.627862549
-51.5,253,9.387750244
-51.5,255,9.088708496
-51.5,257,8.907098389
-51.5,259,8.807061768
-51.5,261,8.647271729
-51.5,263,8.476953125
-51.5,265,8.363092041
-51.5,267,8.214013672
-51.5,269,8.076196289
-51.5,271,8.036004639
-51.5,273,8.228967285
-51.5,275,8.692193604
-51.5,277,9.402856445
-51.5,279,9.881311035
-51.5,281,9.904138184
-51.5,283,10.0145813
-51.5,285,10.1244751
-51.5,287,NaN
-51.5,289,NaN
-51.5,291,9.771478271
-51.5,293,9.833734131
-51.5,295,9.779626465
-51.5,297,9.526330566
-51.5,299,9.192803955
-51.5,301,8.846704102
-51.5,303,8.30614624
-51.5,305,7.319787598
-51.5,307,5.816796875
-51.5,309,4.866204834
-51.5,311,4.74541626
-51.5,313,4.537255859
-51.5,315,4.333276367
-51.5,317,4.257348633
-51.5,319,4.174615479
-51.5,321,4.209527588
-51.5,323,4.275048828
-51.5,325,4.290155029
-51.5,327,4.285974121
-51.5,329,4.348199463
-51.5,331,4.443383789
-51.5,333,4.545648193
-51.5,335,4.678857422
-51.5,337,4.826776123
-51.5,339,4.917474365
-51.5,341,4.942254639
-51.5,343,4.973535156
-51.5,345,5.011499023
-51.5,347,5.013757324
-51.5,349,5.010461426
-51.5,351,5.071160889
-51.5,353,5.195397949
-51.5,355,5.31661377
-51.5,357,5.381585693
-51.5,359,5.378961182
-50.5,1,5.637750244
-50.5,3,5.611260986
-50.5,5,5.604669189
-50.5,7,5.728753662
-50.5,9,5.794030762
-50.5,11,5.658380127
-50.5,13,5.565667725
-50.5,15,5.567590332
-50.5,17,5.613427734
-50.5,19,5.667077637
-50.5,21,5.615533447
-50.5,23,5.555444336
-50.5,25,5.558740234
-50.5,27,5.55211792
-50.5,29,5.554711914
-50.5,31,5.550134277
-50.5,33,5.532830811
-50.5,35,5.52590332
-50.5,37,5.554437256
-50.5,39,5.647851563
-50.5,41,5.715753174
-50.5,43,5.700097656
-50.5,45,5.654046631
-50.5,47,5.558618164
-50.5,49,5.41149292
-50.5,51,5.295800781
-50.5,53,5.225671387
-50.5,55,5.226068115
-50.5,57,5.319696045
-50.5,59,5.401086426
-50.5,61,5.483575439
-50.5,63,5.634759521
-50.5,65,5.815332031
-50.5,67,5.924188232
-50.5,69,5.915368652
-50.5,71,5.927056885
-50.5,73,5.940179443
-50.5,75,5.900354004
-50.5,77,5.907830811
-50.5,79,5.966729736
-50.5,81,6.032525635
-50.5,83,6.137689209
-50.5,85,6.366143799
-50.5,87,6.65770874
-50.5,89,6.937341309
-50.5,91,7.159570313
-50.5,93,7.255029297
-50.5,95,7.27098999
-50.5,97,7.304742432
-50.5,99,7.417352295
-50.5,101,7.607965088
-50.5,103,7.870965576
-50.5,105,8.202294922
-50.5,107,8.472344971
-50.5,109,8.620019531
-50.5,111,8.648980713
-50.5,113,8.610925293
-50.5,115,8.612390137
-50.5,117,8.693383789
-50.5,119,8.846124268
-50.5,121,9.023461914
-50.5,123,9.121759033
-50.5,125,9.108056641
-50.5,127,9.070458984
-50.5,129,9.027398682
-50.5,131,9.014123535
-50.5,133,9.026544189
-50.5,135,9.060693359
-50.5,137,9.112420654
-50.5,139,9.19072876
-50.5,141,9.320397949
-50.5,143,9.490380859
-50.5,145,9.693170166
-50.5,147,9.850732422
-50.5,149,9.9387146
-50.5,151,10.04989014
-50.5,153,10.24678955
-50.5,155,10.51207886
-50.5,157,10.81313477
-50.5,159,11.11272583
-50.5,161,11.32790527
-50.5,163,11.31206665
-50.5,165,11.05455933
-50.5,167,10.77877197
-50.5,169,10.54259644
-50.5,171,10.28264771
-50.5,173,10.07924805
-50.5,175,9.981256104
-50.5,177,9.922631836
-50.5,179,9.827478027
-50.5,181,9.77767334
-50.5,183,9.839746094
-50.5,185,10.01073608
-50.5,187,10.25924072
-50.5,189,10.48973999
-50.5,191,10.66607056
-50.5,193,10.86226807
-50.5,195,11.03972778
-50.5,197,11.10961304
-50.5,199,11.13115845
-50.5,201,11.18877563
-50.5,203,11.27773438
-50.5,205,11.33388672
-50.5,207,11.34209595
-50.5,209,11.34780273
-50.5,211,11.34118042
-50.5,213,11.31270752
-50.5,215,11.27834473
-50.5,217,11.24376831
-50.5,219,11.30147705
-50.5,221,11.41585693
-50.5,223,11.54113159
-50.5,225,11.62352905
-50.5,227,11.6112915
-50.5,229,11.59356079
-50.5,231,11.57488403
-50.5,233,11.55547485
-50.5,235,11.48815308
-50.5,237,11.29110107
-50.5,239,11.01757202
-50.5,241,10.75661621
-50.5,243,10.52245483
-50.5,245,10.33944092
-50.5,247,10.18447266
-50.5,249,10.06582031
-50.5,251,10.00994263
-50.5,253,9.871881104
-50.5,255,9.643151855
-50.5,257,9.485253906
-50.5,259,9.386560059
-50.5,261,9.246087646
-50.5,263,9.079827881
-50.5,265,8.921075439
-50.5,267,8.751641846
-50.5,269,8.587213135
-50.5,271,8.582940674
-50.5,273,8.841638184
-50.5,275,9.310784912
-50.5,277,9.928338623
-50.5,279,10.26818237
-50.5,281,10.18154297
-50.5,283,10.02810059
-50.5,285,10.01491699
-50.5,287,NaN
-50.5,289,NaN
-50.5,291,10.30880127
-50.5,293,10.37841187
-50.5,295,10.45791016
-50.5,297,10.29784546
-50.5,299,9.838220215
-50.5,301,9.217858887
-50.5,303,8.424707031
-50.5,305,7.428308105
-50.5,307,6.078668213
-50.5,309,5.276269531
-50.5,311,5.330010986
-50.5,313,5.097894287
-50.5,315,4.710656738
-50.5,317,4.516229248
-50.5,319,4.395898438
-50.5,321,4.424737549
-50.5,323,4.495263672
-50.5,325,4.554711914
-50.5,327,4.598565674
-50.5,329,4.670404053
-50.5,331,4.746026611
-50.5,333,4.821679688
-50.5,335,4.94765625
-50.5,337,5.10479126
-50.5,339,5.22991333
-50.5,341,5.28762207
-50.5,343,5.309960938
-50.5,345,5.301904297
-50.5,347,5.275323486
-50.5,349,5.277703857
-50.5,351,5.335015869
-50.5,353,5.473962402
-50.5,355,5.620263672
-50.5,357,5.706933594
-50.5,359,5.690515137
-49.5,1,5.990686035
-49.5,3,5.888574219
-49.5,5,5.817926025
-49.5,7,5.977838135
-49.5,9,6.130090332
-49.5,11,6.023431396
-49.5,13,5.893334961
-49.5,15,5.845788574
-49.5,17,5.876153564
-49.5,19,5.929681396
-49.5,21,5.869561768
-49.5,23,5.7902771
-49.5,25,5.765496826
-49.5,27,5.751031494
-49.5,29,5.767663574
-49.5,31,5.746606445
-49.5,33,5.668939209
-49.5,35,5.626916504
-49.5,37,5.656945801
-49.5,39,5.762445068
-49.5,41,5.841760254
-49.5,43,5.824395752
-49.5,45,5.788110352
-49.5,47,5.719812012
-49.5,49,5.57833252
-49.5,51,5.422692871
-49.5,53,5.303430176
-49.5,55,5.268701172
-49.5,57,5.357263184
-49.5,59,5.463525391
-49.5,61,5.560113525
-49.5,63,5.6965271
-49.5,65,5.853051758
-49.5,67,5.953027344
-49.5,69,5.970910645
-49.5,71,6.0609375
-49.5,73,6.157281494
-49.5,75,6.15078125
-49.5,77,6.15645752
-49.5,79,6.21126709
-49.5,81,6.25020752
-49.5,83,6.302148438
-49.5,85,6.481439209
-49.5,87,6.747186279
-49.5,89,7.033380127
-49.5,91,7.272058105
-49.5,93,7.387109375
-49.5,95,7.413171387
-49.5,97,7.416650391
-49.5,99,7.501519775
-49.5,101,7.710595703
-49.5,103,8.005303955
-49.5,105,8.362237549
-49.5,107,8.671472168
-49.5,109,8.849420166
-49.5,111,8.896844482
-49.5,113,8.871331787
-49.5,115,8.868127441
-49.5,117,8.938348389
-49.5,119,9.068109131
-49.5,121,9.226312256
-49.5,123,9.309869385
-49.5,125,9.284020996
-49.5,127,9.251489258
-49.5,129,9.251397705
-49.5,131,9.280450439
-49.5,133,9.295037842
-49.5,135,9.321435547
-49.5,137,9.366052246
-49.5,139,9.440209961
-49.5,141,9.558251953
-49.5,143,9.730401611
-49.5,145,9.946130371
-49.5,147,10.0979248
-49.5,149,10.199823
-49.5,151,10.34737549
-49.5,153,10.56273804
-49.5,155,10.7953125
-49.5,157,11.01387939
-49.5,159,11.25512085
-49.5,161,11.44075928
-49.5,163,11.44585571
-49.5,165,11.32595215
-49.5,167,11.1708313
-49.5,169,10.87682495
-49.5,171,10.52559814
-49.5,173,10.26763306
-49.5,175,10.09798584
-49.5,177,10.0407959
-49.5,179,9.976251221
-49.5,181,9.935906982
-49.5,183,10.04189453
-49.5,185,10.23674927
-49.5,187,10.48763428
-49.5,189,10.75255737
-49.5,191,10.95049438
-49.5,193,11.16155396
-49.5,195,11.36757813
-49.5,197,11.46148071
-49.5,199,11.49047241
-49.5,201,11.54869995
-49.5,203,11.64562378
-49.5,205,11.71315918
-49.5,207,11.73214111
-49.5,209,11.72237549
-49.5,211,11.69231567
-49.5,213,11.66326294
-49.5,215,11.62999878
-49.5,217,11.58828125
-49.5,219,11.65203247
-49.5,221,11.77071533
-49.5,223,11.88710938
-49.5,225,11.97554932
-49.5,227,11.9664856
-49.5,229,11.94259033
-49.5,231,11.93773804
-49.5,233,11.95809326
-49.5,235,11.94078979
-49.5,237,11.79638062
-49.5,239,11.56289063
-49.5,241,11.31453857
-49.5,243,11.06932983
-49.5,245,10.85997925
-49.5,247,10.66600952
-49.5,249,10.49382935
-49.5,251,10.42077026
-49.5,253,10.3414856
-49.5,255,10.16436157
-49.5,257,10.02477417
-49.5,259,9.926843262
-49.5,261,9.766778564
-49.5,263,9.585656738
-49.5,265,9.428918457
-49.5,267,9.257531738
-49.5,269,9.075219727
-49.5,271,9.096765137
-49.5,273,9.375939941
-49.5,275,9.806451416
-49.5,277,10.33629761
-49.5,279,10.57445679
-49.5,281,10.43486938
-49.5,283,10.1743103
-49.5,285,10.05425415
-49.5,287,NaN
-49.5,289,NaN
-49.5,291,NaN
-49.5,293,10.88652954
-49.5,295,11.02913818
-49.5,297,10.79268799
-49.5,299,10.15566406
-49.5,301,9.148248291
-49.5,303,8.133477783
-49.5,305,7.261987305
-49.5,307,6.183007813
-49.5,309,5.714227295
-49.5,311,6.00637207
-49.5,313,5.800714111
-49.5,315,5.254571533
-49.5,317,4.923760986
-49.5,319,4.774591064
-49.5,321,4.761132813
-49.5,323,4.802850342
-49.5,325,4.887597656
-49.5,327,4.96328125
-49.5,329,5.026177979
-49.5,331,5.08727417
-49.5,333,5.15847168
-49.5,335,5.29342041
-49.5,337,5.47109375
-49.5,339,5.617303467
-49.5,341,5.659814453
-49.5,343,5.630426025
-49.5,345,5.558648682
-49.5,347,5.468408203
-49.5,349,5.458734131
-49.5,351,5.547235107
-49.5,353,5.728601074
-49.5,355,5.920922852
-49.5,357,6.054467773
-49.5,359,6.067010498
-48.5,1,6.415551758
-48.5,3,6.222314453
-48.5,5,6.067956543
-48.5,7,6.231103516
-48.5,9,6.473809814
-48.5,11,6.450952148
-48.5,13,6.314782715
-48.5,15,6.21315918
-48.5,17,6.203027344
-48.5,19,6.240350342
-48.5,21,6.167108154
-48.5,23,6.068597412
-48.5,25,6.043725586
-48.5,27,6.060632324
-48.5,29,6.11272583
-48.5,31,6.086175537
-48.5,33,5.952874756
-48.5,35,5.854241943
-48.5,37,5.846582031
-48.5,39,5.916894531
-48.5,41,5.961419678
-48.5,43,5.912408447
-48.5,45,5.886560059
-48.5,47,5.862695313
-48.5,49,5.73583374
-48.5,51,5.554101563
-48.5,53,5.397637939
-48.5,55,5.355371094
-48.5,57,5.468347168
-48.5,59,5.61184082
-48.5,61,5.718896484
-48.5,63,5.842004395
-48.5,65,5.96920166
-48.5,67,6.027490234
-48.5,69,6.042687988
-48.5,71,6.211175537
-48.5,73,6.421990967
-48.5,75,6.462915039
-48.5,77,6.461816406
-48.5,79,6.506677246
-48.5,81,6.535516357
-48.5,83,6.564752197
-48.5,85,6.6887146
-48.5,87,6.895257568
-48.5,89,7.166131592
-48.5,91,7.411462402
-48.5,93,7.538415527
-48.5,95,7.576043701
-48.5,97,7.579217529
-48.5,99,7.675836182
-48.5,101,7.911706543
-48.5,103,8.213311768
-48.5,105,8.557946777
-48.5,107,8.875787354
-48.5,109,9.071618652
-48.5,111,9.13604126
-48.5,113,9.128900146
-48.5,115,9.154534912
-48.5,117,9.259454346
-48.5,119,9.394769287
-48.5,121,9.5402771
-48.5,123,9.607019043
-48.5,125,9.559777832
-48.5,127,9.510339355
-48.5,129,9.493280029
-48.5,131,9.509118652
-48.5,133,9.518395996
-48.5,135,9.539025879
-48.5,137,9.613183594
-48.5,139,9.701318359
-48.5,141,9.786523438
-48.5,143,9.941400146
-48.5,145,10.12850342
-48.5,147,10.23873291
-48.5,149,10.35427246
-48.5,151,10.5666748
-48.5,153,10.84295044
-48.5,155,11.07128296
-48.5,157,11.22820435
-48.5,159,11.43093262
-48.5,161,11.59078369
-48.5,163,11.63521729
-48.5,165,11.66668091
-48.5,167,11.51677856
-48.5,169,11.15187988
-48.5,171,10.90404663
-48.5,173,10.6774231
-48.5,175,10.34438477
-48.5,177,10.17891846
-48.5,179,10.13225708
-48.5,181,10.10497437
-48.5,183,10.22637329
-48.5,185,10.42958984
-48.5,187,10.67720947
-48.5,189,10.97268066
-48.5,191,11.19762573
-48.5,193,11.44161377
-48.5,195,11.68712769
-48.5,197,11.80870972
-48.5,199,11.86605225
-48.5,201,11.93154297
-48.5,203,12.02456055
-48.5,205,12.08574829
-48.5,207,12.09884033
-48.5,209,12.06948242
-48.5,211,12.03237305
-48.5,213,12.0420166
-48.5,215,12.05654297
-48.5,217,12.04696045
-48.5,219,12.10402832
-48.5,221,12.1960083
-48.5,223,12.29906616
-48.5,225,12.38210449
-48.5,227,12.35384521
-48.5,229,12.30440674
-48.5,231,12.27633057
-48.5,233,12.29229126
-48.5,235,12.30870972
-48.5,237,12.21813354
-48.5,239,12.03447876
-48.5,241,11.83599243
-48.5,243,11.63375244
-48.5,245,11.42955933
-48.5,247,11.20351563
-48.5,249,10.99962769
-48.5,251,10.90484009
-48.5,253,10.82927856
-48.5,255,10.68087158
-48.5,257,10.56862793
-48.5,259,10.48412476
-48.5,261,10.28365479
-48.5,263,10.07640991
-48.5,265,9.942376709
-48.5,267,9.771203613
-48.5,269,9.580957031
-48.5,271,9.609979248
-48.5,273,9.864190674
-48.5,275,10.22768555
-48.5,277,10.68242798
-48.5,279,10.85924683
-48.5,281,10.71630249
-48.5,283,10.44640503
-48.5,285,10.28084717
-48.5,287,NaN
-48.5,289,NaN
-48.5,291,NaN
-48.5,293,11.71895752
-48.5,295,11.49993286
-48.5,297,11.10668335
-48.5,299,10.29958496
-48.5,301,9.004968262
-48.5,303,7.901239014
-48.5,305,7.164697266
-48.5,307,6.318109131
-48.5,309,6.181268311
-48.5,311,6.639367676
-48.5,313,6.482049561
-48.5,315,5.867700195
-48.5,317,5.460656738
-48.5,319,5.302758789
-48.5,321,5.241571045
-48.5,323,5.247521973
-48.5,325,5.323052979
-48.5,327,5.391137695
-48.5,329,5.428491211
-48.5,331,5.483178711
-48.5,333,5.567071533
-48.5,335,5.71920166
-48.5,337,5.909570313
-48.5,339,6.058129883
-48.5,341,6.044976807
-48.5,343,5.916650391
-48.5,345,5.7746521
-48.5,347,5.624169922
-48.5,349,5.618310547
-48.5,351,5.784783936
-48.5,353,6.023980713
-48.5,355,6.258233643
-48.5,357,6.43581543
-48.5,359,6.495996094
-47.5,1,6.885583496
-47.5,3,6.614404297
-47.5,5,6.40645752
-47.5,7,6.564172363
-47.5,9,6.86171875
-47.5,11,6.916345215
-47.5,13,6.779962158
-47.5,15,6.621453857
-47.5,17,6.594842529
-47.5,19,6.634790039
-47.5,21,6.518609619
-47.5,23,6.399163818
-47.5,25,6.406365967
-47.5,27,6.459741211
-47.5,29,6.520013428
-47.5,31,6.489190674
-47.5,33,6.343804932
-47.5,35,6.158227539
-47.5,37,6.021325684
-47.5,39,5.990075684
-47.5,41,5.957055664
-47.5,43,5.911920166
-47.5,45,5.958551025
-47.5,47,5.998101807
-47.5,49,5.919641113
-47.5,51,5.760705566
-47.5,53,5.568536377
-47.5,55,5.488885498
-47.5,57,5.625512695
-47.5,59,5.81987915
-47.5,61,5.949822998
-47.5,63,6.096795654
-47.5,65,6.205499268
-47.5,67,6.181604004
-47.5,69,6.107904053
-47.5,71,6.279351807
-47.5,73,6.618432617
-47.5,75,6.716607666
-47.5,77,6.714593506
-47.5,79,6.768609619
-47.5,81,6.812097168
-47.5,83,6.852868652
-47.5,85,6.895806885
-47.5,87,7.015802002
-47.5,89,7.295129395
-47.5,91,7.546350098
-47.5,93,7.644708252
-47.5,95,7.672235107
-47.5,97,7.700036621
-47.5,99,7.826074219
-47.5,101,8.090112305
-47.5,103,8.382684326
-47.5,105,8.659173584
-47.5,107,8.953851318
-47.5,109,9.163110352
-47.5,111,9.268304443
-47.5,113,9.338677979
-47.5,115,9.41942749
-47.5,117,9.542443848
-47.5,119,9.661187744
-47.5,121,9.808557129
-47.5,123,9.915063477
-47.5,125,9.883050537
-47.5,127,9.818414307
-47.5,129,9.768914795
-47.5,131,9.767358398
-47.5,133,9.791162109
-47.5,135,9.814416504
-47.5,137,9.909814453
-47.5,139,10.01040039
-47.5,141,10.04781494
-47.5,143,10.15566406
-47.5,145,10.33849487
-47.5,147,10.4237915
-47.5,149,10.48366699
-47.5,151,10.71175537
-47.5,153,11.06246338
-47.5,155,11.29992065
-47.5,157,11.4034668
-47.5,159,11.60442505
-47.5,161,11.80120239
-47.5,163,11.84172974
-47.5,165,11.98293457
-47.5,167,11.84093628
-47.5,169,11.52626953
-47.5,171,11.50063477
-47.5,173,11.34438477
-47.5,175,10.90575562
-47.5,177,10.52382813
-47.5,179,10.41906128
-47.5,181,10.43459473
-47.5,183,10.54564819
-47.5,185,10.7187439
-47.5,187,10.95217285
-47.5,189,11.28173218
-47.5,191,11.54186401
-47.5,193,11.84182129
-47.5,195,12.17846069
-47.5,197,12.30391846
-47.5,199,12.33883057
-47.5,201,12.39165649
-47.5,203,12.45675049
-47.5,205,12.48394165
-47.5,207,12.46187744
-47.5,209,12.39251099
-47.5,211,12.33968506
-47.5,213,12.41298828
-47.5,215,12.51656494
-47.5,217,12.59298096
-47.5,219,12.63979492
-47.5,221,12.65978394
-47.5,223,12.73574219
-47.5,225,12.82427368
-47.5,227,12.78585205
-47.5,229,12.69326172
-47.5,231,12.60524902
-47.5,233,12.56643066
-47.5,235,12.61116943
-47.5,237,12.6138855
-47.5,239,12.51809082
-47.5,241,12.38857422
-47.5,243,12.25567017
-47.5,245,12.06435547
-47.5,247,11.80474243
-47.5,249,11.59551392
-47.5,251,11.47780762
-47.5,253,11.3956543
-47.5,255,11.29714355
-47.5,257,11.25982056
-47.5,259,11.21697388
-47.5,261,10.98931274
-47.5,263,10.7539917
-47.5,265,10.58046875
-47.5,267,10.36953125
-47.5,269,10.17766724
-47.5,271,10.18590698
-47.5,273,10.38799438
-47.5,275,10.68273315
-47.5,277,11.06899414
-47.5,279,11.20882568
-47.5,281,11.09185181
-47.5,283,10.70635376
-47.5,285,10.33483276
-47.5,287,NaN
-47.5,289,NaN
-47.5,291,NaN
-47.5,293,11.95409546
-47.5,295,12.17705688
-47.5,297,11.7937561
-47.5,299,10.8555542
-47.5,301,9.640313721
-47.5,303,8.485253906
-47.5,305,7.53560791
-47.5,307,6.829614258
-47.5,309,6.803094482
-47.5,311,7.09041748
-47.5,313,6.901635742
-47.5,315,6.34041748
-47.5,317,6.007806396
-47.5,319,5.898675537
-47.5,321,5.850335693
-47.5,323,5.858270264
-47.5,325,5.8890625
-47.5,327,5.906213379
-47.5,329,5.917687988
-47.5,331,5.960809326
-47.5,333,6.043328857
-47.5,335,6.202630615
-47.5,337,6.361535645
-47.5,339,6.492944336
-47.5,341,6.428491211
-47.5,343,6.183709717
-47.5,345,5.998101807
-47.5,347,5.866174316
-47.5,349,5.944512939
-47.5,351,6.230645752
-47.5,353,6.502008057
-47.5,355,6.714929199
-47.5,357,6.876367188
-47.5,359,6.966577148
-46.5,1,7.400384521
-46.5,3,7.136804199
-46.5,5,6.932092285
-46.5,7,7.085839844
-46.5,9,7.404840088
-46.5,11,7.479425049
-46.5,13,7.330102539
-46.5,15,7.137719727
-46.5,17,7.081506348
-46.5,19,7.117028809
-46.5,21,7.025964355
-46.5,23,6.920220947
-46.5,25,6.891229248
-46.5,27,6.90581665
-46.5,29,6.964929199
-46.5,31,6.93770752
-46.5,33,6.776177979
-46.5,35,6.551019287
-46.5,37,6.355859375
-46.5,39,6.230615234
-46.5,41,6.115686035
-46.5,43,6.079309082
-46.5,45,6.166162109
-46.5,47,6.221368408
-46.5,49,6.198022461
-46.5,51,6.111993408
-46.5,53,5.903955078
-46.5,55,5.75814209
-46.5,57,5.845056152
-46.5,59,6.030084229
-46.5,61,6.17522583
-46.5,63,6.327752686
-46.5,65,6.483300781
-46.5,67,6.524072266
-46.5,69,6.416925049
-46.5,71,6.490686035
-46.5,73,6.821710205
-46.5,75,6.995904541
-46.5,77,7.050958252
-46.5,79,7.121911621
-46.5,81,7.176873779
-46.5,83,7.231256104
-46.5,85,7.26003418
-46.5,87,7.345025635
-46.5,89,7.581628418
-46.5,91,7.802941895
-46.5,93,7.908776855
-46.5,95,7.965325928
-46.5,97,8.032861328
-46.5,99,8.195123291
-46.5,101,8.475640869
-46.5,103,8.774743652
-46.5,105,9.040551758
-46.5,107,9.306054688
-46.5,109,9.489160156
-46.5,111,9.578393555
-46.5,113,9.635430908
-46.5,115,9.707818604
-46.5,117,9.827355957
-46.5,119,9.937677002
-46.5,121,10.07033691
-46.5,123,10.1741272
-46.5,125,10.1635376
-46.5,127,10.11843262
-46.5,129,10.09090576
-46.5,131,10.10790405
-46.5,133,10.1486145
-46.5,135,10.19005737
-46.5,137,10.29268799
-46.5,139,10.38137207
-46.5,141,10.46239624
-46.5,143,10.66155396
-46.5,145,10.85506592
-46.5,147,10.86226807
-46.5,149,10.84008179
-46.5,151,10.97182617
-46.5,153,11.22478638
-46.5,155,11.43831787
-46.5,157,11.53179321
-46.5,159,11.68990479
-46.5,161,11.88805542
-46.5,163,11.96682129
-46.5,165,12.19225464
-46.5,167,12.12001953
-46.5,169,NaN
-46.5,171,11.79314575
-46.5,173,11.68880615
-46.5,175,11.16369019
-46.5,177,10.79631958
-46.5,179,10.68782959
-46.5,181,10.77376709
-46.5,183,10.90334473
-46.5,185,11.02303467
-46.5,187,11.21538696
-46.5,189,11.52141724
-46.5,191,11.77266846
-46.5,193,12.06350098
-46.5,195,12.40575562
-46.5,197,12.56200562
-46.5,199,12.63091431
-46.5,201,12.71026001
-46.5,203,12.77453003
-46.5,205,12.77858887
-46.5,207,12.7574707
-46.5,209,12.71743164
-46.5,211,12.70070801
-46.5,213,12.81682739
-46.5,215,12.9581543
-46.5,217,13.07186279
-46.5,219,13.14489136
-46.5,221,13.15334473
-46.5,223,13.21187744
-46.5,225,13.2980896
-46.5,227,13.26867065
-46.5,229,13.14299927
-46.5,231,12.99450073
-46.5,233,12.93755493
-46.5,235,12.99300537
-46.5,237,13.02684937
-46.5,239,12.9821106
-46.5,241,12.89495239
-46.5,243,12.78292236
-46.5,245,12.59658203
-46.5,247,12.33260498
-46.5,249,12.10656128
-46.5,251,11.97817383
-46.5,253,11.90258179
-46.5,255,11.815271
-46.5,257,11.81636963
-46.5,259,11.80697021
-46.5,261,11.57412109
-46.5,263,11.32793579
-46.5,265,11.15377197
-46.5,267,10.93605957
-46.5,269,10.7262207
-46.5,271,10.68227539
-46.5,273,10.80809937
-46.5,275,11.04000244
-46.5,277,11.38399658
-46.5,279,11.4989563
-46.5,281,11.38930664
-46.5,283,11.05147705
-46.5,285,10.71767578
-46.5,287,NaN
-46.5,289,NaN
-46.5,291,NaN
-46.5,293,12.62639771
-46.5,295,12.84008179
-46.5,297,12.43309937
-46.5,299,11.24303589
-46.5,301,9.873376465
-46.5,303,8.650689697
-46.5,305,7.850671387
-46.5,307,7.59432373
-46.5,309,7.725732422
-46.5,311,7.807580566
-46.5,313,7.516809082
-46.5,315,6.938226318
-46.5,317,6.594873047
-46.5,319,6.479150391
-46.5,321,6.434960938
-46.5,323,6.442163086
-46.5,325,6.455957031
-46.5,327,6.450921631
-46.5,329,6.444573975
-46.5,331,6.477105713
-46.5,333,6.557885742
-46.5,335,6.743035889
-46.5,337,6.920739746
-46.5,339,7.002679443
-46.5,341,6.808953857
-46.5,343,6.429742432
-46.5,345,6.233270264
-46.5,347,6.193536377
-46.5,349,6.371057129
-46.5,351,6.737176514
-46.5,353,7.038812256
-46.5,355,7.236291504
-46.5,357,7.382501221
-46.5,359,7.478601074
-45.5,1,8.022088623
-45.5,3,7.799951172
-45.5,5,7.607171631
-45.5,7,7.727624512
-45.5,9,8.028588867
-45.5,11,8.102929688
-45.5,13,7.94375
-45.5,15,7.731011963
-45.5,17,7.63314209
-45.5,19,7.623590088
-45.5,21,7.528741455
-45.5,23,7.413934326
-45.5,25,7.371453857
-45.5,27,7.400720215
-45.5,29,7.473016357
-45.5,31,7.434075928
-45.5,33,7.229577637
-45.5,35,6.958032227
-45.5,37,6.696405029
-45.5,39,6.476342773
-45.5,41,6.35012207
-45.5,43,6.376031494
-45.5,45,6.490655518
-45.5,47,6.551690674
-45.5,49,6.627770996
-45.5,51,6.700311279
-45.5,53,6.519830322
-45.5,55,6.282830811
-45.5,57,6.274163818
-45.5,59,6.419793701
-45.5,61,6.550378418
-45.5,63,6.663293457
-45.5,65,6.838830566
-45.5,67,6.969934082
-45.5,69,6.902185059
-45.5,71,6.92131958
-45.5,73,7.194024658
-45.5,75,7.373284912
-45.5,77,7.457574463
-45.5,79,7.546411133
-45.5,81,7.615228271
-45.5,83,7.680718994
-45.5,85,7.704187012
-45.5,87,7.757775879
-45.5,89,7.943536377
-45.5,91,8.141351318
-45.5,93,8.277947998
-45.5,95,8.377374268
-45.5,97,8.483850098
-45.5,99,8.667901611
-45.5,101,8.946313477
-45.5,103,9.249841309
-45.5,105,9.503778076
-45.5,107,9.726556396
-45.5,109,9.870599365
-45.5,111,9.92598877
-45.5,113,9.957025146
-45.5,115,10.03521118
-45.5,117,10.16918335
-45.5,119,10.27498779
-45.5,121,10.38375244
-45.5,123,10.45769653
-45.5,125,10.45446167
-45.5,127,10.43132935
-45.5,129,10.45083008
-45.5,131,10.52150879
-45.5,133,10.58919678
-45.5,135,10.63598022
-45.5,137,10.72753296
-45.5,139,10.8204895
-45.5,141,10.98955688
-45.5,143,11.2680603
-45.5,145,11.47561035
-45.5,147,11.4145752
-45.5,149,11.26110229
-45.5,151,11.31463013
-45.5,153,11.48470459
-45.5,155,11.64544067
-45.5,157,11.72493896
-45.5,159,11.82280884
-45.5,161,11.98909912
-45.5,163,12.10219727
-45.5,165,12.35582886
-45.5,167,12.57509766
-45.5,169,NaN
-45.5,171,NaN
-45.5,173,12.16439209
-45.5,175,11.65273438
-45.5,177,11.26656494
-45.5,179,11.11504517
-45.5,181,11.19771729
-45.5,183,11.34499512
-45.5,185,11.40718994
-45.5,187,11.53151855
-45.5,189,11.77480469
-45.5,191,11.97051392
-45.5,193,12.23156128
-45.5,195,12.56566772
-45.5,197,12.77745972
-45.5,199,12.90310059
-45.5,201,13.00808105
-45.5,203,13.09209595
-45.5,205,13.10344849
-45.5,207,13.10506592
-45.5,209,13.09697876
-45.5,211,13.09795532
-45.5,213,13.22091064
-45.5,215,13.38683472
-45.5,217,13.53444824
-45.5,219,13.64067993
-45.5,221,13.66784058
-45.5,223,13.70391235
-45.5,225,13.76546631
-45.5,227,13.72606812
-45.5,229,13.56456909
-45.5,231,13.40010986
-45.5,233,13.35344849
-45.5,235,13.40593872
-45.5,237,13.45626221
-45.5,239,13.45513306
-45.5,241,13.41185913
-45.5,243,13.32113037
-45.5,245,13.15395508
-45.5,247,12.91091309
-45.5,249,12.67733154
-45.5,251,12.52507935
-45.5,253,12.46654663
-45.5,255,12.424646
-45.5,257,12.41677246
-45.5,259,12.38790283
-45.5,261,12.15993652
-45.5,263,11.90874634
-45.5,265,11.75457153
-45.5,267,11.55721436
-45.5,269,11.33947144
-45.5,271,11.2399231
-45.5,273,11.2751709
-45.5,275,11.43740234
-45.5,277,11.74224243
-45.5,279,11.83831177
-45.5,281,11.74440918
-45.5,283,11.50887451
-45.5,285,11.33947144
-45.5,287,NaN
-45.5,289,NaN
-45.5,291,NaN
-45.5,293,NaN
-45.5,295,13.36419067
-45.5,297,13.04476318
-45.5,299,11.90575562
-45.5,301,10.67669067
-45.5,303,9.452844238
-45.5,305,8.64776001
-45.5,307,8.544885254
-45.5,309,8.716760254
-45.5,311,8.637506104
-45.5,313,8.262475586
-45.5,315,7.654534912
-45.5,317,7.252160645
-45.5,319,7.090936279
-45.5,321,7.041680908
-45.5,323,7.040429688
-45.5,325,7.042749023
-45.5,327,7.031732178
-45.5,329,7.019372559
-45.5,331,7.053552246
-45.5,333,7.146844482
-45.5,335,7.354547119
-45.5,337,7.54317627
-45.5,339,7.570703125
-45.5,341,7.240106201
-45.5,343,6.759454346
-45.5,345,6.617700195
-45.5,347,6.69664917
-45.5,349,6.938439941
-45.5,351,7.327935791
-45.5,353,7.643823242
-45.5,355,7.853936768
-45.5,357,8.006646729
-45.5,359,8.096582031
-44.5,1,8.733850098
-44.5,3,8.566491699
-44.5,5,8.391412354
-44.5,7,8.465692139
-44.5,9,8.724481201
-44.5,11,8.789453125
-44.5,13,8.630059814
-44.5,15,8.414117432
-44.5,17,8.274713135
-44.5,19,8.198114014
-44.5,21,8.084161377
-44.5,23,7.95848999
-44.5,25,7.927209473
-44.5,27,7.992974854
-44.5,29,8.065423584
-44.5,31,7.995782471
-44.5,33,7.738214111
-44.5,35,7.432122803
-44.5,37,7.110467529
-44.5,39,6.801538086
-44.5,41,6.717645264
-44.5,43,6.849542236
-44.5,45,6.99175415
-44.5,47,7.045587158
-44.5,49,7.237268066
-44.5,51,7.52175293
-44.5,53,7.401452637
-44.5,55,7.06762085
-44.5,57,6.949700928
-44.5,59,7.047387695
-44.5,61,7.148095703
-44.5,63,7.195428467
-44.5,65,7.357202148
-44.5,67,7.564416504
-44.5,69,7.585626221
-44.5,71,7.608789063
-44.5,73,7.804345703
-44.5,75,7.924829102
-44.5,77,7.991235352
-44.5,79,8.078088379
-44.5,81,8.152734375
-44.5,83,8.221734619
-44.5,85,8.237878418
-44.5,87,8.260614014
-44.5,89,8.397576904
-44.5,91,8.577142334
-44.5,93,8.747979736
-44.5,95,8.889306641
-44.5,97,9.030755615
-44.5,99,9.224053955
-44.5,101,9.482751465
-44.5,103,9.774926758
-44.5,105,10.00103149
-44.5,107,10.17507324
-44.5,109,10.28334961
-44.5,111,10.30794678
-44.5,113,10.32064209
-44.5,115,10.41741333
-44.5,117,10.57180176
-44.5,119,10.67458496
-44.5,121,10.76381836
-44.5,123,10.80465088
-44.5,125,10.80474243
-44.5,127,10.79900513
-44.5,129,10.86455688
-44.5,131,10.98995361
-44.5,133,11.08617554
-44.5,135,11.12957153
-44.5,137,11.2043396
-44.5,139,11.32772217
-44.5,141,11.61150513
-44.5,143,11.93456421
-44.5,145,12.18004761
-44.5,147,12.11040649
-44.5,149,11.74083862
-44.5,151,11.71886597
-44.5,153,11.85863647
-44.5,155,11.97213135
-44.5,157,12.02199707
-44.5,159,12.03954468
-44.5,161,12.14412842
-44.5,163,12.27993164
-44.5,165,12.49517212
-44.5,167,12.55983887
-44.5,169,NaN
-44.5,171,NaN
-44.5,173,12.75298462
-44.5,175,12.34899292
-44.5,177,11.93877563
-44.5,179,11.72805176
-44.5,181,11.74492798
-44.5,183,11.86724243
-44.5,185,11.86461792
-44.5,187,11.91335449
-44.5,189,12.08678589
-44.5,191,12.22026978
-44.5,193,12.45595703
-44.5,195,12.77904663
-44.5,197,13.04525146
-44.5,199,13.22335205
-44.5,201,13.34597168
-44.5,203,13.46096191
-44.5,205,13.49468384
-44.5,207,13.51879272
-44.5,209,13.52648315
-44.5,211,13.51900635
-44.5,213,13.62026367
-44.5,215,13.80562744
-44.5,217,13.9918457
-44.5,219,14.13533936
-44.5,221,14.20180664
-44.5,223,14.21804199
-44.5,225,14.2413269
-44.5,227,14.17635498
-44.5,229,13.98537598
-44.5,231,13.8409668
-44.5,233,13.81612549
-44.5,235,13.85311279
-44.5,237,13.90535889
-44.5,239,13.93502197
-44.5,241,13.9366394
-44.5,243,13.87642822
-44.5,245,13.74025879
-44.5,247,13.53054199
-44.5,249,13.29668579
-44.5,251,13.11339722
-44.5,253,13.07213745
-44.5,255,13.09609375
-44.5,257,13.05806885
-44.5,259,12.98555908
-44.5,261,12.77108154
-44.5,263,12.51296387
-44.5,265,12.38521729
-44.5,267,12.2237793
-44.5,269,12.01143799
-44.5,271,11.86589966
-44.5,273,11.8109375
-44.5,275,11.89748535
-44.5,277,12.15526733
-44.5,279,12.2395874
-44.5,281,12.18001709
-44.5,283,12.05480347
-44.5,285,12.05422363
-44.5,287,NaN
-44.5,289,NaN
-44.5,291,NaN
-44.5,293,NaN
-44.5,295,14.49080811
-44.5,297,13.62093506
-44.5,299,12.72408447
-44.5,301,11.83306274
-44.5,303,10.67748413
-44.5,305,9.747888184
-44.5,307,9.531152344
-44.5,309,9.647607422
-44.5,311,9.466882324
-44.5,313,9.045007324
-44.5,315,8.424768066
-44.5,317,7.957299805
-44.5,319,7.737115479
-44.5,321,7.679498291
-44.5,323,7.66552124
-44.5,325,7.660333252
-44.5,327,7.653833008
-44.5,329,7.642602539
-44.5,331,7.685693359
-44.5,333,7.796655273
-44.5,335,8.018304443
-44.5,337,8.215783691
-44.5,339,8.199975586
-44.5,341,7.734643555
-44.5,343,7.169763184
-44.5,345,7.131341553
-44.5,347,7.35579834
-44.5,349,7.640161133
-44.5,351,8.012872314
-44.5,353,8.32454834
-44.5,355,8.557489014
-44.5,357,8.727075195
-44.5,359,8.805108643
-43.5,1,9.464837646
-43.5,3,9.337335205
-43.5,5,9.207696533
-43.5,7,9.286401367
-43.5,9,9.510827637
-43.5,11,9.556817627
-43.5,13,9.415429688
-43.5,15,9.226708984
-43.5,17,9.075982666
-43.5,19,8.973474121
-43.5,21,8.900598145
-43.5,23,8.849816895
-43.5,25,8.819940186
-43.5,27,8.78939209
-43.5,29,8.759057617
-43.5,31,8.642144775
-43.5,33,8.379296875
-43.5,35,8.125238037
-43.5,37,7.821343994
-43.5,39,7.455041504
-43.5,41,7.380731201
-43.5,43,7.596673584
-43.5,45,7.785638428
-43.5,47,7.796929932
-43.5,49,8.028710938
-43.5,51,8.476953125
-43.5,53,8.420068359
-43.5,55,8.035699463
-43.5,57,7.858789063
-43.5,59,7.92699585
-43.5,61,8.017755127
-43.5,63,8.048120117
-43.5,65,8.199884033
-43.5,67,8.419030762
-43.5,69,8.518518066
-43.5,71,8.587457275
-43.5,73,8.72121582
-43.5,75,8.770043945
-43.5,77,8.764886475
-43.5,79,8.789178467
-43.5,81,8.841027832
-43.5,83,8.901208496
-43.5,85,8.911737061
-43.5,87,8.921746826
-43.5,89,9.021447754
-43.5,91,9.167443848
-43.5,93,9.328881836
-43.5,95,9.49074707
-43.5,97,9.669885254
-43.5,99,9.879815674
-43.5,101,10.11553345
-43.5,103,10.35558472
-43.5,105,10.52663574
-43.5,107,10.67208252
-43.5,109,10.76897583
-43.5,111,10.7892395
-43.5,113,10.79906616
-43.5,115,10.87539063
-43.5,117,10.99715576
-43.5,119,11.09151611
-43.5,121,11.19747314
-43.5,123,11.2579895
-43.5,125,11.29122314
-43.5,127,11.30431519
-43.5,129,11.37130127
-43.5,131,11.46776733
-43.5,133,11.57885132
-43.5,135,11.63546143
-43.5,137,11.71804199
-43.5,139,11.92138062
-43.5,141,12.33892212
-43.5,143,12.69677124
-43.5,145,12.41118774
-43.5,147,NaN
-43.5,149,12.33904419
-43.5,151,12.09987793
-43.5,153,12.2880188
-43.5,155,12.45122681
-43.5,157,12.43087158
-43.5,159,12.34069214
-43.5,161,12.36913452
-43.5,163,12.52709351
-43.5,165,12.71526489
-43.5,167,12.50591431
-43.5,169,NaN
-43.5,171,NaN
-43.5,173,12.87355957
-43.5,175,12.93035278
-43.5,177,12.67974243
-43.5,179,12.5072876
-43.5,181,12.47316895
-43.5,183,12.4114624
-43.5,185,12.33248291
-43.5,187,12.34142456
-43.5,189,12.49599609
-43.5,191,12.65371094
-43.5,193,12.90047607
-43.5,195,13.20586548
-43.5,197,13.45522461
-43.5,199,13.63344727
-43.5,201,13.77929077
-43.5,203,13.92192993
-43.5,205,13.95317993
-43.5,207,13.95403442
-43.5,209,13.95250854
-43.5,211,13.93172607
-43.5,213,14.01366577
-43.5,215,14.21386108
-43.5,217,14.44197998
-43.5,219,14.63271484
-43.5,221,14.7489563
-43.5,223,14.78023682
-43.5,225,14.77999268
-43.5,227,14.68972168
-43.5,229,14.5112854
-43.5,231,14.38466797
-43.5,233,14.34810791
-43.5,235,14.36242065
-43.5,237,14.37838135
-43.5,239,14.39241943
-43.5,241,14.42244873
-43.5,243,14.40441284
-43.5,245,14.29573975
-43.5,247,14.0984436
-43.5,249,13.859552
-43.5,251,13.67162476
-43.5,253,13.61974487
-43.5,255,13.65166626
-43.5,257,13.63674316
-43.5,259,13.59276733
-43.5,261,13.39946899
-43.5,263,13.12096558
-43.5,265,12.99712524
-43.5,267,12.8585144
-43.5,269,12.65664063
-43.5,271,12.48943481
-43.5,273,12.37792358
-43.5,275,12.3895813
-43.5,277,12.57116089
-43.5,279,12.66079102
-43.5,281,12.70012817
-43.5,283,12.59264526
-43.5,285,12.26943359
-43.5,287,NaN
-43.5,289,NaN
-43.5,291,NaN
-43.5,293,NaN
-43.5,295,14.80803833
-43.5,297,14.16988525
-43.5,299,13.21978149
-43.5,301,12.36464844
-43.5,303,11.33928833
-43.5,305,10.53499756
-43.5,307,10.25060425
-43.5,309,10.33782349
-43.5,311,10.14162598
-43.5,313,9.690454102
-43.5,315,9.094934082
-43.5,317,8.642572021
-43.5,319,8.399713135
-43.5,321,8.33840332
-43.5,323,8.318688965
-43.5,325,8.319909668
-43.5,327,8.321405029
-43.5,329,8.307519531
-43.5,331,8.351708984
-43.5,333,8.457177734
-43.5,335,8.677209473
-43.5,337,8.91729126
-43.5,339,8.890100098
-43.5,341,8.281274414
-43.5,343,7.58336792
-43.5,345,7.635736084
-43.5,347,8.058251953
-43.5,349,8.425653076
-43.5,351,8.792840576
-43.5,353,9.084313965
-43.5,355,9.297784424
-43.5,357,9.456384277
-43.5,359,9.529870605
-42.5,1,10.31087646
-42.5,3,10.21367798
-42.5,5,10.11858521
-42.5,7,10.1982666
-42.5,9,10.39476929
-42.5,11,10.41759644
-42.5,13,10.27440796
-42.5,15,10.09435425
-42.5,17,9.917443848
-42.5,19,9.80526123
-42.5,21,9.742852783
-42.5,23,9.660241699
-42.5,25,9.604089355
-42.5,27,9.557489014
-42.5,29,9.488458252
-42.5,31,9.336694336
-42.5,33,9.061334229
-42.5,35,8.849328613
-42.5,37,8.556451416
-42.5,39,8.126397705
-42.5,41,8.132592773
-42.5,43,8.551721191
-42.5,45,8.863641357
-42.5,47,8.894189453
-42.5,49,9.200219727
-42.5,51,9.764001465
-42.5,53,9.695855713
-42.5,55,9.243341064
-42.5,57,9.01394043
-42.5,59,9.05211792
-42.5,61,9.135491943
-42.5,63,9.160180664
-42.5,65,9.295800781
-42.5,67,9.479943848
-42.5,69,9.586694336
-42.5,71,9.649530029
-42.5,73,9.716485596
-42.5,75,9.707574463
-42.5,77,9.64196167
-42.5,79,9.608148193
-42.5,81,9.630090332
-42.5,83,9.671502686
-42.5,85,9.681207275
-42.5,87,9.691827393
-42.5,89,9.764367676
-42.5,91,9.881860352
-42.5,93,10.02861938
-42.5,95,10.19506226
-42.5,97,10.3835083
-42.5,99,10.58086548
-42.5,101,10.7701355
-42.5,103,10.94005737
-42.5,105,11.05187378
-42.5,107,11.17418823
-42.5,109,11.26448975
-42.5,111,11.30098877
-42.5,113,11.34661255
-42.5,115,11.43935547
-42.5,117,11.55550537
-42.5,119,11.63753662
-42.5,121,11.73024902
-42.5,123,11.79186401
-42.5,125,11.84694824
-42.5,127,11.85875854
-42.5,129,11.90828857
-42.5,131,11.955896
-42.5,133,12.07924805
-42.5,135,12.13726196
-42.5,137,12.25533447
-42.5,139,12.4963623
-42.5,141,12.88244019
-42.5,143,13.2088562
-42.5,145,13.10222778
-42.5,147,NaN
-42.5,149,13.05614624
-42.5,151,13.06762085
-42.5,153,12.98259888
-42.5,155,13.04506836
-42.5,157,12.93261108
-42.5,159,12.70134888
-42.5,161,12.59853516
-42.5,163,12.731073
-42.5,165,12.90804443
-42.5,167,12.66582642
-42.5,169,12.64830933
-42.5,171,NaN
-42.5,173,NaN
-42.5,175,13.42940674
-42.5,177,13.40233765
-42.5,179,13.27657471
-42.5,181,13.21868286
-42.5,183,13.01439819
-42.5,185,12.86852417
-42.5,187,12.86623535
-42.5,189,13.03722534
-42.5,191,13.23763428
-42.5,193,13.48684082
-42.5,195,13.75484619
-42.5,197,13.96645508
-42.5,199,14.1140686
-42.5,201,14.26976929
-42.5,203,14.44228516
-42.5,205,14.48775635
-42.5,207,14.49266968
-42.5,209,14.47588501
-42.5,211,14.4248291
-42.5,213,14.45848999
-42.5,215,14.64919434
-42.5,217,14.91881714
-42.5,219,15.15615234
-42.5,221,15.32521973
-42.5,223,15.377771
-42.5,225,15.35460815
-42.5,227,15.2618042
-42.5,229,15.11416016
-42.5,231,14.99028931
-42.5,233,14.93111572
-42.5,235,14.92556152
-42.5,237,14.90801392
-42.5,239,14.89052734
-42.5,241,14.92919312
-42.5,243,14.94469604
-42.5,245,14.85473022
-42.5,247,14.65914307
-42.5,249,14.42476807
-42.5,251,14.27996216
-42.5,253,14.21593628
-42.5,255,14.19841919
-42.5,257,14.1925293
-42.5,259,14.17546997
-42.5,261,14.00518188
-42.5,263,13.73546753
-42.5,265,13.64107666
-42.5,267,13.54195557
-42.5,269,13.35143433
-42.5,271,13.16524658
-42.5,273,13.01729736
-42.5,275,12.96743164
-42.5,277,13.06707153
-42.5,279,13.18752441
-42.5,281,13.31643066
-42.5,283,13.07512817
-42.5,285,12.77358398
-42.5,287,NaN
-42.5,289,NaN
-42.5,291,NaN
-42.5,293,NaN
-42.5,295,16.21645508
-42.5,297,15.14769897
-42.5,299,13.362146
-42.5,301,12.2567688
-42.5,303,11.78914795
-42.5,305,11.22609863
-42.5,307,10.97512207
-42.5,309,11.02721558
-42.5,311,10.82189331
-42.5,313,10.40767822
-42.5,315,9.895043945
-42.5,317,9.455957031
-42.5,319,9.174890137
-42.5,321,9.092950439
-42.5,323,9.062371826
-42.5,325,9.056573486
-42.5,327,9.051324463
-42.5,329,9.030725098
-42.5,331,9.068231201
-42.5,333,9.163110352
-42.5,335,9.386560059
-42.5,337,9.688195801
-42.5,339,9.694238281
-42.5,341,9.019342041
-42.5,343,8.24239502
-42.5,345,8.396630859
-42.5,347,8.998254395
-42.5,349,9.419213867
-42.5,351,9.775811768
-42.5,353,10.02407227
-42.5,355,10.17244873
-42.5,357,10.29335938
-42.5,359,10.36367188
-41.5,1,11.2605835
-41.5,3,11.19036255
-41.5,5,11.13338623
-41.5,7,11.22216187
-41.5,9,11.38759766
-41.5,11,11.3701416
-41.5,13,11.20543823
-41.5,15,11.01400146
-41.5,17,10.8305603
-41.5,19,10.7031189
-41.5,21,10.55440674
-41.5,23,10.50014648
-41.5,25,10.62505493
-41.5,27,10.64550171
-41.5,29,10.53313599
-41.5,31,10.33306274
-41.5,33,9.999871826
-41.5,35,9.790917969
-41.5,37,9.532342529
-41.5,39,9.049462891
-41.5,41,9.156060791
-41.5,43,9.832696533
-41.5,45,10.28460083
-41.5,47,10.33950195
-41.5,49,10.6909729
-41.5,51,11.30370483
-41.5,53,11.18255005
-41.5,55,10.66341553
-41.5,57,10.3850647
-41.5,59,10.38515625
-41.5,61,10.4527832
-41.5,63,10.46486816
-41.5,65,10.57619629
-41.5,67,10.70629272
-41.5,69,10.78106079
-41.5,71,10.79934082
-41.5,73,10.79332886
-41.5,75,10.74447021
-41.5,77,10.64196167
-41.5,79,10.56936035
-41.5,81,10.56194458
-41.5,83,10.574823
-41.5,85,10.57695923
-41.5,87,10.58474121
-41.5,89,10.63408813
-41.5,91,10.72249756
-41.5,93,10.84038696
-41.5,95,10.99331055
-41.5,97,11.16655884
-41.5,99,11.32616577
-41.5,101,11.45528564
-41.5,103,11.55315552
-41.5,105,11.61068115
-41.5,107,11.7138916
-41.5,109,11.80254517
-41.5,111,11.86132202
-41.5,113,11.94841919
-41.5,115,12.04802856
-41.5,117,12.15874634
-41.5,119,12.25039063
-41.5,121,12.33706055
-41.5,123,12.39888916
-41.5,125,12.47863159
-41.5,127,12.48815308
-41.5,129,12.51464233
-41.5,131,12.51238403
-41.5,133,12.64638672
-41.5,135,12.70324097
-41.5,137,12.84441528
-41.5,139,13.05556641
-41.5,141,13.31896362
-41.5,143,13.49303589
-41.5,145,13.08764038
-41.5,147,NaN
-41.5,149,13.08190308
-41.5,151,13.67684326
-41.5,153,13.44622192
-41.5,155,13.41741333
-41.5,157,13.28920898
-41.5,159,12.99984131
-41.5,161,12.82305298
-41.5,163,12.94048462
-41.5,165,13.14919434
-41.5,167,12.98278198
-41.5,169,12.97081909
-41.5,171,13.54052124
-41.5,173,NaN
-41.5,175,14.15203247
-41.5,177,13.98955688
-41.5,179,14.0130249
-41.5,181,14.09472046
-41.5,183,13.79317627
-41.5,185,13.57766113
-41.5,187,13.55153809
-41.5,189,13.71889648
-41.5,191,13.9404541
-41.5,193,14.17400513
-41.5,195,14.39272461
-41.5,197,14.56459961
-41.5,199,14.67678223
-41.5,201,14.82839355
-41.5,203,15.02636108
-41.5,205,15.10131226
-41.5,207,15.12770996
-41.5,209,15.10500488
-41.5,211,15.03283081
-41.5,213,15.01677856
-41.5,215,15.17723999
-41.5,217,15.45726929
-41.5,219,15.71422729
-41.5,221,15.91716919
-41.5,223,15.98696289
-41.5,225,15.95217285
-41.5,227,15.87352905
-41.5,229,15.76116333
-41.5,231,15.6352478
-41.5,233,15.5541626
-41.5,235,15.5284668
-41.5,237,15.48470459
-41.5,239,15.44024048
-41.5,241,15.47164307
-41.5,243,15.50420532
-41.5,245,15.41988525
-41.5,247,15.21657715
-41.5,249,14.99535522
-41.5,251,14.90667114
-41.5,253,14.84594116
-41.5,255,14.78774414
-41.5,257,14.78273926
-41.5,259,14.77538452
-41.5,261,14.63216553
-41.5,263,14.39714966
-41.5,265,14.33492432
-41.5,267,14.27456055
-41.5,269,14.09765015
-41.5,271,13.90480957
-41.5,273,13.74199829
-41.5,275,13.64971313
-41.5,277,13.66680298
-41.5,279,13.8182312
-41.5,281,14.02651367
-41.5,283,13.6713501
-41.5,285,13.8696228
-41.5,287,14.6647583
-41.5,289,NaN
-41.5,291,NaN
-41.5,293,NaN
-41.5,295,NaN
-41.5,297,NaN
-41.5,299,14.19625244
-41.5,301,12.73909912
-41.5,303,12.42550049
-41.5,305,11.88594971
-41.5,307,11.67241821
-41.5,309,11.71709595
-41.5,311,11.51677856
-41.5,313,11.16726074
-41.5,315,10.76848755
-41.5,317,10.35698853
-41.5,319,10.04873047
-41.5,321,9.949334717
-41.5,323,9.904473877
-41.5,325,9.8862854
-41.5,327,9.87633667
-41.5,329,9.85769043
-41.5,331,9.895593262
-41.5,333,9.988885498
-41.5,335,10.20668945
-41.5,337,10.54946289
-41.5,339,10.6112915
-41.5,341,9.953393555
-41.5,343,9.201745605
-41.5,345,9.485009766
-41.5,347,10.2211853
-41.5,349,10.65334473
-41.5,351,10.955896
-41.5,353,11.11937866
-41.5,355,11.1743103
-41.5,357,11.24074707
-41.5,359,11.30217896
-40.5,1,12.2885376
-40.5,3,12.24620972
-40.5,5,12.25185547
-40.5,7,12.38152466
-40.5,9,12.50484619
-40.5,11,12.41164551
-40.5,13,12.20629272
-40.5,15,11.97026978
-40.5,17,11.86925659
-40.5,19,11.70510254
-40.5,21,11.18026123
-40.5,23,11.40371094
-40.5,25,12.29287109
-40.5,27,12.45974121
-40.5,29,12.19078979
-40.5,31,11.90184937
-40.5,33,11.40947876
-40.5,35,11.11663208
-40.5,37,10.98153076
-40.5,39,10.47942505
-40.5,41,10.63530884
-40.5,43,11.56655273
-40.5,45,12.10460815
-40.5,47,12.13488159
-40.5,49,12.42803345
-40.5,51,12.97985229
-40.5,53,12.80321655
-40.5,55,12.25792847
-40.5,57,11.93615112
-40.5,59,11.87807617
-40.5,61,11.90862427
-40.5,63,11.88179932
-40.5,65,11.9621521
-40.5,67,12.05581055
-40.5,69,12.09099731
-40.5,71,12.0336853
-40.5,73,11.95119629
-40.5,75,11.88912354
-40.5,77,11.78933105
-40.5,79,11.71776733
-40.5,81,11.68694458
-40.5,83,11.65780029
-40.5,85,11.63137207
-40.5,87,11.6118103
-40.5,89,11.63991699
-40.5,91,11.69542847
-40.5,93,11.75518188
-40.5,95,11.8741394
-40.5,97,12.01125488
-40.5,99,12.10982666
-40.5,101,12.1770874
-40.5,103,12.22112427
-40.5,105,12.24224243
-40.5,107,12.32827148
-40.5,109,12.42281494
-40.5,111,12.49511108
-40.5,113,12.58846436
-40.5,115,12.61177979
-40.5,117,12.67632446
-40.5,119,12.84401855
-40.5,121,12.9807373
-40.5,123,13.06472168
-40.5,125,13.19298706
-40.5,127,13.22451172
-40.5,129,13.2335144
-40.5,131,13.20290527
-40.5,133,13.34319458
-40.5,135,13.41149292
-40.5,137,13.52590332
-40.5,139,13.59832153
-40.5,141,13.74251709
-40.5,143,13.5491272
-40.5,145,NaN
-40.5,147,NaN
-40.5,149,12.58321533
-40.5,151,12.81133423
-40.5,153,13.11275635
-40.5,155,13.13637695
-40.5,157,13.20101318
-40.5,159,13.09078369
-40.5,161,13.04476318
-40.5,163,13.20290527
-40.5,165,13.47860107
-40.5,167,13.51311646
-40.5,169,13.52327881
-40.5,171,13.74151001
-40.5,173,14.00777588
-40.5,175,NaN
-40.5,177,14.03585205
-40.5,179,14.74343262
-40.5,181,15.26812134
-40.5,183,14.8935791
-40.5,185,14.57988892
-40.5,187,14.46901855
-40.5,189,14.54775391
-40.5,191,14.72316895
-40.5,193,14.91317139
-40.5,195,15.07973633
-40.5,197,15.2328125
-40.5,199,15.33599243
-40.5,201,15.46175537
-40.5,203,15.66826782
-40.5,205,15.79104004
-40.5,207,15.84530029
-40.5,209,15.84157715
-40.5,211,15.79152832
-40.5,213,15.7618042
-40.5,215,15.87258301
-40.5,217,16.0887085
-40.5,219,16.30635986
-40.5,221,16.4956604
-40.5,223,16.56786499
-40.5,225,16.55254517
-40.5,227,16.50335083
-40.5,229,16.41375122
-40.5,231,16.28896484
-40.5,233,16.20189819
-40.5,235,16.14821777
-40.5,237,16.09264526
-40.5,239,16.05513916
-40.5,241,16.06047974
-40.5,243,16.08239136
-40.5,245,15.98458252
-40.5,247,15.76107178
-40.5,249,15.56615601
-40.5,251,15.50216064
-40.5,253,15.48262939
-40.5,255,15.47728882
-40.5,257,15.47008667
-40.5,259,15.42894897
-40.5,261,15.32018433
-40.5,263,15.15645752
-40.5,265,15.09472046
-40.5,267,15.04744873
-40.5,269,14.88570557
-40.5,271,14.71172485
-40.5,273,14.56182251
-40.5,275,14.45861206
-40.5,277,14.39550171
-40.5,279,14.54833374
-40.5,281,14.79961548
-40.5,283,14.57796631
-40.5,285,14.30767212
-40.5,287,14.6647583
-40.5,289,NaN
-40.5,291,NaN
-40.5,293,NaN
-40.5,295,NaN
-40.5,297,NaN
-40.5,299,17.09301147
-40.5,301,15.38991699
-40.5,303,13.61446533
-40.5,305,12.48082886
-40.5,307,12.26333008
-40.5,309,12.39074097
-40.5,311,12.21785889
-40.5,313,11.91762695
-40.5,315,11.6345459
-40.5,317,11.28304443
-40.5,319,10.99328003
-40.5,321,10.90224609
-40.5,323,10.83861694
-40.5,325,10.80907593
-40.5,327,10.81697998
-40.5,329,10.82653198
-40.5,331,10.88890991
-40.5,333,11.01217041
-40.5,335,11.19555054
-40.5,337,11.49309692
-40.5,339,11.60003052
-40.5,341,11.06173096
-40.5,343,10.534021
-40.5,345,10.99016724
-40.5,347,11.7618042
-40.5,349,12.15389404
-40.5,351,12.31310425
-40.5,353,12.3250061
-40.5,355,12.28084717
-40.5,357,12.28768311
-40.5,359,12.32674561
-39.5,1,13.42543945
-39.5,3,13.40133057
-39.5,5,13.40249023
-39.5,7,13.49083862
-39.5,9,13.52364502
-39.5,11,13.33571777
-39.5,13,13.07320557
-39.5,15,12.84197388
-39.5,17,12.60317383
-39.5,19,12.41213379
-39.5,21,12.80269775
-39.5,23,14.13729248
-39.5,25,15.34084473
-39.5,27,15.12767944
-39.5,29,14.60238037
-39.5,31,14.38485107
-39.5,33,13.76741943
-39.5,35,13.29528198
-39.5,37,13.13311157
-39.5,39,12.6798645
-39.5,41,12.91057739
-39.5,43,13.88659058
-39.5,45,14.30758057
-39.5,47,14.21334229
-39.5,49,14.33815918
-39.5,51,14.69527588
-39.5,53,14.4241272
-39.5,55,13.88237915
-39.5,57,13.55751953
-39.5,59,13.45522461
-39.5,61,13.4394165
-39.5,63,13.36501465
-39.5,65,13.3835083
-39.5,67,13.40197144
-39.5,69,13.37093506
-39.5,71,13.24797974
-39.5,73,13.11150513
-39.5,75,13.03722534
-39.5,77,12.94750366
-39.5,79,12.87532959
-39.5,81,12.81768188
-39.5,83,12.75222168
-39.5,85,12.68889771
-39.5,87,12.63579712
-39.5,89,12.6423584
-39.5,91,12.65923462
-39.5,93,12.6562439
-39.5,95,12.7184082
-39.5,97,12.78856812
-39.5,99,12.81118164
-39.5,101,12.81221924
-39.5,103,12.82113037
-39.5,105,12.81151733
-39.5,107,12.88851318
-39.5,109,12.99221191
-39.5,111,12.96904907
-39.5,113,13.2050415
-39.5,115,13.4757019
-39.5,117,13.57567749
-39.5,119,13.74093018
-39.5,121,13.81530151
-39.5,123,13.82589111
-39.5,125,13.92403564
-39.5,127,13.92714844
-39.5,129,13.90419922
-39.5,131,13.88259277
-39.5,133,14.05297241
-39.5,135,14.20977173
-39.5,137,14.3387085
-39.5,139,14.27901611
-39.5,141,14.34868774
-39.5,143,14.23262939
-39.5,145,NaN
-39.5,147,NaN
-39.5,149,12.76918945
-39.5,151,12.85097656
-39.5,153,13.19725952
-39.5,155,13.35619507
-39.5,157,13.50820313
-39.5,159,13.42058716
-39.5,161,13.40801392
-39.5,163,13.48183594
-39.5,165,13.68752441
-39.5,167,13.82647095
-39.5,169,13.98201904
-39.5,171,14.10875854
-39.5,173,14.22454224
-39.5,175,NaN
-39.5,177,14.12926636
-39.5,179,15.82073364
-39.5,181,16.65517578
-39.5,183,16.1619812
-39.5,185,15.73070679
-39.5,187,15.48723755
-39.5,189,15.42461548
-39.5,191,15.49581299
-39.5,193,15.6249939
-39.5,195,15.76119385
-39.5,197,15.9197937
-39.5,199,16.03927002
-39.5,201,16.16112671
-39.5,203,16.38082275
-39.5,205,16.53502808
-39.5,207,16.5994812
-39.5,209,16.6128479
-39.5,211,16.58672485
-39.5,213,16.55828247
-39.5,215,16.64098511
-39.5,217,16.79863892
-39.5,219,16.96624146
-39.5,221,17.12301025
-39.5,223,17.18184814
-39.5,225,17.17055664
-39.5,227,17.11715088
-39.5,229,17.02633057
-39.5,231,16.91610107
-39.5,233,16.83773193
-39.5,235,16.76775513
-39.5,237,16.70186768
-39.5,239,16.67736206
-39.5,241,16.66759644
-39.5,243,16.67443237
-39.5,245,16.57906494
-39.5,247,16.34542236
-39.5,249,16.15212402
-39.5,251,16.11092529
-39.5,253,16.14727173
-39.5,255,16.18685303
-39.5,257,16.16466675
-39.5,259,16.08800659
-39.5,261,16.00179443
-39.5,263,15.88271484
-39.5,265,15.81453857
-39.5,267,15.7796875
-39.5,269,15.64385376
-39.5,271,15.50783691
-39.5,273,15.3722168
-39.5,275,15.2739502
-39.5,277,15.13060913
-39.5,279,15.2892395
-39.5,281,15.54290161
-39.5,283,15.57244263
-39.5,285,15.25750122
-39.5,287,14.89348755
-39.5,289,NaN
-39.5,291,NaN
-39.5,293,NaN
-39.5,295,NaN
-39.5,297,NaN
-39.5,299,NaN
-39.5,301,16.3699585
-39.5,303,15.05159912
-39.5,305,13.56624756
-39.5,307,13.02529297
-39.5,309,13.08223877
-39.5,311,12.88250122
-39.5,313,12.63005981
-39.5,315,12.50057373
-39.5,317,12.2940918
-39.5,319,12.08236084
-39.5,321,12.02434692
-39.5,323,11.9704834
-39.5,325,11.96331177
-39.5,327,11.99553833
-39.5,329,12.02297363
-39.5,331,12.10418091
-39.5,333,12.25551758
-39.5,335,12.43709717
-39.5,337,12.70412598
-39.5,339,12.85030518
-39.5,341,12.47371826
-39.5,343,12.18325195
-39.5,345,12.74117432
-39.5,347,13.45931396
-39.5,349,13.76552734
-39.5,351,13.77709351
-39.5,353,13.61980591
-39.5,355,13.44643555
-39.5,357,13.39534912
-39.5,359,13.43679199
-38.5,1,14.62111816
-38.5,3,14.58916626
-38.5,5,14.54442749
-38.5,7,14.54720459
-38.5,9,14.47460327
-38.5,11,14.20983276
-38.5,13,13.90541992
-38.5,15,13.62365112
-38.5,17,13.14711914
-38.5,19,13.21624146
-38.5,21,14.90908203
-38.5,23,17.27269897
-38.5,25,18.58648071
-38.5,27,17.90606079
-38.5,29,17.22387085
-38.5,31,17.23467407
-38.5,33,16.55013428
-38.5,35,15.87160645
-38.5,37,15.59356079
-38.5,39,15.20202026
-38.5,41,15.4637085
-38.5,43,16.31481323
-38.5,45,16.51162109
-38.5,47,16.25481567
-38.5,49,16.16893921
-38.5,51,16.28637085
-38.5,53,15.93505249
-38.5,55,15.43148193
-38.5,57,15.13051758
-38.5,59,14.99395142
-38.5,61,14.9331604
-38.5,63,14.81655273
-38.5,65,14.77028809
-38.5,67,14.70986328
-38.5,69,14.61373291
-38.5,71,14.44286499
-38.5,73,14.27449951
-38.5,75,14.19689331
-38.5,77,14.12545166
-38.5,79,14.04915771
-38.5,81,13.95028076
-38.5,83,13.84026489
-38.5,85,13.73839722
-38.5,87,13.65435181
-38.5,89,13.63543091
-38.5,91,13.61242065
-38.5,93,13.55675659
-38.5,95,13.56063232
-38.5,97,13.55568848
-38.5,99,13.50182495
-38.5,101,13.44173584
-38.5,103,13.43502197
-38.5,105,13.40160522
-38.5,107,13.46248779
-38.5,109,13.527948
-38.5,111,13.3925415
-38.5,113,13.93206177
-38.5,115,14.51036987
-38.5,117,14.56688843
-38.5,119,14.67180786
-38.5,121,14.6632019
-38.5,123,14.62044678
-38.5,125,14.67852173
-38.5,127,14.64077148
-38.5,129,14.58971558
-38.5,131,14.6085144
-38.5,133,14.7991272
-38.5,135,15.05837402
-38.5,137,15.24349365
-38.5,139,15.27001343
-38.5,141,14.93996582
-38.5,143,14.98632202
-38.5,145,NaN
-38.5,147,NaN
-38.5,149,14.01027832
-38.5,151,13.5699707
-38.5,153,13.76506958
-38.5,155,13.83168945
-38.5,157,13.93703613
-38.5,159,13.91936646
-38.5,161,13.90523682
-38.5,163,13.84932861
-38.5,165,13.93432007
-38.5,167,14.12966309
-38.5,169,14.47319946
-38.5,171,14.49044189
-38.5,173,14.36739502
-38.5,175,14.69890747
-38.5,177,NaN
-38.5,179,17.77044067
-38.5,181,17.75020752
-38.5,183,17.21376953
-38.5,185,16.73323975
-38.5,187,16.40697632
-38.5,189,16.23504028
-38.5,191,16.20855103
-38.5,193,16.28154907
-38.5,195,16.40010986
-38.5,197,16.58300171
-38.5,199,16.74385986
-38.5,201,16.88564453
-38.5,203,17.12868652
-38.5,205,17.30648193
-38.5,207,17.36678467
-38.5,209,17.38475952
-38.5,211,17.38311157
-38.5,213,17.37108765
-38.5,215,17.43572388
-38.5,217,17.53255615
-38.5,219,17.64830933
-38.5,221,17.76928101
-38.5,223,17.8043457
-38.5,225,17.78795776
-38.5,227,17.7267395
-38.5,229,17.63805542
-38.5,231,17.54921875
-38.5,233,17.4793335
-38.5,235,17.39849243
-38.5,237,17.3215271
-38.5,239,17.29781494
-38.5,241,17.26766357
-38.5,243,17.24831543
-38.5,245,17.15892944
-38.5,247,16.93752441
-38.5,249,16.76671753
-38.5,251,16.76812134
-38.5,253,16.84938965
-38.5,255,16.90407715
-38.5,257,16.86623535
-38.5,259,16.77034912
-38.5,261,16.70388184
-38.5,263,16.6100708
-38.5,265,16.51674805
-38.5,267,16.48442993
-38.5,269,16.38274536
-38.5,271,16.30126343
-38.5,273,16.18987427
-38.5,275,16.10653076
-38.5,277,15.88329468
-38.5,279,16.05791626
-38.5,281,16.29622803
-38.5,283,16.49648438
-38.5,285,16.05535278
-38.5,287,15.29540405
-38.5,289,NaN
-38.5,291,NaN
-38.5,293,NaN
-38.5,295,NaN
-38.5,297,NaN
-38.5,299,NaN
-38.5,301,NaN
-38.5,303,16.18648682
-38.5,305,14.63103638
-38.5,307,13.92321167
-38.5,309,14.18654785
-38.5,311,14.05809937
-38.5,313,13.70986328
-38.5,315,13.56893311
-38.5,317,13.43743286
-38.5,319,13.31157837
-38.5,321,13.30303345
-38.5,323,13.27800903
-38.5,325,13.29549561
-38.5,327,13.33693848
-38.5,329,13.37374268
-38.5,331,13.47072754
-38.5,333,13.64742432
-38.5,335,13.84526978
-38.5,337,14.09041748
-38.5,339,14.26275024
-38.5,341,14.06044922
-38.5,343,13.99627075
-38.5,345,14.57595215
-38.5,347,15.16091309
-38.5,349,15.33544312
-38.5,351,15.19442139
-38.5,353,14.8996521
-38.5,355,14.63851318
-38.5,357,14.56463013
-38.5,359,14.61879883
-37.5,1,15.80227051
-37.5,3,15.71004639
-37.5,5,15.60201416
-37.5,7,15.50966797
-37.5,9,15.36638794
-37.5,11,15.12023315
-37.5,13,14.87444458
-37.5,15,14.27376709
-37.5,17,13.40792236
-37.5,19,14.64116821
-37.5,21,17.00740967
-37.5,23,18.86049805
-37.5,25,20.37310181
-37.5,27,19.74450073
-37.5,29,19.32674561
-37.5,31,19.7762085
-37.5,33,19.13320313
-37.5,35,18.31487427
-37.5,37,17.84249268
-37.5,39,17.51098022
-37.5,41,17.68398438
-37.5,43,18.19799194
-37.5,45,18.18535767
-37.5,47,17.82711182
-37.5,49,17.56887207
-37.5,51,17.49776611
-37.5,53,17.16881714
-37.5,55,16.75335083
-37.5,57,16.4873291
-37.5,59,16.31856689
-37.5,61,16.22216187
-37.5,63,16.09005127
-37.5,65,16.01101074
-37.5,67,15.91530762
-37.5,69,15.78914795
-37.5,71,15.6067749
-37.5,73,15.43734131
-37.5,75,15.37029419
-37.5,77,15.33123169
-37.5,79,15.24575195
-37.5,81,15.0670105
-37.5,83,14.8817688
-37.5,85,14.75124512
-37.5,87,14.65593872
-37.5,89,14.59615479
-37.5,91,14.53490601
-37.5,93,14.46981201
-37.5,95,14.44051514
-37.5,97,14.37584839
-37.5,99,14.26455078
-37.5,101,14.16115723
-37.5,103,14.17400513
-37.5,105,14.13097534
-37.5,107,14.1567627
-37.5,109,14.01421509
-37.5,111,13.81630859
-37.5,113,14.95195923
-37.5,115,15.52269897
-37.5,117,15.17440186
-37.5,119,15.17449341
-37.5,121,15.18575439
-37.5,123,15.31307373
-37.5,125,15.41530762
-37.5,127,15.3824707
-37.5,129,15.34450684
-37.5,131,15.46270142
-37.5,133,15.58910522
-37.5,135,15.86818848
-37.5,137,16.1458374
-37.5,139,15.6836792
-37.5,141,NaN
-37.5,143,NaN
-37.5,145,NaN
-37.5,147,NaN
-37.5,149,14.29665527
-37.5,151,14.71425781
-37.5,153,14.76876221
-37.5,155,13.95562134
-37.5,157,13.89214478
-37.5,159,14.48339233
-37.5,161,14.50148926
-37.5,163,14.38509521
-37.5,165,14.44088135
-37.5,167,14.67730103
-37.5,169,15.1512085
-37.5,171,15.11287842
-37.5,173,14.80855713
-37.5,175,14.88695679
-37.5,177,NaN
-37.5,179,17.705896
-37.5,181,17.76418457
-37.5,183,17.48043213
-37.5,185,17.15780029
-37.5,187,16.94127808
-37.5,189,16.81560669
-37.5,191,16.7756897
-37.5,193,16.82009277
-37.5,195,16.92122803
-37.5,197,17.14177856
-37.5,199,17.37651978
-37.5,201,17.57610474
-37.5,203,17.86483154
-37.5,205,18.06450806
-37.5,207,18.10686646
-37.5,209,18.09362183
-37.5,211,18.1145874
-37.5,213,18.14708862
-37.5,215,18.19170532
-37.5,217,18.20787964
-37.5,219,18.28127441
-37.5,221,18.38738403
-37.5,223,18.38967285
-37.5,225,18.36119995
-37.5,227,18.33059082
-37.5,229,18.29055176
-37.5,231,18.22530518
-37.5,233,18.13735352
-37.5,235,18.04985962
-37.5,237,17.96193848
-37.5,239,17.88775024
-37.5,241,17.80974731
-37.5,243,17.73018799
-37.5,245,17.62752686
-37.5,247,17.47136841
-37.5,249,17.41561279
-37.5,251,17.52730713
-37.5,253,17.5956665
-37.5,255,17.57610474
-37.5,257,17.54195557
-37.5,259,17.48699341
-37.5,261,17.44924316
-37.5,263,17.36113892
-37.5,265,17.20137939
-37.5,267,17.14089355
-37.5,269,17.08550415
-37.5,271,17.08233032
-37.5,273,17.01925049
-37.5,275,16.95284424
-37.5,277,16.65267334
-37.5,279,16.87502441
-37.5,281,17.14699707
-37.5,283,17.17104492
-37.5,285,16.53170166
-37.5,287,15.42739258
-37.5,289,NaN
-37.5,291,NaN
-37.5,293,NaN
-37.5,295,NaN
-37.5,297,NaN
-37.5,299,NaN
-37.5,301,NaN
-37.5,303,16.14925537
-37.5,305,14.85888062
-37.5,307,14.80141602
-37.5,309,16.29122314
-37.5,311,16.58971558
-37.5,313,15.68636475
-37.5,315,15.00509033
-37.5,317,14.66787109
-37.5,319,14.61629639
-37.5,321,14.68822632
-37.5,323,14.72158203
-37.5,325,14.72765503
-37.5,327,14.72420654
-37.5,329,14.76567993
-37.5,331,14.8819519
-37.5,333,15.0725647
-37.5,335,15.2987915
-37.5,337,15.53310547
-37.5,339,15.69280396
-37.5,341,15.65740356
-37.5,343,15.78881226
-37.5,345,16.26717529
-37.5,347,16.64003906
-37.5,349,16.62700806
-37.5,351,16.32241211
-37.5,353,15.99910889
-37.5,355,15.80089722
-37.5,357,15.79744873
-37.5,359,15.85665283
-36.5,1,16.96605835
-36.5,3,16.81658325
-36.5,5,16.65886841
-36.5,7,16.47619019
-36.5,9,16.22332153
-36.5,11,15.9046875
-36.5,13,15.55565796
-36.5,15,14.92217407
-36.5,17,14.52919922
-36.5,19,16.69927368
-36.5,21,19.24608765
-36.5,23,20.61818848
-36.5,25,21.85003052
-36.5,27,21.42571411
-36.5,29,21.50667725
-36.5,31,22.14940796
-36.5,33,21.45897827
-36.5,35,20.51149902
-36.5,37,19.90990601
-36.5,39,19.55462036
-36.5,41,19.57009277
-36.5,43,19.76589355
-36.5,45,19.57045898
-36.5,47,19.13656006
-36.5,49,18.76311646
-36.5,51,18.55193481
-36.5,53,18.23290405
-36.5,55,17.89373169
-36.5,57,17.6776062
-36.5,59,17.51247559
-36.5,61,17.41051636
-36.5,63,17.28167114
-36.5,65,17.17421875
-36.5,67,17.04259644
-36.5,69,16.88201294
-36.5,71,16.67666016
-36.5,73,16.52150879
-36.5,75,16.49035034
-36.5,77,16.45958862
-36.5,79,16.33907471
-36.5,81,16.11119995
-36.5,83,15.87593994
-36.5,85,15.70797119
-36.5,87,15.59874878
-36.5,89,15.5133606
-36.5,91,15.41707764
-36.5,93,15.32247314
-36.5,95,15.25957642
-36.5,97,15.15889893
-36.5,99,15.00893555
-36.5,101,14.86043701
-36.5,103,14.84224854
-36.5,105,14.76567993
-36.5,107,14.75054321
-36.5,109,14.44020996
-36.5,111,14.51955566
-36.5,113,16.4828125
-36.5,115,17.1536499
-36.5,117,16.44564209
-36.5,119,16.37902222
-36.5,121,16.43334351
-36.5,123,16.57021484
-36.5,125,16.56334839
-36.5,127,16.35186157
-36.5,129,16.18721924
-36.5,131,16.32576904
-36.5,133,16.48858032
-36.5,135,16.80248413
-36.5,137,16.07497559
-36.5,139,NaN
-36.5,141,NaN
-36.5,143,NaN
-36.5,145,NaN
-36.5,147,NaN
-36.5,149,NaN
-36.5,151,14.75093994
-36.5,153,18.24755249
-36.5,155,16.84075317
-36.5,157,15.34887085
-36.5,159,15.38417969
-36.5,161,15.24718628
-36.5,163,15.05318604
-36.5,165,14.78475342
-36.5,167,15.01235352
-36.5,169,15.67250977
-36.5,171,15.78252563
-36.5,173,14.84615479
-36.5,175,14.94378052
-36.5,177,17.50280151
-36.5,179,17.98693237
-36.5,181,18.09404907
-36.5,183,17.88375244
-36.5,185,17.62041626
-36.5,187,17.47161255
-36.5,189,17.39727173
-36.5,191,17.37365112
-36.5,193,17.42052612
-36.5,195,17.52852783
-36.5,197,17.77544556
-36.5,199,18.04570923
-36.5,201,18.2882019
-36.5,203,18.60216675
-36.5,205,18.79625854
-36.5,207,18.8260437
-36.5,209,18.81395874
-36.5,211,18.84786377
-36.5,213,18.8835083
-36.5,215,18.90792236
-36.5,217,18.89278564
-36.5,219,18.94857178
-36.5,221,19.02648315
-36.5,223,19.00444946
-36.5,225,18.98479614
-36.5,227,18.97606812
-36.5,229,18.9453064
-36.5,231,18.87966309
-36.5,233,18.78447876
-36.5,235,18.68178711
-36.5,237,18.57332764
-36.5,239,18.4840332
-36.5,241,18.41253052
-36.5,243,18.346521
-36.5,245,18.25686035
-36.5,247,18.13436279
-36.5,249,18.13778076
-36.5,251,18.29754028
-36.5,253,18.37658081
-36.5,255,18.34847412
-36.5,257,18.34963379
-36.5,259,18.34200439
-36.5,261,18.29650269
-36.5,263,18.18346558
-36.5,265,18.00853882
-36.5,267,17.95775757
-36.5,269,17.91497192
-36.5,271,17.92537842
-36.5,273,17.89464722
-36.5,275,17.84435425
-36.5,277,17.50164185
-36.5,279,17.72573242
-36.5,281,18.01311646
-36.5,283,17.63659058
-36.5,285,16.51409302
-36.5,287,15.46727905
-36.5,289,NaN
-36.5,291,NaN
-36.5,293,NaN
-36.5,295,NaN
-36.5,297,NaN
-36.5,299,NaN
-36.5,301,NaN
-36.5,303,16.13482056
-36.5,305,16.3315979
-36.5,307,16.49584351
-36.5,309,19.03328857
-36.5,311,19.59932861
-36.5,313,18.36147461
-36.5,315,17.30709229
-36.5,317,16.67141113
-36.5,319,16.45192871
-36.5,321,16.41021118
-36.5,323,16.38753662
-36.5,325,16.32967529
-36.5,327,16.26589355
-36.5,329,16.29250488
-36.5,331,16.41167603
-36.5,333,16.60149536
-36.5,335,16.84661255
-36.5,337,17.07906494
-36.5,339,17.24373779
-36.5,341,17.32192383
-36.5,343,17.52648315
-36.5,345,17.8416687
-36.5,347,17.95754395
-36.5,349,17.7522522
-36.5,351,17.37194214
-36.5,353,17.10869751
-36.5,355,17.01146851
-36.5,357,17.05449829
-36.5,359,17.0833374
-35.5,1,18.12713013
-35.5,3,17.92592773
-35.5,5,17.72832642
-35.5,7,17.44576416
-35.5,9,17.047052
-35.5,11,16.58880005
-35.5,13,16.05135498
-35.5,15,15.59850464
-35.5,17,16.07924805
-35.5,19,19.08092651
-35.5,21,21.65657959
-35.5,23,22.54137573
-35.5,25,23.0888916
-35.5,27,22.88561401
-35.5,29,23.55184326
-35.5,31,24.1874939
-35.5,33,23.42507324
-35.5,35,22.32515869
-35.5,37,21.61321411
-35.5,39,21.19747314
-35.5,41,21.0196167
-35.5,43,20.92522583
-35.5,45,20.6
-35.5,47,20.14830933
-35.5,49,19.73372803
-35.5,51,19.43963013
-35.5,53,19.14974365
-35.5,55,18.89455566
-35.5,57,18.74102173
-35.5,59,18.60003052
-35.5,61,18.50866089
-35.5,63,18.39385376
-35.5,65,18.25872192
-35.5,67,18.09316406
-35.5,69,17.89620361
-35.5,71,17.659021
-35.5,73,17.53310547
-35.5,75,17.55736694
-35.5,77,17.51244507
-35.5,79,17.33602295
-35.5,81,17.08895264
-35.5,83,16.83403931
-35.5,85,16.63033447
-35.5,87,16.50756226
-35.5,89,16.40386353
-35.5,91,16.27034912
-35.5,93,16.12947998
-35.5,95,16.03310547
-35.5,97,15.91307983
-35.5,99,15.74102173
-35.5,101,15.55181274
-35.5,103,15.49151001
-35.5,105,15.37862549
-35.5,107,15.32994995
-35.5,109,14.9505249
-35.5,111,15.51207886
-35.5,113,18.37072144
-35.5,115,19.21746216
-35.5,117,18.20775757
-35.5,119,18.11385498
-35.5,121,18.23208008
-35.5,123,18.2484375
-35.5,125,18.01049194
-35.5,127,17.53496704
-35.5,129,17.16317139
-35.5,131,17.24364624
-35.5,133,17.48952637
-35.5,135,17.83193359
-35.5,137,NaN
-35.5,139,NaN
-35.5,141,NaN
-35.5,143,NaN
-35.5,145,NaN
-35.5,147,NaN
-35.5,149,NaN
-35.5,151,18.56594238
-35.5,153,23.18187866
-35.5,155,21.47832642
-35.5,157,17.99221191
-35.5,159,16.86394653
-35.5,161,16.45552979
-35.5,163,16.15258179
-35.5,165,15.32238159
-35.5,167,15.41246948
-35.5,169,16.16814575
-35.5,171,16.50130615
-35.5,173,15.60042725
-35.5,175,17.05007324
-35.5,177,18.04952393
-35.5,179,18.62252197
-35.5,181,18.70931396
-35.5,183,18.42415771
-35.5,185,18.14724121
-35.5,187,18.03661499
-35.5,189,18.01583252
-35.5,191,18.02807007
-35.5,193,18.09813843
-35.5,195,18.22646484
-35.5,197,18.4862915
-35.5,199,18.75725708
-35.5,201,19.02260742
-35.5,203,19.33895264
-35.5,205,19.51229248
-35.5,207,19.54223022
-35.5,209,19.54818115
-35.5,211,19.58031616
-35.5,213,19.59069214
-35.5,215,19.6005188
-35.5,217,19.59728394
-35.5,219,19.65895996
-35.5,221,19.70293579
-35.5,223,19.66738281
-35.5,225,19.66958008
-35.5,227,19.66958008
-35.5,229,19.62127075
-35.5,231,19.54442749
-35.5,233,19.45186768
-35.5,235,19.33165894
-35.5,237,19.20467529
-35.5,239,19.13338623
-35.5,241,19.11147461
-35.5,243,19.10918579
-35.5,245,19.04500732
-35.5,247,18.92754517
-35.5,249,18.94414673
-35.5,251,19.10515747
-35.5,253,19.2121521
-35.5,255,19.22097168
-35.5,257,19.27868042
-35.5,259,19.31691895
-35.5,261,19.23302612
-35.5,263,19.07851563
-35.5,265,18.92595825
-35.5,267,18.91207275
-35.5,269,18.85848389
-35.5,271,18.83126221
-35.5,273,18.81401978
-35.5,275,18.77156982
-35.5,277,18.40014038
-35.5,279,18.58828125
-35.5,281,18.86898193
-35.5,283,17.97356567
-35.5,285,16.30236206
-35.5,287,15.3326355
-35.5,289,NaN
-35.5,291,NaN
-35.5,293,NaN
-35.5,295,NaN
-35.5,297,NaN
-35.5,299,NaN
-35.5,301,NaN
-35.5,303,NaN
-35.5,305,18.71279297
-35.5,307,18.6302124
-35.5,309,21.83577881
-35.5,311,22.41912231
-35.5,313,21.10778198
-35.5,315,19.90053711
-35.5,317,18.98699341
-35.5,319,18.49862061
-35.5,321,18.23916016
-35.5,323,18.10143433
-35.5,325,17.96233521
-35.5,327,17.84517822
-35.5,329,17.85839233
-35.5,331,17.97432861
-35.5,333,18.14922485
-35.5,335,18.40340576
-35.5,337,18.63091431
-35.5,339,18.79625854
-35.5,341,18.94255981
-35.5,343,19.13713989
-35.5,345,19.25438843
-35.5,347,19.11391602
-35.5,349,18.76104126
-35.5,351,18.3958374
-35.5,353,18.25985107
-35.5,355,18.27950439
-35.5,357,18.33898315
-35.5,359,18.306604
-34.5,1,19.3668457
-34.5,3,19.12166748
-34.5,5,18.86333618
-34.5,7,18.4142395
-34.5,9,17.8618103
-34.5,11,17.25310669
-34.5,13,16.73500977
-34.5,15,16.71157227
-34.5,17,17.04000244
-34.5,19,18.44088135
-34.5,21,NaN
-34.5,23,NaN
-34.5,25,23.38292847
-34.5,27,23.90523682
-34.5,29,24.51488647
-34.5,31,25.10384521
-34.5,33,24.6151062
-34.5,35,23.2151123
-34.5,37,22.34603271
-34.5,39,21.91555176
-34.5,41,21.52614746
-34.5,43,21.2401062
-34.5,45,20.90822754
-34.5,47,20.55495605
-34.5,49,20.25994263
-34.5,51,20.06951294
-34.5,53,19.94579468
-34.5,55,19.83120117
-34.5,57,19.74425659
-34.5,59,19.61580811
-34.5,61,19.51107178
-34.5,63,19.37978516
-34.5,65,19.21233521
-34.5,67,19.03518066
-34.5,69,18.81691895
-34.5,71,18.55474243
-34.5,73,18.48549805
-34.5,75,18.56740723
-34.5,77,18.47228394
-34.5,79,18.22741089
-34.5,81,18.00109253
-34.5,83,17.7897583
-34.5,85,17.59472046
-34.5,87,17.45650635
-34.5,89,17.30700073
-34.5,91,17.11449585
-34.5,93,16.91317139
-34.5,95,16.78643188
-34.5,97,16.63820801
-34.5,99,16.45220337
-34.5,101,16.24865112
-34.5,103,16.2796875
-34.5,105,16.22033081
-34.5,107,16.08129272
-34.5,109,16.19173584
-34.5,111,17.11919556
-34.5,113,19.73076782
-34.5,115,20.12935791
-34.5,117,NaN
-34.5,119,NaN
-34.5,121,18.2446228
-34.5,123,19.02837524
-34.5,125,19.27660522
-34.5,127,18.9013916
-34.5,129,18.51567993
-34.5,131,18.37294922
-34.5,133,18.56331787
-34.5,135,18.43428955
-34.5,137,NaN
-34.5,139,NaN
-34.5,141,NaN
-34.5,143,NaN
-34.5,145,NaN
-34.5,147,NaN
-34.5,149,NaN
-34.5,151,23.29387817
-34.5,153,25.39931641
-34.5,155,24.1010376
-34.5,157,21.19387207
-34.5,159,20.11379395
-34.5,161,19.43190918
-34.5,163,18.82467041
-34.5,165,17.54949341
-34.5,167,16.95745239
-34.5,169,16.96364746
-34.5,171,16.9972168
-34.5,173,17.08223877
-34.5,175,18.12713013
-34.5,177,18.62102661
-34.5,179,19.12536011
-34.5,181,19.11663208
-34.5,183,18.85027466
-34.5,185,18.65133057
-34.5,187,18.64196167
-34.5,189,18.70549927
-34.5,191,18.7729126
-34.5,193,18.86672363
-34.5,195,18.99904785
-34.5,197,19.24880371
-34.5,199,19.4973999
-34.5,201,19.74767456
-34.5,203,20.02398071
-34.5,205,20.21904907
-34.5,207,20.31624756
-34.5,209,20.28780518
-34.5,211,20.25405273
-34.5,213,20.24279175
-34.5,215,20.27190552
-34.5,217,20.3293396
-34.5,219,20.41555176
-34.5,221,20.44851074
-34.5,223,20.4359375
-34.5,225,20.4392334
-34.5,227,20.40734253
-34.5,229,20.36898193
-34.5,231,20.32796631
-34.5,233,20.24260864
-34.5,235,20.11968384
-34.5,237,20.02022705
-34.5,239,19.9991394
-34.5,241,20.02831421
-34.5,243,20.05587158
-34.5,245,19.98171387
-34.5,247,19.85805664
-34.5,249,19.87734375
-34.5,251,20.03981934
-34.5,253,20.1774231
-34.5,255,20.21633301
-34.5,257,20.31298218
-34.5,259,20.3543335
-34.5,261,20.2260376
-34.5,263,20.06130371
-34.5,265,19.92321167
-34.5,267,19.92687378
-34.5,269,19.87828979
-34.5,271,19.81026611
-34.5,273,19.77086792
-34.5,275,19.67626343
-34.5,277,19.27276001
-34.5,279,19.40862427
-34.5,281,19.48970947
-34.5,283,18.33828125
-34.5,285,16.9767395
-34.5,287,17.90603027
-34.5,289,20.50795898
-34.5,291,NaN
-34.5,293,NaN
-34.5,295,NaN
-34.5,297,NaN
-34.5,299,NaN
-34.5,301,NaN
-34.5,303,NaN
-34.5,305,NaN
-34.5,307,20.37420044
-34.5,309,22.33492432
-34.5,311,22.42333374
-34.5,313,21.84023438
-34.5,315,20.89690552
-34.5,317,20.09526978
-34.5,319,19.70302734
-34.5,321,19.43065796
-34.5,323,19.28722534
-34.5,325,19.17107544
-34.5,327,19.0982605
-34.5,329,19.16655884
-34.5,331,19.30217896
-34.5,333,19.45498047
-34.5,335,19.69991455
-34.5,337,19.89119873
-34.5,339,20.01067505
-34.5,341,20.13643799
-34.5,343,20.25576172
-34.5,345,20.25332031
-34.5,347,20.06356201
-34.5,349,19.80397949
-34.5,351,19.58339844
-34.5,353,19.56426392
-34.5,355,19.63674316
-34.5,357,19.66536865
-34.5,359,19.56862793
-33.5,1,20.40609131
-33.5,3,20.1020752
-33.5,5,19.78048096
-33.5,7,19.19951782
-33.5,9,18.56102905
-33.5,11,17.85146484
-33.5,13,17.38259277
-33.5,15,17.47133789
-33.5,17,17.29552612
-33.5,19,NaN
-33.5,21,NaN
-33.5,23,NaN
-33.5,25,23.95870361
-33.5,27,24.42617188
-33.5,29,25.09197388
-33.5,31,25.66185913
-33.5,33,25.64348755
-33.5,35,24.02553711
-33.5,37,22.68197021
-33.5,39,22.19649658
-33.5,41,21.78963623
-33.5,43,21.50402222
-33.5,45,21.2708374
-33.5,47,21.04403076
-33.5,49,20.87566528
-33.5,51,20.76714478
-33.5,53,20.744104
-33.5,55,20.71968994
-33.5,57,20.6642395
-33.5,59,20.52697144
-33.5,61,20.40163574
-33.5,63,20.26131592
-33.5,65,20.08898315
-33.5,67,19.92595825
-33.5,69,19.70925293
-33.5,71,19.44616089
-33.5,73,19.41137085
-33.5,75,19.50026855
-33.5,77,19.36544189
-33.5,79,19.0894104
-33.5,81,18.87505493
-33.5,83,18.68679199
-33.5,85,18.49025879
-33.5,87,18.33638916
-33.5,89,18.1625
-33.5,91,17.9416748
-33.5,93,17.71688232
-33.5,95,17.58641968
-33.5,97,17.43258057
-33.5,99,17.26387939
-33.5,101,17.08324585
-33.5,103,17.2335144
-33.5,105,17.14943848
-33.5,107,16.9961792
-33.5,109,17.71764526
-33.5,111,18.71349487
-33.5,113,20.62316284
-33.5,115,21.87261353
-33.5,117,NaN
-33.5,119,NaN
-33.5,121,NaN
-33.5,123,20.32744751
-33.5,125,20.11876831
-33.5,127,20.27053223
-33.5,129,19.85695801
-33.5,131,19.51860962
-33.5,133,19.6635376
-33.5,135,19.40245972
-33.5,137,NaN
-33.5,139,NaN
-33.5,141,NaN
-33.5,143,NaN
-33.5,145,NaN
-33.5,147,NaN
-33.5,149,NaN
-33.5,151,NaN
-33.5,153,26.17543945
-33.5,155,25.59279785
-33.5,157,23.60634766
-33.5,159,22.73839722
-33.5,161,21.93612061
-33.5,163,21.17168579
-33.5,165,19.77218018
-33.5,167,18.79400024
-33.5,169,18.18514404
-33.5,171,17.91356812
-33.5,173,17.85097656
-33.5,175,18.62011108
-33.5,177,19.39937744
-33.5,179,19.83675537
-33.5,181,19.68383179
-33.5,183,19.41079102
-33.5,185,19.27507935
-33.5,187,19.32369385
-33.5,189,19.43328247
-33.5,191,19.53234253
-33.5,193,19.65026245
-33.5,195,19.79668579
-33.5,197,20.03106079
-33.5,199,20.25072632
-33.5,201,20.48607788
-33.5,203,20.73769531
-33.5,205,20.93148193
-33.5,207,21.05150757
-33.5,209,21.01900635
-33.5,211,20.97701416
-33.5,213,20.96950684
-33.5,215,21.015802
-33.5,217,21.10927734
-33.5,219,21.19716797
-33.5,221,21.21483765
-33.5,223,21.22686157
-33.5,225,21.22756348
-33.5,227,21.16564331
-33.5,229,21.12600098
-33.5,231,21.09429321
-33.5,233,21.0175415
-33.5,235,20.91018066
-33.5,237,20.83852539
-33.5,239,20.83950195
-33.5,241,20.88244019
-33.5,243,20.92452393
-33.5,245,20.85054932
-33.5,247,20.73113403
-33.5,249,20.75142822
-33.5,251,20.90487061
-33.5,253,21.05724487
-33.5,255,21.11296997
-33.5,257,21.21795044
-33.5,259,21.24160156
-33.5,261,21.07998047
-33.5,263,20.93004761
-33.5,265,20.83495483
-33.5,267,20.85454712
-33.5,269,20.79476318
-33.5,271,20.68721924
-33.5,273,20.62325439
-33.5,275,20.49196777
-33.5,277,20.08141479
-33.5,279,20.12587891
-33.5,281,19.93795166
-33.5,283,18.56621704
-33.5,285,17.5637146
-33.5,287,18.96477661
-33.5,289,20.64431152
-33.5,291,NaN
-33.5,293,NaN
-33.5,295,NaN
-33.5,297,NaN
-33.5,299,NaN
-33.5,301,NaN
-33.5,303,NaN
-33.5,305,NaN
-33.5,307,22.94005737
-33.5,309,22.57528076
-33.5,311,22.42183838
-33.5,313,22.38762817
-33.5,315,21.58675537
-33.5,317,20.86391602
-33.5,319,20.55428467
-33.5,321,20.30996094
-33.5,323,20.20345459
-33.5,325,20.146875
-33.5,327,20.13897095
-33.5,329,20.26049194
-33.5,331,20.41106567
-33.5,333,20.52700195
-33.5,335,20.73473511
-33.5,337,20.89916382
-33.5,339,20.98308716
-33.5,341,21.08031616
-33.5,343,21.15789185
-33.5,345,21.11263428
-33.5,347,20.94133911
-33.5,349,20.80773315
-33.5,351,20.7265564
-33.5,353,20.77123413
-33.5,355,20.83269653
-33.5,357,20.80144653
-33.5,359,20.63921509
-32.5,1,21.12297974
-32.5,3,20.73232422
-32.5,5,20.3555542
-32.5,7,19.70690308
-32.5,9,19.10045776
-32.5,11,18.35387573
-32.5,13,17.96279297
-32.5,15,17.67437134
-32.5,17,17.18282471
-32.5,19,NaN
-32.5,21,NaN
-32.5,23,NaN
-32.5,25,NaN
-32.5,27,NaN
-32.5,29,NaN
-32.5,31,26.07775269
-32.5,33,26.83257446
-32.5,35,25.14754639
-32.5,37,22.72365723
-32.5,39,22.1524292
-32.5,41,22.05193481
-32.5,43,22.0145813
-32.5,45,21.99294434
-32.5,47,21.88363037
-32.5,49,21.79628906
-32.5,51,21.66466675
-32.5,53,21.59343872
-32.5,55,21.56902466
-32.5,57,21.48891602
-32.5,59,21.31047974
-32.5,61,21.15770874
-32.5,63,21.02840576
-32.5,65,20.89351807
-32.5,67,20.77758179
-32.5,69,20.58910522
-32.5,71,20.35964355
-32.5,73,20.32116089
-32.5,75,20.33257446
-32.5,77,20.18483887
-32.5,79,19.94228516
-32.5,81,19.71044312
-32.5,83,19.49175415
-32.5,85,19.26116333
-32.5,87,19.08916626
-32.5,89,18.93163452
-32.5,91,18.73473511
-32.5,93,18.5468689
-32.5,95,18.4522644
-32.5,97,18.32293091
-32.5,99,18.2138916
-32.5,101,18.09307251
-32.5,103,18.39360962
-32.5,105,18.08962402
-32.5,107,17.99547729
-32.5,109,19.500177
-32.5,111,20.15422974
-32.5,113,20.85543213
-32.5,115,21.83623657
-32.5,117,NaN
-32.5,119,NaN
-32.5,121,NaN
-32.5,123,NaN
-32.5,125,20.11882935
-32.5,127,20.77492676
-32.5,129,21.0241333
-32.5,131,20.59383545
-32.5,133,NaN
-32.5,135,NaN
-32.5,137,NaN
-32.5,139,NaN
-32.5,141,NaN
-32.5,143,NaN
-32.5,145,NaN
-32.5,147,NaN
-32.5,149,NaN
-32.5,151,NaN
-32.5,153,26.43758545
-32.5,155,25.78551636
-32.5,157,24.67470703
-32.5,159,23.81972656
-32.5,161,23.08165894
-32.5,163,22.41259155
-32.5,165,21.40236816
-32.5,167,20.68172607
-32.5,169,19.8878418
-32.5,171,19.43129883
-32.5,173,19.36828003
-32.5,175,20.02779541
-32.5,177,20.69875488
-32.5,179,20.87801514
-32.5,181,20.51256714
-32.5,183,20.18306885
-32.5,185,20.07442627
-32.5,187,20.0937439
-32.5,189,20.17983398
-32.5,191,20.26583252
-32.5,193,20.40834961
-32.5,195,20.5934082
-32.5,197,20.81008301
-32.5,199,20.99794922
-32.5,201,21.23494873
-32.5,203,21.50237427
-32.5,205,21.64568481
-32.5,207,21.69494019
-32.5,209,21.72216187
-32.5,211,21.7847229
-32.5,213,21.81881104
-32.5,215,21.86620483
-32.5,217,21.94283447
-32.5,219,21.98595581
-32.5,221,21.9694458
-32.5,223,22.00423584
-32.5,225,22.00167236
-32.5,227,21.9225708
-32.5,229,21.85973511
-32.5,231,21.7796875
-32.5,233,21.71105347
-32.5,235,21.64431152
-32.5,237,21.58809814
-32.5,239,21.55422363
-32.5,241,21.5480896
-32.5,243,21.59172974
-32.5,245,21.54561768
-32.5,247,21.45482788
-32.5,249,21.48101196
-32.5,251,21.60942993
-32.5,253,21.75316772
-32.5,255,21.80950317
-32.5,257,21.88125
-32.5,259,21.86693726
-32.5,261,21.68764648
-32.5,263,21.58376465
-32.5,265,21.58382568
-32.5,267,21.6201416
-32.5,269,21.51848755
-32.5,271,21.37655029
-32.5,273,21.29891357
-32.5,275,21.17247925
-32.5,277,20.81612549
-32.5,279,20.72872314
-32.5,281,20.18929443
-32.5,283,18.51320801
-32.5,285,17.63060913
-32.5,287,19.23241577
-32.5,289,20.74639282
-32.5,291,NaN
-32.5,293,NaN
-32.5,295,NaN
-32.5,297,NaN
-32.5,299,NaN
-32.5,301,NaN
-32.5,303,NaN
-32.5,305,NaN
-32.5,307,NaN
-32.5,309,23.11956177
-32.5,311,23.35869751
-32.5,313,23.40740356
-32.5,315,22.36437378
-32.5,317,21.53005371
-32.5,319,21.1645752
-32.5,321,20.94185791
-32.5,323,20.89849243
-32.5,325,20.92272339
-32.5,327,20.97805176
-32.5,329,21.1267334
-32.5,331,21.27932129
-32.5,333,21.33440552
-32.5,335,21.46361694
-32.5,337,21.63189087
-32.5,339,21.71343384
-32.5,341,21.79946289
-32.5,343,21.9102417
-32.5,345,21.90987549
-32.5,347,21.78328857
-32.5,349,21.74819336
-32.5,351,21.75826416
-32.5,353,21.78225098
-32.5,355,21.75109253
-32.5,357,21.63201294
-32.5,359,21.40651855
-31.5,1,21.71178589
-31.5,3,21.25231323
-31.5,5,20.75249634
-31.5,7,19.92666016
-31.5,9,19.20772705
-31.5,11,18.42678223
-31.5,13,18.07637939
-31.5,15,17.61974487
-31.5,17,16.80846558
-31.5,19,NaN
-31.5,21,NaN
-31.5,23,NaN
-31.5,25,NaN
-31.5,27,NaN
-31.5,29,NaN
-31.5,31,26.23302612
-31.5,33,27.35534058
-31.5,35,26.19240723
-31.5,37,23.36919556
-31.5,39,22.54799805
-31.5,41,22.71077881
-31.5,43,22.94918213
-31.5,45,23.16558228
-31.5,47,23.0090271
-31.5,49,22.78212891
-31.5,51,22.55562744
-31.5,53,22.43422852
-31.5,55,22.34771118
-31.5,57,22.25118408
-31.5,59,22.08806763
-31.5,61,21.95351563
-31.5,63,21.8612915
-31.5,65,21.78057251
-31.5,67,21.70791016
-31.5,69,21.54219971
-31.5,71,21.34203491
-31.5,73,21.27318726
-31.5,75,21.20806274
-31.5,77,21.05211792
-31.5,79,20.83995972
-31.5,81,20.62523804
-31.5,83,20.43956909
-31.5,85,20.24257813
-31.5,87,20.10869751
-31.5,89,19.97945557
-31.5,91,19.7831665
-31.5,93,19.60680542
-31.5,95,19.55040894
-31.5,97,19.46734009
-31.5,99,19.36361084
-31.5,101,19.37786255
-31.5,103,19.76162109
-31.5,105,19.30825195
-31.5,107,19.43200073
-31.5,109,21.08632813
-31.5,111,21.33989868
-31.5,113,21.47280273
-31.5,115,22.12133179
-31.5,117,NaN
-31.5,119,NaN
-31.5,121,NaN
-31.5,123,NaN
-31.5,125,NaN
-31.5,127,NaN
-31.5,129,NaN
-31.5,131,NaN
-31.5,133,NaN
-31.5,135,NaN
-31.5,137,NaN
-31.5,139,NaN
-31.5,141,NaN
-31.5,143,NaN
-31.5,145,NaN
-31.5,147,NaN
-31.5,149,NaN
-31.5,151,NaN
-31.5,153,27.46480713
-31.5,155,26.47686157
-31.5,157,25.57348022
-31.5,159,24.65688477
-31.5,161,23.93337402
-31.5,163,23.32280884
-31.5,165,22.57128296
-31.5,167,22.07793579
-31.5,169,21.37853394
-31.5,171,20.93453369
-31.5,173,20.94484863
-31.5,175,21.50118408
-31.5,177,21.87047729
-31.5,179,21.69185791
-31.5,181,21.1930481
-31.5,183,20.90975342
-31.5,185,20.85640869
-31.5,187,20.8840271
-31.5,189,20.97780762
-31.5,191,21.06881104
-31.5,193,21.21914063
-31.5,195,21.41417847
-31.5,197,21.62798462
-31.5,199,21.83162842
-31.5,201,22.08907471
-31.5,203,22.35683594
-31.5,205,22.47741089
-31.5,207,22.5140625
-31.5,209,22.58165894
-31.5,211,22.67147217
-31.5,213,22.69545898
-31.5,215,22.73076782
-31.5,217,22.79439697
-31.5,219,22.81066284
-31.5,221,22.7831665
-31.5,223,22.8300415
-31.5,225,22.83577881
-31.5,227,22.75444946
-31.5,229,22.67705688
-31.5,231,22.57525024
-31.5,233,22.50811157
-31.5,235,22.47356567
-31.5,237,22.43560181
-31.5,239,22.37481079
-31.5,241,22.32753906
-31.5,243,22.35259399
-31.5,245,22.2857605
-31.5,247,22.17479858
-31.5,249,22.18517456
-31.5,251,22.28792725
-31.5,253,22.42461548
-31.5,255,22.48537598
-31.5,257,22.53414307
-31.5,259,22.50737915
-31.5,261,22.3376709
-31.5,263,22.26482544
-31.5,265,22.30462036
-31.5,267,22.32488403
-31.5,269,22.18752441
-31.5,271,22.01921997
-31.5,273,21.90157471
-31.5,275,21.75124512
-31.5,277,21.38097534
-31.5,279,21.08919678
-31.5,281,20.2854248
-31.5,283,18.55614624
-31.5,285,17.86776123
-31.5,287,19.61785278
-31.5,289,21.1774231
-31.5,291,NaN
-31.5,293,NaN
-31.5,295,NaN
-31.5,297,NaN
-31.5,299,NaN
-31.5,301,NaN
-31.5,303,NaN
-31.5,305,NaN
-31.5,307,NaN
-31.5,309,23.45617065
-31.5,311,23.97652588
-31.5,313,24.18773804
-31.5,315,23.14144287
-31.5,317,22.24794922
-31.5,319,21.83852539
-31.5,321,21.61882935
-31.5,323,21.59679565
-31.5,325,21.66317139
-31.5,327,21.75036011
-31.5,329,21.8979126
-31.5,331,22.02617798
-31.5,333,22.06594238
-31.5,335,22.21022949
-31.5,337,22.43718872
-31.5,339,22.56691895
-31.5,341,22.6632019
-31.5,343,22.74761353
-31.5,345,22.74022827
-31.5,347,22.6574646
-31.5,349,22.64953003
-31.5,351,22.63912354
-31.5,353,22.58852539
-31.5,355,22.48769531
-31.5,357,22.3142334
-31.5,359,22.04039917
-30.5,1,22.09014282
-30.5,3,21.55614624
-30.5,5,20.90056763
-30.5,7,19.88573608
-30.5,9,19.04494629
-30.5,11,18.27874146
-30.5,13,17.95513306
-30.5,15,17.46962891
-30.5,17,16.73980103
-30.5,19,NaN
-30.5,21,NaN
-30.5,23,NaN
-30.5,25,NaN
-30.5,27,NaN
-30.5,29,NaN
-30.5,31,26.32076416
-30.5,33,27.43200073
-30.5,35,27.26668701
-30.5,37,24.52675781
-30.5,39,23.31780396
-30.5,41,23.67028198
-30.5,43,24.17278442
-30.5,45,24.65731201
-30.5,47,24.37539063
-30.5,49,23.85427246
-30.5,51,23.44393311
-30.5,53,23.25713501
-30.5,55,23.09755859
-30.5,57,23.01687012
-30.5,59,22.90947876
-30.5,61,22.81435547
-30.5,63,22.77382813
-30.5,65,22.75740967
-30.5,67,22.72631226
-30.5,69,22.5788208
-30.5,71,22.40822754
-30.5,73,22.29302368
-30.5,75,22.1567627
-30.5,77,22.00713501
-30.5,79,21.8154541
-30.5,81,21.64754639
-30.5,83,21.56505737
-30.5,85,21.44002686
-30.5,87,21.35460815
-30.5,89,21.2484375
-30.5,91,21.03579102
-30.5,93,20.85558472
-30.5,95,20.83391724
-30.5,97,20.7940918
-30.5,99,20.65862427
-30.5,101,20.86837158
-30.5,103,21.28759155
-30.5,105,20.71825562
-30.5,107,21.11477051
-30.5,109,22.50719604
-30.5,111,22.32497559
-30.5,113,22.20668945
-30.5,115,22.30220947
-30.5,117,NaN
-30.5,119,NaN
-30.5,121,NaN
-30.5,123,NaN
-30.5,125,NaN
-30.5,127,NaN
-30.5,129,NaN
-30.5,131,NaN
-30.5,133,NaN
-30.5,135,NaN
-30.5,137,NaN
-30.5,139,NaN
-30.5,141,NaN
-30.5,143,NaN
-30.5,145,NaN
-30.5,147,NaN
-30.5,149,NaN
-30.5,151,NaN
-30.5,153,27.70906982
-30.5,155,27.3199707
-30.5,157,26.29924927
-30.5,159,25.2541748
-30.5,161,24.52776489
-30.5,163,23.94539795
-30.5,165,23.38289795
-30.5,167,23.09066162
-30.5,169,22.63207397
-30.5,171,22.32079468
-30.5,173,22.44057617
-30.5,175,22.86254272
-30.5,177,22.84557495
-30.5,179,22.31832275
-30.5,181,21.79018555
-30.5,183,21.63811646
-30.5,185,21.66533813
-30.5,187,21.72640381
-30.5,189,21.85271606
-30.5,191,21.96691284
-30.5,193,22.12304077
-30.5,195,22.31798706
-30.5,197,22.53411255
-30.5,199,22.77120361
-30.5,201,23.04815063
-30.5,203,23.29793701
-30.5,205,23.40523682
-30.5,207,23.45809326
-30.5,209,23.55333862
-30.5,211,23.62328491
-30.5,213,23.6083313
-30.5,215,23.62474976
-30.5,217,23.67461548
-30.5,219,23.6703125
-30.5,221,23.64244995
-30.5,223,23.69231567
-30.5,225,23.70614014
-30.5,227,23.62859497
-30.5,229,23.54592285
-30.5,231,23.44240723
-30.5,233,23.37667236
-30.5,235,23.36791382
-30.5,237,23.34655151
-30.5,239,23.26503906
-30.5,241,23.18435059
-30.5,243,23.18291626
-30.5,245,23.06749878
-30.5,247,22.9053894
-30.5,249,22.88564453
-30.5,251,22.95830688
-30.5,253,23.08632813
-30.5,255,23.15255127
-30.5,257,23.17620239
-30.5,259,23.14467773
-30.5,261,22.99315796
-30.5,263,22.93135986
-30.5,265,22.96911011
-30.5,267,22.94454346
-30.5,269,22.77263794
-30.5,271,22.58602295
-30.5,273,22.4163147
-30.5,275,22.22548828
-30.5,277,21.81224976
-30.5,279,21.28029785
-30.5,281,20.26717529
-30.5,283,18.63460693
-30.5,285,18.18355713
-30.5,287,20.03682861
-30.5,289,21.3366333
-30.5,291,NaN
-30.5,293,NaN
-30.5,295,NaN
-30.5,297,NaN
-30.5,299,NaN
-30.5,301,NaN
-30.5,303,NaN
-30.5,305,NaN
-30.5,307,NaN
-30.5,309,NaN
-30.5,311,24.37841187
-30.5,313,24.79729614
-30.5,315,23.92757568
-30.5,317,23.02797852
-30.5,319,22.57259521
-30.5,321,22.32955322
-30.5,323,22.29573975
-30.5,325,22.38491211
-30.5,327,22.49590454
-30.5,329,22.6406189
-30.5,331,22.7434021
-30.5,333,22.80126343
-30.5,335,23.0102478
-30.5,337,23.31508789
-30.5,339,23.49962769
-30.5,341,23.59545288
-30.5,343,23.60448608
-30.5,345,23.54342041
-30.5,347,23.48619995
-30.5,349,23.44716797
-30.5,351,23.34273682
-30.5,353,23.18062744
-30.5,355,23.01638184
-30.5,357,22.79845581
-30.5,359,22.47487793
-29.5,1,21.96883545
-29.5,3,21.24367676
-29.5,5,20.43569336
-29.5,7,19.54796753
-29.5,9,18.98088989
-29.5,11,18.48876343
-29.5,13,17.9996582
-29.5,15,17.46160278
-29.5,17,17.00975952
-29.5,19,NaN
-29.5,21,NaN
-29.5,23,NaN
-29.5,25,NaN
-29.5,27,NaN
-29.5,29,NaN
-29.5,31,26.49990234
-29.5,33,27.49614868
-29.5,35,28.39309082
-29.5,37,26.60424194
-29.5,39,24.71129761
-29.5,41,24.75139771
-29.5,43,25.35170898
-29.5,45,26.14391479
-29.5,47,25.97432861
-29.5,49,25.11522827
-29.5,51,24.29955444
-29.5,53,23.98217163
-29.5,55,23.91719971
-29.5,57,23.98873291
-29.5,59,23.94176636
-29.5,61,23.84145508
-29.5,63,23.83910522
-29.5,65,23.87047729
-29.5,67,23.88094482
-29.5,69,23.75823364
-29.5,71,23.61327515
-29.5,73,23.46010742
-29.5,75,23.32131348
-29.5,77,23.22634277
-29.5,79,22.98510132
-29.5,81,22.91259155
-29.5,83,23.08208618
-29.5,85,22.99526367
-29.5,87,22.82131348
-29.5,89,22.67144165
-29.5,91,22.45375977
-29.5,93,22.29134521
-29.5,95,22.29036865
-29.5,97,22.19942627
-29.5,99,22.03661499
-29.5,101,22.49367676
-29.5,103,22.79754028
-29.5,105,22.34066162
-29.5,107,22.76989136
-29.5,109,23.46691284
-29.5,111,22.98973999
-29.5,113,22.71532593
-29.5,115,22.8276001
-29.5,117,NaN
-29.5,119,NaN
-29.5,121,NaN
-29.5,123,NaN
-29.5,125,NaN
-29.5,127,NaN
-29.5,129,NaN
-29.5,131,NaN
-29.5,133,NaN
-29.5,135,NaN
-29.5,137,NaN
-29.5,139,NaN
-29.5,141,NaN
-29.5,143,NaN
-29.5,145,NaN
-29.5,147,NaN
-29.5,149,NaN
-29.5,151,NaN
-29.5,153,28.13265381
-29.5,155,27.69005737
-29.5,157,26.71367798
-29.5,159,25.65703735
-29.5,161,24.99407349
-29.5,163,24.44954834
-29.5,165,24.00795898
-29.5,167,23.77340088
-29.5,169,23.42339478
-29.5,171,23.27752075
-29.5,173,23.33641968
-29.5,175,23.40197144
-29.5,177,23.19686279
-29.5,179,22.78395996
-29.5,181,22.48919067
-29.5,183,22.48729858
-29.5,185,22.58208618
-29.5,187,22.69246826
-29.5,189,22.87774048
-29.5,191,23.06264648
-29.5,193,23.27559814
-29.5,195,23.50899658
-29.5,197,23.72210083
-29.5,199,23.93071899
-29.5,201,24.152948
-29.5,203,24.3310791
-29.5,205,24.40184937
-29.5,207,24.46740112
-29.5,209,24.56865845
-29.5,211,24.61455688
-29.5,213,24.6043335
-29.5,215,24.62151489
-29.5,217,24.63604126
-29.5,219,24.59502563
-29.5,221,24.5515686
-29.5,223,24.57509766
-29.5,225,24.55477295
-29.5,227,24.46102295
-29.5,229,24.39098511
-29.5,231,24.322229
-29.5,233,24.2829834
-29.5,235,24.27471313
-29.5,237,24.23796997
-29.5,239,24.15645752
-29.5,241,24.07967529
-29.5,243,24.07763062
-29.5,245,23.93135986
-29.5,247,23.7156311
-29.5,249,23.66643677
-29.5,251,23.70964966
-29.5,253,23.82085571
-29.5,255,23.88189087
-29.5,257,23.86052856
-29.5,259,23.80007324
-29.5,261,23.6329895
-29.5,263,23.52523193
-29.5,265,23.50063477
-29.5,267,23.4034668
-29.5,269,23.19658813
-29.5,271,23.00066528
-29.5,273,22.81435547
-29.5,275,22.59447632
-29.5,277,22.1279541
-29.5,279,21.43203125
-29.5,281,20.29564819
-29.5,283,18.74782715
-29.5,285,18.35656128
-29.5,287,20.19069824
-29.5,289,21.65804443
-29.5,291,NaN
-29.5,293,NaN
-29.5,295,NaN
-29.5,297,NaN
-29.5,299,NaN
-29.5,301,NaN
-29.5,303,NaN
-29.5,305,NaN
-29.5,307,NaN
-29.5,309,NaN
-29.5,311,24.60152588
-29.5,313,25.22753296
-29.5,315,24.80559692
-29.5,317,23.97780762
-29.5,319,23.4086853
-29.5,321,23.05562744
-29.5,323,23.00063477
-29.5,325,23.13536987
-29.5,327,23.31728516
-29.5,329,23.55278931
-29.5,331,23.71737061
-29.5,333,23.83092651
-29.5,335,24.074823
-29.5,337,24.36260376
-29.5,339,24.46999512
-29.5,341,24.459375
-29.5,343,24.36837158
-29.5,345,24.20620117
-29.5,347,24.08291016
-29.5,349,23.9397522
-29.5,351,23.73378906
-29.5,353,23.4888855
-29.5,355,23.24492798
-29.5,357,22.93111572
-29.5,359,22.50512085
-28.5,1,21.6262146
-28.5,3,20.80614624
-28.5,5,19.98095093
-28.5,7,19.34026489
-28.5,9,19.07579956
-28.5,11,18.83910522
-28.5,13,18.29219971
-28.5,15,17.96172485
-28.5,17,NaN
-28.5,19,NaN
-28.5,21,NaN
-28.5,23,NaN
-28.5,25,NaN
-28.5,27,NaN
-28.5,29,NaN
-28.5,31,NaN
-28.5,33,28.19902954
-28.5,35,29.17293701
-28.5,37,28.11934814
-28.5,39,25.85857544
-28.5,41,25.77163086
-28.5,43,26.41274414
-28.5,45,27.35164795
-28.5,47,27.30568848
-28.5,49,26.24401245
-28.5,51,25.134729
-28.5,53,24.70888672
-28.5,55,24.74666748
-28.5,57,24.97057495
-28.5,59,24.98461304
-28.5,61,24.87355957
-28.5,63,24.89690552
-28.5,65,24.96541748
-28.5,67,24.99880371
-28.5,69,24.88570557
-28.5,71,24.75744019
-28.5,73,24.55300293
-28.5,75,24.44814453
-28.5,77,24.43499146
-28.5,79,24.07915649
-28.5,81,24.06914673
-28.5,83,24.50194702
-28.5,85,24.44033203
-28.5,87,24.14629517
-28.5,89,23.93319092
-28.5,91,23.69246826
-28.5,93,23.51586304
-28.5,95,23.48241577
-28.5,97,23.3244873
-28.5,99,23.2022644
-28.5,101,23.84951172
-28.5,103,24.01659546
-28.5,105,23.67330322
-28.5,107,24.00484619
-28.5,109,24.06105957
-28.5,111,23.46694336
-28.5,113,23.25600586
-28.5,115,23.08953247
-28.5,117,NaN
-28.5,119,NaN
-28.5,121,NaN
-28.5,123,NaN
-28.5,125,NaN
-28.5,127,NaN
-28.5,129,NaN
-28.5,131,NaN
-28.5,133,NaN
-28.5,135,NaN
-28.5,137,NaN
-28.5,139,NaN
-28.5,141,NaN
-28.5,143,NaN
-28.5,145,NaN
-28.5,147,NaN
-28.5,149,NaN
-28.5,151,NaN
-28.5,153,28.38686523
-28.5,155,27.92675171
-28.5,157,26.90789185
-28.5,159,25.83187256
-28.5,161,25.30782471
-28.5,163,24.85588989
-28.5,165,24.52242432
-28.5,167,24.315271
-28.5,169,24.04076538
-28.5,171,24.00628052
-28.5,173,23.97930298
-28.5,175,23.79134521
-28.5,177,23.55761108
-28.5,179,23.36721191
-28.5,181,23.3088623
-28.5,183,23.41118774
-28.5,185,23.55230103
-28.5,187,23.7239624
-28.5,189,23.95281372
-28.5,191,24.17073975
-28.5,193,24.4036499
-28.5,195,24.64882813
-28.5,197,24.84963379
-28.5,199,25.01821289
-28.5,201,25.17888794
-28.5,203,25.29012451
-28.5,205,25.32558594
-28.5,207,25.38463745
-28.5,209,25.46126709
-28.5,211,25.47161255
-28.5,213,25.462854
-28.5,215,25.47457275
-28.5,217,25.45919189
-28.5,219,25.40026245
-28.5,221,25.35488281
-28.5,223,25.35299072
-28.5,225,25.30080566
-28.5,227,25.19371948
-28.5,229,25.13744507
-28.5,231,25.09609375
-28.5,233,25.06734619
-28.5,235,25.05065308
-28.5,237,24.99877319
-28.5,239,24.9263855
-28.5,241,24.85164795
-28.5,243,24.8303772
-28.5,245,24.66109619
-28.5,247,24.41472778
-28.5,249,24.33358154
-28.5,251,24.33873901
-28.5,253,24.41466675
-28.5,255,24.44341431
-28.5,257,24.34819946
-28.5,259,24.22445068
-28.5,261,24.03527222
-28.5,263,23.88302002
-28.5,265,23.79680786
-28.5,267,23.65029297
-28.5,269,23.43828735
-28.5,271,23.24801025
-28.5,273,23.04638062
-28.5,275,22.79067383
-28.5,277,22.27565918
-28.5,279,21.47405396
-28.5,281,20.29088745
-28.5,283,18.85872803
-28.5,285,18.50567017
-28.5,287,20.29805908
-28.5,289,21.85308228
-28.5,291,NaN
-28.5,293,NaN
-28.5,295,NaN
-28.5,297,NaN
-28.5,299,NaN
-28.5,301,NaN
-28.5,303,NaN
-28.5,305,NaN
-28.5,307,NaN
-28.5,309,NaN
-28.5,311,25.29543457
-28.5,313,25.54775391
-28.5,315,25.52446899
-28.5,317,24.8507019
-28.5,319,24.25255737
-28.5,321,23.80288086
-28.5,323,23.66079102
-28.5,325,23.82589111
-28.5,327,24.09853516
-28.5,329,24.40908203
-28.5,331,24.61959229
-28.5,333,24.76549683
-28.5,335,24.99428711
-28.5,337,25.20006714
-28.5,339,25.19457397
-28.5,341,25.05828247
-28.5,343,24.85588989
-28.5,345,24.58806763
-28.5,347,24.40096436
-28.5,349,24.17229614
-28.5,351,23.87648926
-28.5,353,23.55730591
-28.5,355,23.22454224
-28.5,357,22.80452881
-28.5,359,22.2776123
-27.5,1,21.13994751
-27.5,3,20.47380981
-27.5,5,19.89016113
-27.5,7,19.5937439
-27.5,9,19.45931396
-27.5,11,19.25768433
-27.5,13,18.94091187
-27.5,15,18.32866821
-27.5,17,NaN
-27.5,19,NaN
-27.5,21,NaN
-27.5,23,NaN
-27.5,25,NaN
-27.5,27,NaN
-27.5,29,NaN
-27.5,31,NaN
-27.5,33,28.36385498
-27.5,35,29.13338623
-27.5,37,27.87563477
-27.5,39,26.10326538
-27.5,41,26.59484253
-27.5,43,27.23546753
-27.5,45,27.92443237
-27.5,47,27.95577393
-27.5,49,27.01107178
-27.5,51,25.92611084
-27.5,53,25.44326172
-27.5,55,25.51815186
-27.5,57,25.8322998
-27.5,59,25.90496216
-27.5,61,25.78753052
-27.5,63,25.82341919
-27.5,65,25.9265686
-27.5,67,25.95061646
-27.5,69,25.81401978
-27.5,71,25.69613037
-27.5,73,25.38268433
-27.5,75,25.36235962
-27.5,77,25.49761353
-27.5,79,24.86702881
-27.5,81,24.82277832
-27.5,83,25.52132568
-27.5,85,25.46883545
-27.5,87,25.03908691
-27.5,89,24.76543579
-27.5,91,24.46691284
-27.5,93,24.20360718
-27.5,95,24.02922974
-27.5,97,23.79274902
-27.5,99,23.88860474
-27.5,101,24.59246216
-27.5,103,24.63225708
-27.5,105,24.36757813
-27.5,107,24.43093262
-27.5,109,24.14766846
-27.5,111,23.77214966
-27.5,113,23.4420105
-27.5,115,23.08953247
-27.5,117,NaN
-27.5,119,NaN
-27.5,121,NaN
-27.5,123,NaN
-27.5,125,NaN
-27.5,127,NaN
-27.5,129,NaN
-27.5,131,NaN
-27.5,133,NaN
-27.5,135,NaN
-27.5,137,NaN
-27.5,139,NaN
-27.5,141,NaN
-27.5,143,NaN
-27.5,145,NaN
-27.5,147,NaN
-27.5,149,NaN
-27.5,151,NaN
-27.5,153,28.50789795
-27.5,155,28.22030029
-27.5,157,26.8645874
-27.5,159,25.65990601
-27.5,161,25.42406616
-27.5,163,25.17797241
-27.5,165,24.9737793
-27.5,167,24.80223999
-27.5,169,24.59874878
-27.5,171,24.54116211
-27.5,173,24.43520508
-27.5,175,24.30275879
-27.5,177,24.27767334
-27.5,179,24.29491577
-27.5,181,24.31499634
-27.5,183,24.38488159
-27.5,185,24.53087769
-27.5,187,24.80065308
-27.5,189,25.02327881
-27.5,191,25.16195068
-27.5,193,25.30861816
-27.5,195,25.49221191
-27.5,197,25.67382202
-27.5,199,25.81435547
-27.5,201,25.94210205
-27.5,203,26.03237305
-27.5,205,26.05516968
-27.5,207,26.07229004
-27.5,209,26.0670105
-27.5,211,26.02010498
-27.5,213,25.98653564
-27.5,215,25.96437988
-27.5,217,25.9381958
-27.5,219,25.91619263
-27.5,221,25.91338501
-27.5,223,25.90163574
-27.5,225,25.84319458
-27.5,227,25.73626099
-27.5,229,25.68706665
-27.5,231,25.63598022
-27.5,233,25.5659729
-27.5,235,25.5382019
-27.5,237,25.49151001
-27.5,239,25.44936523
-27.5,241,25.35686646
-27.5,243,25.25219116
-27.5,245,25.06975708
-27.5,247,24.85125122
-27.5,249,24.72957764
-27.5,251,24.68242798
-27.5,253,24.69814453
-27.5,255,24.65377197
-27.5,257,24.43117676
-27.5,259,24.17232666
-27.5,261,23.97796021
-27.5,263,23.82470093
-27.5,265,23.7137085
-27.5,267,23.58873901
-27.5,269,23.44240723
-27.5,271,23.28582153
-27.5,273,23.05101929
-27.5,275,22.73418579
-27.5,277,22.1791626
-27.5,279,21.33648071
-27.5,281,20.19609985
-27.5,283,18.94646606
-27.5,285,18.6736084
-27.5,287,20.44152222
-27.5,289,21.92299805
-27.5,291,NaN
-27.5,293,NaN
-27.5,295,NaN
-27.5,297,NaN
-27.5,299,NaN
-27.5,301,NaN
-27.5,303,NaN
-27.5,305,NaN
-27.5,307,NaN
-27.5,309,NaN
-27.5,311,25.40426025
-27.5,313,25.7477356
-27.5,315,25.89821777
-27.5,317,25.51644287
-27.5,319,25.08043823
-27.5,321,24.58696899
-27.5,323,24.18828735
-27.5,325,24.36092529
-27.5,327,24.7739502
-27.5,329,25.07106934
-27.5,331,25.24660645
-27.5,333,25.3645874
-27.5,335,25.49569092
-27.5,337,25.53502808
-27.5,339,25.42754517
-27.5,341,25.19078979
-27.5,343,24.87334595
-27.5,345,24.51873169
-27.5,347,24.33721313
-27.5,349,24.12120972
-27.5,351,23.77053223
-27.5,353,23.38463745
-27.5,355,22.94030151
-27.5,357,22.40657959
-27.5,359,21.79790649
-26.5,1,20.86885986
-26.5,3,20.38707886
-26.5,5,20.04512939
-26.5,7,19.96767578
-26.5,9,19.90288696
-26.5,11,19.75826416
-26.5,13,19.87670288
-26.5,15,20.39370117
-26.5,17,NaN
-26.5,19,NaN
-26.5,21,NaN
-26.5,23,NaN
-26.5,25,NaN
-26.5,27,NaN
-26.5,29,NaN
-26.5,31,NaN
-26.5,33,NaN
-26.5,35,28.99147949
-26.5,37,27.7986084
-26.5,39,26.44936523
-26.5,41,27.38091431
-26.5,43,28.01409302
-26.5,45,28.15041504
-26.5,47,28.14574585
-26.5,49,27.67891846
-26.5,51,26.85814819
-26.5,53,26.38598022
-26.5,55,26.48223267
-26.5,57,26.78563843
-26.5,59,26.87719116
-26.5,61,26.74596558
-26.5,63,26.7555481
-26.5,65,26.85570679
-26.5,67,26.82146606
-26.5,69,26.6536499
-26.5,71,26.54232178
-26.5,73,26.14763794
-26.5,75,26.19594727
-26.5,77,26.44561157
-26.5,79,25.65255127
-26.5,81,25.54180298
-26.5,83,26.3250061
-26.5,85,26.25948486
-26.5,87,25.76442871
-26.5,89,25.45876465
-26.5,91,25.12420044
-26.5,93,24.81270752
-26.5,95,24.49755249
-26.5,97,24.27987061
-26.5,99,24.63338623
-26.5,101,25.27721558
-26.5,103,25.17662964
-26.5,105,24.85756836
-26.5,107,24.64949951
-26.5,109,24.30648193
-26.5,111,24.25750122
-26.5,113,24.52681885
-26.5,115,NaN
-26.5,117,NaN
-26.5,119,NaN
-26.5,121,NaN
-26.5,123,NaN
-26.5,125,NaN
-26.5,127,NaN
-26.5,129,NaN
-26.5,131,NaN
-26.5,133,NaN
-26.5,135,NaN
-26.5,137,NaN
-26.5,139,NaN
-26.5,141,NaN
-26.5,143,NaN
-26.5,145,NaN
-26.5,147,NaN
-26.5,149,NaN
-26.5,151,NaN
-26.5,153,28.76503906
-26.5,155,28.33370361
-26.5,157,26.81585083
-26.5,159,25.687677
-26.5,161,25.73265991
-26.5,163,25.66091309
-26.5,165,25.54598389
-26.5,167,25.42901001
-26.5,169,25.29244385
-26.5,171,25.23134766
-26.5,173,25.14190063
-26.5,175,25.10686646
-26.5,177,25.21071777
-26.5,179,25.33388672
-26.5,181,25.37624512
-26.5,183,25.39730225
-26.5,185,25.51131592
-26.5,187,25.81072388
-26.5,189,26.02758179
-26.5,191,26.12151489
-26.5,193,26.20806274
-26.5,195,26.33834229
-26.5,197,26.4788147
-26.5,199,26.57454834
-26.5,201,26.66359863
-26.5,203,26.721521
-26.5,205,26.71187744
-26.5,207,26.67992554
-26.5,209,26.62655029
-26.5,211,26.57497559
-26.5,213,26.55770264
-26.5,215,26.53295288
-26.5,217,26.50222168
-26.5,219,26.47423706
-26.5,221,26.47005615
-26.5,223,26.45003662
-26.5,225,26.39904175
-26.5,227,26.31286011
-26.5,229,26.27004395
-26.5,231,26.22481689
-26.5,233,26.13756714
-26.5,235,26.096521
-26.5,237,26.0303894
-26.5,239,25.95510254
-26.5,241,25.81865845
-26.5,243,25.65331421
-26.5,245,25.47561035
-26.5,247,25.2946106
-26.5,249,25.14821777
-26.5,251,25.04250488
-26.5,253,24.95931396
-26.5,255,24.81972656
-26.5,257,24.5307251
-26.5,259,24.20800171
-26.5,261,24.00402222
-26.5,263,23.83168945
-26.5,265,23.67595825
-26.5,267,23.54400024
-26.5,269,23.42806396
-26.5,271,23.27849731
-26.5,273,23.01265869
-26.5,275,22.6501709
-26.5,277,22.06972656
-26.5,279,21.24080811
-26.5,281,20.20098267
-26.5,283,19.13540039
-26.5,285,18.94228516
-26.5,287,20.67809448
-26.5,289,22.22850952
-26.5,291,NaN
-26.5,293,NaN
-26.5,295,NaN
-26.5,297,NaN
-26.5,299,NaN
-26.5,301,NaN
-26.5,303,NaN
-26.5,305,NaN
-26.5,307,NaN
-26.5,309,NaN
-26.5,311,25.58062134
-26.5,313,25.83974609
-26.5,315,26.02858887
-26.5,317,25.88271484
-26.5,319,25.77089844
-26.5,321,25.3930603
-26.5,323,24.8194519
-26.5,325,24.92678223
-26.5,327,25.36574707
-26.5,329,25.63030396
-26.5,331,25.78261719
-26.5,333,25.85109863
-26.5,335,25.86269531
-26.5,337,25.73290405
-26.5,339,25.51854858
-26.5,341,25.19942627
-26.5,343,24.81118164
-26.5,345,24.41259155
-26.5,347,24.18874512
-26.5,349,23.93517456
-26.5,351,23.53508911
-26.5,353,23.11605225
-26.5,355,22.64156494
-26.5,357,22.07747803
-26.5,359,21.46437988
-25.5,1,20.85061035
-25.5,3,20.56395874
-25.5,5,20.44210205
-25.5,7,20.44121704
-25.5,9,20.38070068
-25.5,11,20.27855835
-25.5,13,21.02648315
-25.5,15,21.11708984
-25.5,17,NaN
-25.5,19,NaN
-25.5,21,NaN
-25.5,23,NaN
-25.5,25,NaN
-25.5,27,NaN
-25.5,29,NaN
-25.5,31,NaN
-25.5,33,NaN
-25.5,35,29.08022461
-25.5,37,27.98412476
-25.5,39,27.00875244
-25.5,41,28.15319214
-25.5,43,28.37160645
-25.5,45,NaN
-25.5,47,28.15371094
-25.5,49,28.29927979
-25.5,51,27.98092041
-25.5,53,27.54866943
-25.5,55,27.65822754
-25.5,57,27.83657227
-25.5,59,27.91182861
-25.5,61,27.75823364
-25.5,63,27.69594727
-25.5,65,27.76204834
-25.5,67,27.60823975
-25.5,69,27.4053894
-25.5,71,27.31237183
-25.5,73,26.84523926
-25.5,75,26.95079956
-25.5,77,27.30541382
-25.5,79,26.45354614
-25.5,81,26.2456604
-25.5,83,26.93670044
-25.5,85,26.8321167
-25.5,87,26.34389648
-25.5,89,26.04088745
-25.5,91,25.70162354
-25.5,93,25.40587769
-25.5,95,24.92745361
-25.5,97,24.83458862
-25.5,99,25.54326782
-25.5,101,25.97561035
-25.5,103,25.70290527
-25.5,105,25.22042236
-25.5,107,24.7026001
-25.5,109,24.5642334
-25.5,111,24.97490845
-25.5,113,24.91829834
-25.5,115,NaN
-25.5,117,NaN
-25.5,119,NaN
-25.5,121,NaN
-25.5,123,NaN
-25.5,125,NaN
-25.5,127,NaN
-25.5,129,NaN
-25.5,131,NaN
-25.5,133,NaN
-25.5,135,NaN
-25.5,137,NaN
-25.5,139,NaN
-25.5,141,NaN
-25.5,143,NaN
-25.5,145,NaN
-25.5,147,NaN
-25.5,149,NaN
-25.5,151,NaN
-25.5,153,28.80611572
-25.5,155,28.27276001
-25.5,157,26.76567993
-25.5,159,25.96798096
-25.5,161,26.30083618
-25.5,163,26.34990845
-25.5,165,26.26818237
-25.5,167,26.22167358
-25.5,169,26.1585022
-25.5,171,26.11699829
-25.5,173,26.14211426
-25.5,175,26.22207031
-25.5,177,26.3401123
-25.5,179,26.45882568
-25.5,181,26.47609863
-25.5,183,26.43682251
-25.5,185,26.47875366
-25.5,187,26.73891602
-25.5,189,26.95742188
-25.5,191,27.0548645
-25.5,193,27.11940918
-25.5,195,27.21367798
-25.5,197,27.29174194
-25.5,199,27.32277832
-25.5,201,27.36501465
-25.5,203,27.37450562
-25.5,205,27.31081543
-25.5,207,27.22411499
-25.5,209,27.16201172
-25.5,211,27.16948853
-25.5,213,27.22167358
-25.5,215,27.22963867
-25.5,217,27.19902954
-25.5,219,27.11083374
-25.5,221,27.05303345
-25.5,223,27.02242432
-25.5,225,26.99105225
-25.5,227,26.95021973
-25.5,229,26.91060791
-25.5,231,26.89486084
-25.5,233,26.81966553
-25.5,235,26.7640625
-25.5,237,26.65050659
-25.5,239,26.46849976
-25.5,241,26.26223145
-25.5,243,26.05883179
-25.5,245,25.90831909
-25.5,247,25.78045044
-25.5,249,25.62441406
-25.5,251,25.45601807
-25.5,253,25.22893677
-25.5,255,24.97139893
-25.5,257,24.69509277
-25.5,259,24.39150391
-25.5,261,24.17897949
-25.5,263,23.96560059
-25.5,265,23.73198853
-25.5,267,23.55401001
-25.5,269,23.42928467
-25.5,271,23.25606689
-25.5,273,22.96114502
-25.5,275,22.56881104
-25.5,277,21.97512207
-25.5,279,21.20678101
-25.5,281,20.32058105
-25.5,283,19.45455322
-25.5,285,19.33812866
-25.5,287,21.01049194
-25.5,289,22.35756836
-25.5,291,NaN
-25.5,293,NaN
-25.5,295,NaN
-25.5,297,NaN
-25.5,299,NaN
-25.5,301,NaN
-25.5,303,NaN
-25.5,305,NaN
-25.5,307,NaN
-25.5,309,NaN
-25.5,311,NaN
-25.5,313,25.87914429
-25.5,315,25.88857422
-25.5,317,25.92046509
-25.5,319,26.32833252
-25.5,321,26.2499939
-25.5,323,25.56316528
-25.5,325,25.52825317
-25.5,327,25.88082275
-25.5,329,26.0927063
-25.5,331,26.24785767
-25.5,333,26.25582275
-25.5,335,26.13063965
-25.5,337,25.82625732
-25.5,339,25.50536499
-25.5,341,25.12545166
-25.5,343,24.71624146
-25.5,345,24.32521973
-25.5,347,23.99801025
-25.5,349,23.64321289
-25.5,351,23.19451294
-25.5,353,22.78121338
-25.5,355,22.37157593
-25.5,357,21.86757813
-25.5,359,21.32790527
-24.5,1,21.13347778
-24.5,3,20.94619141
-24.5,5,20.89745483
-24.5,7,20.93966064
-24.5,9,21.11864624
-24.5,11,20.98031006
-24.5,13,21.57982788
-24.5,15,22.26903687
-24.5,17,NaN
-24.5,19,NaN
-24.5,21,NaN
-24.5,23,NaN
-24.5,25,NaN
-24.5,27,NaN
-24.5,29,NaN
-24.5,31,NaN
-24.5,33,NaN
-24.5,35,29.31844482
-24.5,37,28.34627686
-24.5,39,27.62108765
-24.5,41,28.56539307
-24.5,43,29.21575317
-24.5,45,NaN
-24.5,47,28.28560791
-24.5,49,28.66256104
-24.5,51,28.64867554
-24.5,53,28.27892456
-24.5,55,28.41054688
-24.5,57,28.56923828
-24.5,59,28.62130127
-24.5,61,28.47649536
-24.5,63,28.37185059
-24.5,65,28.38076172
-24.5,67,28.1581665
-24.5,69,27.94918213
-24.5,71,27.85064087
-24.5,73,27.37850342
-24.5,75,27.46929321
-24.5,77,27.78759155
-24.5,79,27.01598511
-24.5,81,26.7847229
-24.5,83,27.30404053
-24.5,85,27.1524292
-24.5,87,26.66188965
-24.5,89,26.3026062
-24.5,91,25.98491821
-24.5,93,25.75328979
-24.5,95,25.25661621
-24.5,97,25.33397827
-24.5,99,26.17669067
-24.5,101,26.39812622
-24.5,103,25.98348389
-24.5,105,25.39824829
-24.5,107,24.84298096
-24.5,109,24.96209106
-24.5,111,25.68526611
-24.5,113,26.13036499
-24.5,115,NaN
-24.5,117,NaN
-24.5,119,NaN
-24.5,121,NaN
-24.5,123,NaN
-24.5,125,NaN
-24.5,127,NaN
-24.5,129,NaN
-24.5,131,NaN
-24.5,133,NaN
-24.5,135,NaN
-24.5,137,NaN
-24.5,139,NaN
-24.5,141,NaN
-24.5,143,NaN
-24.5,145,NaN
-24.5,147,NaN
-24.5,149,NaN
-24.5,151,NaN
-24.5,153,29.16335449
-24.5,155,28.42858276
-24.5,157,27.0887085
-24.5,159,26.67684326
-24.5,161,27.09243164
-24.5,163,27.16182861
-24.5,165,27.09234009
-24.5,167,27.08614502
-24.5,169,27.05861816
-24.5,171,27.02550659
-24.5,173,27.10292969
-24.5,175,27.23311768
-24.5,177,27.32106934
-24.5,179,27.38619385
-24.5,181,27.39714966
-24.5,183,27.37072144
-24.5,185,27.39855347
-24.5,187,27.61782227
-24.5,189,27.80599365
-24.5,191,27.87713013
-24.5,193,27.90212402
-24.5,195,27.95275269
-24.5,197,27.98632202
-24.5,199,27.97960815
-24.5,201,27.98900757
-24.5,203,27.96328125
-24.5,205,27.87474976
-24.5,207,27.77330933
-24.5,209,27.70931396
-24.5,211,27.73061523
-24.5,213,27.80565796
-24.5,215,27.81749878
-24.5,217,27.7796875
-24.5,219,27.68926392
-24.5,221,27.63140259
-24.5,223,27.59758911
-24.5,225,27.5541626
-24.5,227,27.51140747
-24.5,229,27.45366821
-24.5,231,27.42971191
-24.5,233,27.33928833
-24.5,235,27.23967896
-24.5,237,27.07277832
-24.5,239,26.82799683
-24.5,241,26.58895264
-24.5,243,26.36049805
-24.5,245,26.19649658
-24.5,247,26.05770264
-24.5,249,25.86312256
-24.5,251,25.64425049
-24.5,253,25.34612427
-24.5,255,25.03188477
-24.5,257,24.75579224
-24.5,259,24.46282349
-24.5,261,24.23500977
-24.5,263,23.99962769
-24.5,265,23.74880371
-24.5,267,23.55718384
-24.5,269,23.4269043
-24.5,271,23.25179443
-24.5,273,22.96526489
-24.5,275,22.58672485
-24.5,277,22.03786621
-24.5,279,21.37206421
-24.5,281,20.58760986
-24.5,283,19.78423462
-24.5,285,19.69597778
-24.5,287,21.33147583
-24.5,289,22.75606689
-24.5,291,NaN
-24.5,293,NaN
-24.5,295,NaN
-24.5,297,NaN
-24.5,299,NaN
-24.5,301,NaN
-24.5,303,NaN
-24.5,305,NaN
-24.5,307,NaN
-24.5,309,NaN
-24.5,311,NaN
-24.5,313,25.96947632
-24.5,315,25.8850647
-24.5,317,25.91137085
-24.5,319,26.42571411
-24.5,321,26.60421143
-24.5,323,26.03661499
-24.5,325,25.98961792
-24.5,327,26.33187256
-24.5,329,26.44368896
-24.5,331,26.50509033
-24.5,333,26.42131958
-24.5,335,26.15996704
-24.5,337,25.72530518
-24.5,339,25.32439575
-24.5,341,24.91994629
-24.5,343,24.52358398
-24.5,345,24.14782104
-24.5,347,23.77709351
-24.5,349,23.40267334
-24.5,351,22.98378906
-24.5,353,22.64034424
-24.5,355,22.33522949
-24.5,357,21.93685303
-24.5,359,21.50783691
-23.5,1,21.63076172
-23.5,3,21.48760376
-23.5,5,21.42479858
-23.5,7,21.48973999
-23.5,9,22.03780518
-23.5,11,21.71694336
-23.5,13,21.70302734
-23.5,15,22.34105835
-23.5,17,NaN
-23.5,19,NaN
-23.5,21,NaN
-23.5,23,NaN
-23.5,25,NaN
-23.5,27,NaN
-23.5,29,NaN
-23.5,31,NaN
-23.5,33,NaN
-23.5,35,29.33794556
-23.5,37,28.83031616
-23.5,39,28.31664429
-23.5,41,28.75646362
-23.5,43,29.23000488
-23.5,45,NaN
-23.5,47,NaN
-23.5,49,28.83815918
-23.5,51,28.98943481
-23.5,53,28.672052
-23.5,55,28.82705078
-23.5,57,29.02645264
-23.5,59,29.04656372
-23.5,61,28.93102417
-23.5,63,28.80254517
-23.5,65,28.74413452
-23.5,67,28.48192749
-23.5,69,28.29052124
-23.5,71,28.17406616
-23.5,73,27.74529419
-23.5,75,27.7763916
-23.5,77,27.95656738
-23.5,79,27.3749939
-23.5,81,27.17739258
-23.5,83,27.44603882
-23.5,85,27.23528442
-23.5,87,26.75203857
-23.5,89,26.32119141
-23.5,91,26.07042847
-23.5,93,25.95348511
-23.5,95,25.51494751
-23.5,97,25.78655396
-23.5,99,26.62816772
-23.5,101,26.60683594
-23.5,103,26.0805603
-23.5,105,25.45321045
-23.5,107,25.02810059
-23.5,109,25.44429932
-23.5,111,26.42116699
-23.5,113,26.49776611
-23.5,115,NaN
-23.5,117,NaN
-23.5,119,NaN
-23.5,121,NaN
-23.5,123,NaN
-23.5,125,NaN
-23.5,127,NaN
-23.5,129,NaN
-23.5,131,NaN
-23.5,133,NaN
-23.5,135,NaN
-23.5,137,NaN
-23.5,139,NaN
-23.5,141,NaN
-23.5,143,NaN
-23.5,145,NaN
-23.5,147,NaN
-23.5,149,NaN
-23.5,151,29.32207642
-23.5,153,29.26363525
-23.5,155,28.70403442
-23.5,157,27.65438232
-23.5,159,27.67907104
-23.5,161,28.01796875
-23.5,163,28.03054199
-23.5,165,27.94918213
-23.5,167,27.95873413
-23.5,169,27.94033203
-23.5,171,27.90136108
-23.5,173,27.99147949
-23.5,175,28.13063965
-23.5,177,28.15282593
-23.5,179,28.13250122
-23.5,181,28.15627441
-23.5,183,28.19515381
-23.5,185,28.24685059
-23.5,187,28.41808472
-23.5,189,28.55306396
-23.5,191,28.58287964
-23.5,193,28.56160889
-23.5,195,28.56731567
-23.5,197,28.56847534
-23.5,199,28.54299316
-23.5,201,28.53371582
-23.5,203,28.48504028
-23.5,205,28.3928772
-23.5,207,28.30294189
-23.5,209,28.2416626
-23.5,211,28.25032959
-23.5,213,28.32232056
-23.5,215,28.32061157
-23.5,217,28.27306519
-23.5,219,28.21532593
-23.5,221,28.18389282
-23.5,223,28.14660034
-23.5,225,28.06676636
-23.5,227,27.99221191
-23.5,229,27.89650879
-23.5,231,27.83782349
-23.5,233,27.71505127
-23.5,235,27.55111084
-23.5,237,27.33104858
-23.5,239,27.05297241
-23.5,241,26.80812988
-23.5,243,26.56173096
-23.5,245,26.35695801
-23.5,247,26.16747437
-23.5,249,25.91637573
-23.5,251,25.65856323
-23.5,253,25.3376709
-23.5,255,25.00856934
-23.5,257,24.73388062
-23.5,259,24.45211182
-23.5,261,24.20562134
-23.5,263,23.96276245
-23.5,265,23.73793945
-23.5,267,23.55669556
-23.5,269,23.42400513
-23.5,271,23.2590271
-23.5,273,23.00609741
-23.5,275,22.67388306
-23.5,277,22.21325073
-23.5,279,21.68966064
-23.5,281,20.98763428
-23.5,283,20.16018066
-23.5,285,20.06624756
-23.5,287,21.66484985
-23.5,289,22.87667236
-23.5,291,NaN
-23.5,293,NaN
-23.5,295,NaN
-23.5,297,NaN
-23.5,299,NaN
-23.5,301,NaN
-23.5,303,NaN
-23.5,305,NaN
-23.5,307,NaN
-23.5,309,NaN
-23.5,311,NaN
-23.5,313,NaN
-23.5,315,NaN
-23.5,317,25.87258301
-23.5,319,26.19701538
-23.5,321,26.61559448
-23.5,323,26.31575928
-23.5,325,26.32750854
-23.5,327,26.70183716
-23.5,329,26.66985474
-23.5,331,26.57640991
-23.5,333,26.38604126
-23.5,335,25.99468384
-23.5,337,25.46978149
-23.5,339,25.02105103
-23.5,341,24.6274353
-23.5,343,24.2734314
-23.5,345,23.92962036
-23.5,347,23.55709229
-23.5,349,23.22368774
-23.5,351,22.89190063
-23.5,353,22.65801392
-23.5,355,22.4793335
-23.5,357,22.21016846
-23.5,359,21.91262207
-22.5,1,22.01940308
-22.5,3,21.97231445
-22.5,5,21.97481689
-22.5,7,22.22802124
-22.5,9,22.71297607
-22.5,11,21.92199097
-22.5,13,21.58757935
-22.5,15,22.44039307
-22.5,17,NaN
-22.5,19,NaN
-22.5,21,NaN
-22.5,23,NaN
-22.5,25,NaN
-22.5,27,NaN
-22.5,29,NaN
-22.5,31,NaN
-22.5,33,NaN
-22.5,35,29.4963623
-22.5,37,29.35396729
-22.5,39,29.07805786
-22.5,41,29.25679932
-22.5,43,29.58257446
-22.5,45,NaN
-22.5,47,NaN
-22.5,49,28.88308105
-22.5,51,29.09697876
-22.5,53,28.85448608
-22.5,55,28.99529419
-22.5,57,29.23363647
-22.5,59,29.19924316
-22.5,61,29.05297241
-22.5,63,28.9230896
-22.5,65,28.82735596
-22.5,67,28.55507813
-22.5,69,28.36837158
-22.5,71,28.22338257
-22.5,73,27.88121948
-22.5,75,27.88186035
-22.5,77,27.92254028
-22.5,79,27.515802
-22.5,81,27.38536987
-22.5,83,27.41173706
-22.5,85,27.04857788
-22.5,87,26.58587036
-22.5,89,26.29897461
-22.5,91,26.27303467
-22.5,93,26.27504883
-22.5,95,25.93609009
-22.5,97,26.21239624
-22.5,99,26.89190063
-22.5,101,26.75463257
-22.5,103,26.17522583
-22.5,105,25.60891113
-22.5,107,25.36745605
-22.5,109,25.89995728
-22.5,111,26.99196777
-22.5,113,28.07549438
-22.5,115,NaN
-22.5,117,NaN
-22.5,119,NaN
-22.5,121,NaN
-22.5,123,NaN
-22.5,125,NaN
-22.5,127,NaN
-22.5,129,NaN
-22.5,131,NaN
-22.5,133,NaN
-22.5,135,NaN
-22.5,137,NaN
-22.5,139,NaN
-22.5,141,NaN
-22.5,143,NaN
-22.5,145,NaN
-22.5,147,NaN
-22.5,149,NaN
-22.5,151,29.78951416
-22.5,153,29.47020874
-22.5,155,28.79406128
-22.5,157,28.21087036
-22.5,159,28.39553223
-22.5,161,28.64602051
-22.5,163,28.63890991
-22.5,165,28.54668579
-22.5,167,28.53276978
-22.5,169,28.50563965
-22.5,171,28.48021851
-22.5,173,28.56102905
-22.5,175,28.67977295
-22.5,177,28.66896973
-22.5,179,28.64440308
-22.5,181,28.72033081
-22.5,183,28.81548462
-22.5,185,28.89052734
-22.5,187,29.00472412
-22.5,189,29.07525024
-22.5,191,29.08529053
-22.5,193,29.05324707
-22.5,195,29.03414307
-22.5,197,29.00423584
-22.5,199,28.95827637
-22.5,201,28.95015869
-22.5,203,28.90297852
-22.5,205,28.81136475
-22.5,207,28.72579346
-22.5,209,28.65905151
-22.5,211,28.66762695
-22.5,213,28.75441895
-22.5,215,28.75982056
-22.5,217,28.72792969
-22.5,219,28.68679199
-22.5,221,28.6196228
-22.5,223,28.5418335
-22.5,225,28.42000732
-22.5,227,28.31557617
-22.5,229,28.17687378
-22.5,231,28.06734619
-22.5,233,27.91466675
-22.5,235,27.69793091
-22.5,237,27.45717773
-22.5,239,27.18267212
-22.5,241,26.93044434
-22.5,243,26.65490112
-22.5,245,26.40386353
-22.5,247,26.16738281
-22.5,249,25.87960205
-22.5,251,25.59026489
-22.5,253,25.26751099
-22.5,255,24.95296631
-22.5,257,24.68175659
-22.5,259,24.41005859
-22.5,261,24.14721069
-22.5,263,23.90462646
-22.5,265,23.72527466
-22.5,267,23.5727478
-22.5,269,23.4430481
-22.5,271,23.27776489
-22.5,273,23.05019531
-22.5,275,22.78951416
-22.5,277,22.44872437
-22.5,279,22.10158691
-22.5,281,21.55880127
-22.5,283,20.71297607
-22.5,285,20.58068237
-22.5,287,22.12966309
-22.5,289,23.371698
-22.5,291,NaN
-22.5,293,NaN
-22.5,295,NaN
-22.5,297,NaN
-22.5,299,NaN
-22.5,301,NaN
-22.5,303,NaN
-22.5,305,NaN
-22.5,307,NaN
-22.5,309,NaN
-22.5,311,NaN
-22.5,313,NaN
-22.5,315,NaN
-22.5,317,NaN
-22.5,319,26.13497314
-22.5,321,26.61321411
-22.5,323,26.5317627
-22.5,325,26.55114136
-22.5,327,26.86525879
-22.5,329,26.6819397
-22.5,331,26.46154175
-22.5,333,26.18535767
-22.5,335,25.72561035
-22.5,337,25.19991455
-22.5,339,24.77660522
-22.5,341,24.4302002
-22.5,343,24.10830078
-22.5,345,23.79589233
-22.5,347,23.47600708
-22.5,349,23.22982178
-22.5,351,22.98577271
-22.5,353,22.80303345
-22.5,355,22.65776978
-22.5,357,22.44268188
-22.5,359,22.21849976
-21.5,1,22.44103394
-21.5,3,22.52050171
-21.5,5,22.62688599
-21.5,7,23.13970337
-21.5,9,23.48037109
-21.5,11,22.12996826
-21.5,13,21.3973938
-21.5,15,NaN
-21.5,17,NaN
-21.5,19,NaN
-21.5,21,NaN
-21.5,23,NaN
-21.5,25,NaN
-21.5,27,NaN
-21.5,29,NaN
-21.5,31,NaN
-21.5,33,NaN
-21.5,35,29.55596313
-21.5,37,29.80635986
-21.5,39,29.81591187
-21.5,41,29.80211792
-21.5,43,29.73366699
-21.5,45,NaN
-21.5,47,NaN
-21.5,49,28.94375
-21.5,51,29.08214722
-21.5,53,28.90996704
-21.5,55,29.0251709
-21.5,57,29.29268799
-21.5,59,29.1954895
-21.5,61,29.01012573
-21.5,63,28.89229736
-21.5,65,28.77242432
-21.5,67,28.5057312
-21.5,69,28.32286987
-21.5,71,28.14959106
-21.5,73,27.91344604
-21.5,75,27.88738403
-21.5,77,27.77901611
-21.5,79,27.5446106
-21.5,81,27.4918457
-21.5,83,27.29515991
-21.5,85,26.80700073
-21.5,87,26.4248291
-21.5,89,26.36046753
-21.5,91,26.58321533
-21.5,93,26.67806396
-21.5,95,26.437677
-21.5,97,26.63601074
-21.5,99,27.07589111
-21.5,101,26.86461792
-21.5,103,26.27852783
-21.5,105,25.84081421
-21.5,107,25.81694946
-21.5,109,26.37005005
-21.5,111,27.45739136
-21.5,113,28.36309204
-21.5,115,29.2255188
-21.5,117,NaN
-21.5,119,NaN
-21.5,121,NaN
-21.5,123,NaN
-21.5,125,NaN
-21.5,127,NaN
-21.5,129,NaN
-21.5,131,NaN
-21.5,133,NaN
-21.5,135,NaN
-21.5,137,NaN
-21.5,139,NaN
-21.5,141,NaN
-21.5,143,NaN
-21.5,145,NaN
-21.5,147,NaN
-21.5,149,NaN
-21.5,151,29.91512451
-21.5,153,29.44896851
-21.5,155,28.89736328
-21.5,157,28.7817627
-21.5,159,28.97744141
-21.5,161,29.1083313
-21.5,163,29.09368286
-21.5,165,28.99492798
-21.5,167,28.94713745
-21.5,169,28.90755615
-21.5,171,28.90197144
-21.5,173,28.96437988
-21.5,175,29.05587158
-21.5,177,29.02935181
-21.5,179,29.02404175
-21.5,181,29.15477905
-21.5,183,29.29393921
-21.5,185,29.38692627
-21.5,187,29.44014893
-21.5,189,29.44408569
-21.5,191,29.44436035
-21.5,193,29.42040405
-21.5,195,29.39211426
-21.5,197,29.34313354
-21.5,199,29.28789673
-21.5,201,29.28991089
-21.5,203,29.25322876
-21.5,205,29.16661987
-21.5,207,29.08876953
-21.5,209,29.02114258
-21.5,211,29.02855835
-21.5,213,29.12490234
-21.5,215,29.13747559
-21.5,217,29.11937866
-21.5,219,29.08025513
-21.5,221,28.95202026
-21.5,223,28.8220459
-21.5,225,28.65856323
-21.5,227,28.52373657
-21.5,229,28.34279785
-21.5,231,28.17702637
-21.5,233,27.99550781
-21.5,235,27.73174438
-21.5,237,27.48293457
-21.5,239,27.22631226
-21.5,241,26.96883545
-21.5,243,26.66530762
-21.5,245,26.36544189
-21.5,247,26.08245239
-21.5,249,25.77300415
-21.5,251,25.46505127
-21.5,253,25.14953003
-21.5,255,24.85952148
-21.5,257,24.59316406
-21.5,259,24.33657227
-21.5,261,24.07543335
-21.5,263,23.84667358
-21.5,265,23.71856079
-21.5,267,23.59145508
-21.5,269,23.45058594
-21.5,271,23.26873169
-21.5,273,23.05410156
-21.5,275,22.85994873
-21.5,277,22.63118896
-21.5,279,22.44384155
-21.5,281,22.07695923
-21.5,283,21.26207886
-21.5,285,21.13292847
-21.5,287,22.61797485
-21.5,289,23.5206543
-21.5,291,NaN
-21.5,293,NaN
-21.5,295,NaN
-21.5,297,NaN
-21.5,299,NaN
-21.5,301,NaN
-21.5,303,NaN
-21.5,305,NaN
-21.5,307,NaN
-21.5,309,NaN
-21.5,311,NaN
-21.5,313,NaN
-21.5,315,NaN
-21.5,317,NaN
-21.5,319,26.13741455
-21.5,321,26.56343994
-21.5,323,26.69454346
-21.5,325,26.69353638
-21.5,327,26.90267334
-21.5,329,26.56957397
-21.5,331,26.24047241
-21.5,333,25.90337524
-21.5,335,25.42165527
-21.5,337,24.95122681
-21.5,339,24.59130249
-21.5,341,24.31096802
-21.5,343,24.02575073
-21.5,345,23.752771
-21.5,347,23.50866089
-21.5,349,23.36382446
-21.5,351,23.20571289
-21.5,353,23.05169067
-21.5,355,22.9059082
-21.5,357,22.71669922
-21.5,359,22.54940186
-20.5,1,23.05684814
-20.5,3,23.3076416
-20.5,5,23.5710083
-20.5,7,24.34700928
-20.5,9,24.82055054
-20.5,11,23.08571777
-20.5,13,21.6843811
-20.5,15,NaN
-20.5,17,NaN
-20.5,19,NaN
-20.5,21,NaN
-20.5,23,NaN
-20.5,25,NaN
-20.5,27,NaN
-20.5,29,NaN
-20.5,31,NaN
-20.5,33,NaN
-20.5,35,29.64284668
-20.5,37,29.98946533
-20.5,39,30.27330933
-20.5,41,30.27349243
-20.5,43,30.08175049
-20.5,45,NaN
-20.5,47,NaN
-20.5,49,29.15880737
-20.5,51,29.12865601
-20.5,53,28.96990356
-20.5,55,29.11141357
-20.5,57,29.34237061
-20.5,59,29.21474609
-20.5,61,29.04683838
-20.5,63,28.94448242
-20.5,65,28.8098999
-20.5,67,28.55068359
-20.5,69,28.36226807
-20.5,71,28.197229
-20.5,73,28.02428589
-20.5,75,27.94442139
-20.5,77,27.73671875
-20.5,79,27.58001099
-20.5,81,27.5324646
-20.5,83,27.2401062
-20.5,85,26.87435303
-20.5,87,26.76125488
-20.5,89,26.87249146
-20.5,91,27.12587891
-20.5,93,27.18999634
-20.5,95,26.99456177
-20.5,97,27.09530029
-20.5,99,27.32454834
-20.5,101,27.02718506
-20.5,103,26.46514282
-20.5,105,26.21160278
-20.5,107,26.39666138
-20.5,109,26.89943848
-20.5,111,27.80727539
-20.5,113,28.95293579
-20.5,115,30.00274048
-20.5,117,NaN
-20.5,119,NaN
-20.5,121,NaN
-20.5,123,NaN
-20.5,125,NaN
-20.5,127,NaN
-20.5,129,NaN
-20.5,131,NaN
-20.5,133,NaN
-20.5,135,NaN
-20.5,137,NaN
-20.5,139,NaN
-20.5,141,NaN
-20.5,143,NaN
-20.5,145,NaN
-20.5,147,NaN
-20.5,149,30.21935425
-20.5,151,29.8953186
-20.5,153,29.56615601
-20.5,155,29.35793457
-20.5,157,29.35296021
-20.5,159,29.37349854
-20.5,161,29.43288574
-20.5,163,29.43380127
-20.5,165,29.35256348
-20.5,167,29.30477295
-20.5,169,29.27678833
-20.5,171,29.28548584
-20.5,173,29.34273682
-20.5,175,29.44664917
-20.5,177,29.44585571
-20.5,179,29.43383179
-20.5,181,29.54775391
-20.5,183,29.67293701
-20.5,185,29.74877319
-20.5,187,29.75377808
-20.5,189,29.70534668
-20.5,191,29.68734131
-20.5,193,29.67653809
-20.5,195,29.65804443
-20.5,197,29.62893066
-20.5,199,29.60604248
-20.5,201,29.60744629
-20.5,203,29.56951294
-20.5,205,29.4873291
-20.5,207,29.42971191
-20.5,209,29.39788208
-20.5,211,29.38659058
-20.5,213,29.44301758
-20.5,215,29.44320068
-20.5,217,29.3979126
-20.5,219,29.32198486
-20.5,221,29.14058838
-20.5,223,28.98223267
-20.5,225,28.80330811
-20.5,227,28.63549194
-20.5,229,28.43456421
-20.5,231,28.22789917
-20.5,233,28.01519165
-20.5,235,27.71901855
-20.5,237,27.45430908
-20.5,239,27.19866333
-20.5,241,26.9319397
-20.5,243,26.6213623
-20.5,245,26.27541504
-20.5,247,25.94191895
-20.5,249,25.63842163
-20.5,251,25.34362183
-20.5,253,25.00618896
-20.5,255,24.7076355
-20.5,257,24.43999634
-20.5,259,24.2015625
-20.5,261,24.01799927
-20.5,263,23.84658203
-20.5,265,23.7428833
-20.5,267,23.59520874
-20.5,269,23.38170776
-20.5,271,23.13494263
-20.5,273,22.88875732
-20.5,275,22.69014893
-20.5,277,22.48256836
-20.5,279,22.29692993
-20.5,281,22.02446899
-20.5,283,21.48839722
-20.5,285,21.59963379
-20.5,287,22.99682007
-20.5,289,23.85643921
-20.5,291,NaN
-20.5,293,NaN
-20.5,295,NaN
-20.5,297,NaN
-20.5,299,NaN
-20.5,301,NaN
-20.5,303,NaN
-20.5,305,NaN
-20.5,307,NaN
-20.5,309,NaN
-20.5,311,NaN
-20.5,313,NaN
-20.5,315,NaN
-20.5,317,NaN
-20.5,319,NaN
-20.5,321,26.63771973
-20.5,323,26.78267822
-20.5,325,26.7882019
-20.5,327,26.83864746
-20.5,329,26.41658936
-20.5,331,26.01540527
-20.5,333,25.65499268
-20.5,335,25.21758423
-20.5,337,24.83892212
-20.5,339,24.53273926
-20.5,341,24.29534302
-20.5,343,24.06054077
-20.5,345,23.84710083
-20.5,347,23.67040405
-20.5,349,23.58034668
-20.5,351,23.48189697
-20.5,353,23.36742554
-20.5,355,23.25246582
-20.5,357,23.10411987
-20.5,359,23.02034912
-19.5,1,23.70369873
-19.5,3,24.09731445
-19.5,5,24.49318848
-19.5,7,25.4843689
-19.5,9,26.2335144
-19.5,11,23.39656982
-19.5,13,NaN
-19.5,15,NaN
-19.5,17,NaN
-19.5,19,NaN
-19.5,21,NaN
-19.5,23,NaN
-19.5,25,NaN
-19.5,27,NaN
-19.5,29,NaN
-19.5,31,NaN
-19.5,33,NaN
-19.5,35,29.64284668
-19.5,37,29.92617188
-19.5,39,30.47225342
-19.5,41,30.55709229
-19.5,43,30.18181763
-19.5,45,29.88527832
-19.5,47,NaN
-19.5,49,29.1881958
-19.5,51,29.19274292
-19.5,53,29.06612549
-19.5,55,29.22185669
-19.5,57,29.38549194
-19.5,59,29.2350708
-19.5,61,29.09459839
-19.5,63,29.0017334
-19.5,65,28.85024414
-19.5,67,28.59951172
-19.5,69,28.41362915
-19.5,71,28.26845703
-19.5,73,28.14229736
-19.5,75,28.02422485
-19.5,77,27.77153931
-19.5,79,27.67275391
-19.5,81,27.61727295
-19.5,83,27.3098999
-19.5,85,27.13448486
-19.5,87,27.28026733
-19.5,89,27.50692139
-19.5,91,27.71038208
-19.5,93,27.69686279
-19.5,95,27.51247559
-19.5,97,27.50216064
-19.5,99,27.53997192
-19.5,101,27.1920105
-19.5,103,26.7182251
-19.5,105,26.67125854
-19.5,107,27.0303894
-19.5,109,27.45159302
-19.5,111,28.13610229
-19.5,113,29.17400513
-19.5,115,30.44561157
-19.5,117,31.05675659
-19.5,119,31.03911743
-19.5,121,31.18499146
-19.5,123,NaN
-19.5,125,NaN
-19.5,127,NaN
-19.5,129,NaN
-19.5,131,NaN
-19.5,133,NaN
-19.5,135,NaN
-19.5,137,NaN
-19.5,139,NaN
-19.5,141,NaN
-19.5,143,NaN
-19.5,145,NaN
-19.5,147,30.37401733
-19.5,149,30.14751587
-19.5,151,29.83641968
-19.5,153,29.771875
-19.5,155,29.87746582
-19.5,157,29.87435303
-19.5,159,29.72121582
-19.5,161,29.73247681
-19.5,163,29.74736938
-19.5,165,29.68355713
-19.5,167,29.6402832
-19.5,169,29.63262329
-19.5,171,29.66228638
-19.5,173,29.71306763
-19.5,175,29.8086792
-19.5,177,29.81960449
-19.5,179,29.79528198
-19.5,181,29.87426147
-19.5,183,29.96993408
-19.5,185,30.02269897
-19.5,187,29.99614868
-19.5,189,29.92580566
-19.5,191,29.90596924
-19.5,193,29.91765747
-19.5,195,29.9187561
-19.5,197,29.90911255
-19.5,199,29.91307983
-19.5,201,29.90780029
-19.5,203,29.86501465
-19.5,205,29.78893433
-19.5,207,29.74929199
-19.5,209,29.74935303
-19.5,211,29.72213135
-19.5,213,29.73555908
-19.5,215,29.71361694
-19.5,217,29.62566528
-19.5,219,29.49520264
-19.5,221,29.26104126
-19.5,223,29.07888184
-19.5,225,28.89217529
-19.5,227,28.69719849
-19.5,229,28.48259888
-19.5,231,28.24352417
-19.5,233,28.00356445
-19.5,235,27.68300781
-19.5,237,27.39580688
-19.5,239,27.12728271
-19.5,241,26.8467041
-19.5,243,26.53606567
-19.5,245,26.16396484
-19.5,247,25.80504761
-19.5,249,25.52071533
-19.5,251,25.24675903
-19.5,253,24.89812622
-19.5,255,24.5954834
-19.5,257,24.33245239
-19.5,259,24.12288818
-19.5,261,24.02129517
-19.5,263,23.88985596
-19.5,265,23.77791748
-19.5,267,23.58989868
-19.5,269,23.30501709
-19.5,271,23.01146851
-19.5,273,22.7524353
-19.5,275,22.55108032
-19.5,277,22.34887085
-19.5,279,22.13048706
-19.5,281,21.89867554
-19.5,283,21.63137207
-19.5,285,22.00350342
-19.5,287,23.24419556
-19.5,289,23.89998779
-19.5,291,NaN
-19.5,293,NaN
-19.5,295,NaN
-19.5,297,NaN
-19.5,299,NaN
-19.5,301,NaN
-19.5,303,NaN
-19.5,305,NaN
-19.5,307,NaN
-19.5,309,NaN
-19.5,311,NaN
-19.5,313,NaN
-19.5,315,NaN
-19.5,317,NaN
-19.5,319,NaN
-19.5,321,26.7171875
-19.5,323,26.86049805
-19.5,325,26.8673645
-19.5,327,26.78411255
-19.5,329,26.30401001
-19.5,331,25.85906372
-19.5,333,25.50423584
-19.5,335,25.12380371
-19.5,337,24.83260498
-19.5,339,24.58947144
-19.5,341,24.40154419
-19.5,343,24.22295532
-19.5,345,24.06755981
-19.5,347,23.9421936
-19.5,349,23.88305054
-19.5,351,23.82113037
-19.5,353,23.73183594
-19.5,355,23.64577637
-19.5,357,23.54140625
-19.5,359,23.53728638
-18.5,1,24.27349243
-18.5,3,24.72155151
-18.5,5,25.19182739
-18.5,7,26.23500977
-18.5,9,27.34560547
-18.5,11,24.37987671
-18.5,13,NaN
-18.5,15,NaN
-18.5,17,NaN
-18.5,19,NaN
-18.5,21,NaN
-18.5,23,NaN
-18.5,25,NaN
-18.5,27,NaN
-18.5,29,NaN
-18.5,31,NaN
-18.5,33,NaN
-18.5,35,NaN
-18.5,37,30.10408936
-18.5,39,30.26729736
-18.5,41,30.44222412
-18.5,43,30.28151855
-18.5,45,30.0520874
-18.5,47,NaN
-18.5,49,29.20192871
-18.5,51,29.30068359
-18.5,53,29.31188354
-18.5,55,29.40569458
-18.5,57,29.44194946
-18.5,59,29.27492676
-18.5,61,29.15880737
-18.5,63,29.04662476
-18.5,65,28.853479
-18.5,67,28.60357056
-18.5,69,28.44292603
-18.5,71,28.32750854
-18.5,73,28.21791992
-18.5,75,28.10524902
-18.5,77,27.93514404
-18.5,79,27.90255127
-18.5,81,27.8197876
-18.5,83,27.61245117
-18.5,85,27.64205322
-18.5,87,27.89138184
-18.5,89,28.11867676
-18.5,91,28.22033081
-18.5,93,28.11672363
-18.5,95,27.90978394
-18.5,97,27.76882324
-18.5,99,27.62041626
-18.5,101,27.27202759
-18.5,103,27.02764282
-18.5,105,27.21529541
-18.5,107,27.67073975
-18.5,109,28.01046143
-18.5,111,28.51003418
-18.5,113,29.31395874
-18.5,115,30.293573
-18.5,117,30.95592651
-18.5,119,31.03981934
-18.5,121,31.10445557
-18.5,123,NaN
-18.5,125,NaN
-18.5,127,NaN
-18.5,129,NaN
-18.5,131,NaN
-18.5,133,NaN
-18.5,135,NaN
-18.5,137,NaN
-18.5,139,NaN
-18.5,141,NaN
-18.5,143,NaN
-18.5,145,NaN
-18.5,147,30.23208008
-18.5,149,30.36623535
-18.5,151,30.11290894
-18.5,153,30.14904175
-18.5,155,30.32488403
-18.5,157,30.25548706
-18.5,159,30.12655029
-18.5,161,30.14141235
-18.5,163,30.13961182
-18.5,165,30.07286987
-18.5,167,30.01903687
-18.5,169,30.04113159
-18.5,171,30.11901245
-18.5,173,30.15728149
-18.5,175,30.15374146
-18.5,177,30.1062561
-18.5,179,30.07518921
-18.5,181,30.11675415
-18.5,183,30.1848999
-18.5,185,30.22207031
-18.5,187,30.19732056
-18.5,189,30.18157349
-18.5,191,30.20421753
-18.5,193,30.25280151
-18.5,195,30.28356323
-18.5,197,30.25951538
-18.5,199,30.24489746
-18.5,201,30.21993408
-18.5,203,30.16552124
-18.5,205,30.09905396
-18.5,207,30.05803833
-18.5,209,30.05166016
-18.5,211,30.0357605
-18.5,213,30.04143677
-18.5,215,29.99581299
-18.5,217,29.8578125
-18.5,219,29.64870605
-18.5,221,29.35863647
-18.5,223,29.14598999
-18.5,225,28.9543396
-18.5,227,28.74767456
-18.5,229,28.52172241
-18.5,231,28.26473389
-18.5,233,28.00777588
-18.5,235,27.6748291
-18.5,237,27.34276733
-18.5,239,27.02315674
-18.5,241,26.70891724
-18.5,243,26.39187012
-18.5,245,26.03450928
-18.5,247,25.71480713
-18.5,249,25.45842896
-18.5,251,25.19576416
-18.5,253,24.88152466
-18.5,255,24.60247192
-18.5,257,24.35616455
-18.5,259,24.19927368
-18.5,261,24.14129028
-18.5,263,23.96880493
-18.5,265,23.77098999
-18.5,267,23.51870117
-18.5,269,23.20479736
-18.5,271,22.94606934
-18.5,273,22.75725708
-18.5,275,22.60579834
-18.5,277,22.43810425
-18.5,279,22.20394287
-18.5,281,21.91567383
-18.5,283,21.7875
-18.5,285,22.40276489
-18.5,287,23.24245605
-18.5,289,23.50914917
-18.5,291,NaN
-18.5,293,NaN
-18.5,295,NaN
-18.5,297,NaN
-18.5,299,NaN
-18.5,301,NaN
-18.5,303,NaN
-18.5,305,NaN
-18.5,307,NaN
-18.5,309,NaN
-18.5,311,NaN
-18.5,313,NaN
-18.5,315,NaN
-18.5,317,NaN
-18.5,319,NaN
-18.5,321,26.87716064
-18.5,323,26.96676025
-18.5,325,26.9538208
-18.5,327,26.82869873
-18.5,329,26.31594238
-18.5,331,25.86464844
-18.5,333,25.55516968
-18.5,335,25.19384155
-18.5,337,24.92971191
-18.5,339,24.78179321
-18.5,341,24.67501221
-18.5,343,24.56130371
-18.5,345,24.44780884
-18.5,347,24.33480225
-18.5,349,24.27944336
-18.5,351,24.21865234
-18.5,353,24.11242065
-18.5,355,24.03499756
-18.5,357,23.98095093
-18.5,359,24.03725586
-17.5,1,24.8015686
-17.5,3,25.2071167
-17.5,5,25.58892212
-17.5,7,26.49929199
-17.5,9,27.86547241
-17.5,11,28.15874634
-17.5,13,NaN
-17.5,15,NaN
-17.5,17,NaN
-17.5,19,NaN
-17.5,21,NaN
-17.5,23,NaN
-17.5,25,NaN
-17.5,27,NaN
-17.5,29,NaN
-17.5,31,NaN
-17.5,33,NaN
-17.5,35,NaN
-17.5,37,NaN
-17.5,39,29.98299561
-17.5,41,30.21590576
-17.5,43,30.29299316
-17.5,45,30.44732056
-17.5,47,NaN
-17.5,49,NaN
-17.5,51,29.3727356
-17.5,53,29.49556885
-17.5,55,29.55407104
-17.5,57,29.5079895
-17.5,59,29.33223877
-17.5,61,29.2232605
-17.5,63,29.09581909
-17.5,65,28.88268433
-17.5,67,28.64873657
-17.5,69,28.52495728
-17.5,71,28.44112549
-17.5,73,28.35405884
-17.5,75,28.27172241
-17.5,77,28.19518433
-17.5,79,28.21364746
-17.5,81,28.121698
-17.5,83,28.02529297
-17.5,85,28.18798218
-17.5,87,28.43413696
-17.5,89,28.5786377
-17.5,91,28.55797729
-17.5,93,28.38106689
-17.5,95,28.15834961
-17.5,97,27.94973145
-17.5,99,27.73723755
-17.5,101,27.48677979
-17.5,103,27.47664795
-17.5,105,27.81572876
-17.5,107,28.29787598
-17.5,109,28.57814941
-17.5,111,28.98085938
-17.5,113,29.63689575
-17.5,115,30.36651001
-17.5,117,30.98232422
-17.5,119,31.10704956
-17.5,121,31.3640686
-17.5,123,32.02630005
-17.5,125,NaN
-17.5,127,NaN
-17.5,129,NaN
-17.5,131,NaN
-17.5,133,NaN
-17.5,135,NaN
-17.5,137,NaN
-17.5,139,NaN
-17.5,141,NaN
-17.5,143,NaN
-17.5,145,30.7736145
-17.5,147,30.66835938
-17.5,149,30.55944214
-17.5,151,30.39721069
-17.5,153,30.50246582
-17.5,155,30.6826416
-17.5,157,30.56832275
-17.5,159,30.48449097
-17.5,161,30.49559937
-17.5,163,30.47573242
-17.5,165,30.40581665
-17.5,167,30.34615479
-17.5,169,30.3878418
-17.5,171,30.49605713
-17.5,173,30.51497803
-17.5,175,30.41970215
-17.5,177,30.32122192
-17.5,179,30.29189453
-17.5,181,30.32036743
-17.5,183,30.38372192
-17.5,185,30.41567383
-17.5,187,30.39342651
-17.5,189,30.41726074
-17.5,191,30.46755371
-17.5,193,30.54473267
-17.5,195,30.59850464
-17.5,197,30.55065308
-17.5,199,30.50792847
-17.5,201,30.46846924
-17.5,203,30.41323242
-17.5,205,30.36599121
-17.5,207,30.33080444
-17.5,209,30.31801758
-17.5,211,30.30275879
-17.5,213,30.28359375
-17.5,215,30.19997559
-17.5,217,30.01531372
-17.5,219,29.75402222
-17.5,221,29.43981323
-17.5,223,29.20958862
-17.5,225,29.00951538
-17.5,227,28.78579102
-17.5,229,28.53746948
-17.5,231,28.25188599
-17.5,233,27.97045288
-17.5,235,27.6305481
-17.5,237,27.27462158
-17.5,239,26.93355713
-17.5,241,26.61815796
-17.5,243,26.32271729
-17.5,245,26.00292358
-17.5,247,25.72905884
-17.5,249,25.49102173
-17.5,251,25.23421631
-17.5,253,24.95745239
-17.5,255,24.71114502
-17.5,257,24.4951416
-17.5,259,24.39116821
-17.5,261,24.36119995
-17.5,263,24.14766846
-17.5,265,23.88872681
-17.5,267,23.60747681
-17.5,269,23.30193481
-17.5,271,23.1078125
-17.5,273,23.0128418
-17.5,275,22.93676147
-17.5,277,22.82824097
-17.5,279,22.65117798
-17.5,281,22.29235229
-17.5,283,22.02773438
-17.5,285,22.52764282
-17.5,287,23.07680664
-17.5,289,NaN
-17.5,291,NaN
-17.5,293,NaN
-17.5,295,NaN
-17.5,297,NaN
-17.5,299,NaN
-17.5,301,NaN
-17.5,303,NaN
-17.5,305,NaN
-17.5,307,NaN
-17.5,309,NaN
-17.5,311,NaN
-17.5,313,NaN
-17.5,315,NaN
-17.5,317,NaN
-17.5,319,NaN
-17.5,321,27.12557373
-17.5,323,27.06899414
-17.5,325,27.07436523
-17.5,327,26.97298584
-17.5,329,26.45427856
-17.5,331,25.97661743
-17.5,333,25.71047363
-17.5,335,25.38735352
-17.5,337,25.14046631
-17.5,339,25.05928955
-17.5,341,25.01345215
-17.5,343,24.94844971
-17.5,345,24.86791382
-17.5,347,24.76345215
-17.5,349,24.7022644
-17.5,351,24.63659058
-17.5,353,24.52398071
-17.5,355,24.46462402
-17.5,357,24.45998535
-17.5,359,24.55578003
-16.5,1,25.28655396
-16.5,3,25.49920044
-16.5,5,25.47869263
-16.5,7,25.869104
-16.5,9,27.20507202
-16.5,11,28.01018677
-16.5,13,NaN
-16.5,15,NaN
-16.5,17,NaN
-16.5,19,NaN
-16.5,21,NaN
-16.5,23,NaN
-16.5,25,NaN
-16.5,27,NaN
-16.5,29,NaN
-16.5,31,NaN
-16.5,33,NaN
-16.5,35,NaN
-16.5,37,NaN
-16.5,39,29.98308716
-16.5,41,30.16808472
-16.5,43,30.25814209
-16.5,45,30.4571167
-16.5,47,NaN
-16.5,49,NaN
-16.5,51,29.39595947
-16.5,53,29.51259766
-16.5,55,29.61422119
-16.5,57,29.59295044
-16.5,59,29.422052
-16.5,61,29.27681885
-16.5,63,29.14821777
-16.5,65,28.95977173
-16.5,67,28.76888428
-16.5,69,28.697229
-16.5,71,28.64074097
-16.5,73,28.59667358
-16.5,75,28.57225952
-16.5,77,28.57467041
-16.5,79,28.61101685
-16.5,81,28.53582153
-16.5,83,28.55547485
-16.5,85,28.73320923
-16.5,87,28.82531128
-16.5,89,28.76351318
-16.5,91,28.5916687
-16.5,93,28.37957153
-16.5,95,28.16393433
-16.5,97,27.99373779
-16.5,99,27.92669067
-16.5,101,27.95916138
-16.5,103,28.17785034
-16.5,105,28.49923096
-16.5,107,28.9001709
-16.5,109,29.16411743
-16.5,111,29.64541016
-16.5,113,30.40227661
-16.5,115,30.93511353
-16.5,117,31.2383667
-16.5,119,31.31749878
-16.5,121,31.3784729
-16.5,123,32.19118652
-16.5,125,NaN
-16.5,127,NaN
-16.5,129,NaN
-16.5,131,NaN
-16.5,133,NaN
-16.5,135,NaN
-16.5,137,NaN
-16.5,139,NaN
-16.5,141,NaN
-16.5,143,NaN
-16.5,145,30.7736145
-16.5,147,30.6942688
-16.5,149,30.60320435
-16.5,151,30.55870972
-16.5,153,30.75301514
-16.5,155,30.88912354
-16.5,157,30.81340942
-16.5,159,30.76821289
-16.5,161,30.72670898
-16.5,163,30.69332275
-16.5,165,30.62822876
-16.5,167,30.57695923
-16.5,169,30.6178833
-16.5,171,30.72091064
-16.5,173,30.70986328
-16.5,175,30.549646
-16.5,177,30.43517456
-16.5,179,30.43102417
-16.5,181,30.49935303
-16.5,183,30.61065063
-16.5,185,30.65609131
-16.5,187,30.61818848
-16.5,189,30.62359009
-16.5,191,30.65151367
-16.5,193,30.74053345
-16.5,195,30.80980835
-16.5,197,30.72161255
-16.5,199,30.64019165
-16.5,201,30.60268555
-16.5,203,30.57042847
-16.5,205,30.56490479
-16.5,207,30.55983887
-16.5,209,30.55700073
-16.5,211,30.51748047
-16.5,213,30.42290649
-16.5,215,30.26833496
-16.5,217,30.04094849
-16.5,219,29.7835022
-16.5,221,29.51308594
-16.5,223,29.29180298
-16.5,225,29.07668457
-16.5,227,28.81972656
-16.5,229,28.5239502
-16.5,231,28.17669067
-16.5,233,27.84304199
-16.5,235,27.49901733
-16.5,237,27.15993652
-16.5,239,26.86486206
-16.5,241,26.61858521
-16.5,243,26.40072021
-16.5,245,26.1461731
-16.5,247,25.90712891
-16.5,249,25.65697632
-16.5,251,25.39013062
-16.5,253,25.1440979
-16.5,255,24.93660889
-16.5,257,24.77178345
-16.5,259,24.7206665
-16.5,261,24.70372925
-16.5,263,24.46834717
-16.5,265,24.21703491
-16.5,267,23.9815918
-16.5,269,23.73552856
-16.5,271,23.63530884
-16.5,273,23.65801392
-16.5,275,23.68947754
-16.5,277,23.6637207
-16.5,279,23.70803223
-16.5,281,23.30626831
-16.5,283,22.46273193
-16.5,285,22.42119751
-16.5,287,NaN
-16.5,289,NaN
-16.5,291,NaN
-16.5,293,NaN
-16.5,295,NaN
-16.5,297,NaN
-16.5,299,NaN
-16.5,301,NaN
-16.5,303,NaN
-16.5,305,NaN
-16.5,307,NaN
-16.5,309,NaN
-16.5,311,NaN
-16.5,313,NaN
-16.5,315,NaN
-16.5,317,NaN
-16.5,319,NaN
-16.5,321,27.13744507
-16.5,323,27.16408691
-16.5,325,27.26238403
-16.5,327,27.26998291
-16.5,329,26.76653442
-16.5,331,26.17571411
-16.5,333,25.94570313
-16.5,335,25.72057495
-16.5,337,25.47915039
-16.5,339,25.40279541
-16.5,341,25.37362061
-16.5,343,25.3260437
-16.5,345,25.27330933
-16.5,347,25.19152222
-16.5,349,25.11828003
-16.5,351,25.05196533
-16.5,353,24.97060547
-16.5,355,24.95635376
-16.5,357,25.00615845
-16.5,359,25.11831055
-15.5,1,25.82198486
-15.5,3,25.94768677
-15.5,5,25.74013672
-15.5,7,25.88018188
-15.5,9,27.02752075
-15.5,11,28.56109009
-15.5,13,NaN
-15.5,15,NaN
-15.5,17,NaN
-15.5,19,NaN
-15.5,21,NaN
-15.5,23,NaN
-15.5,25,NaN
-15.5,27,NaN
-15.5,29,NaN
-15.5,31,NaN
-15.5,33,NaN
-15.5,35,NaN
-15.5,37,NaN
-15.5,39,NaN
-15.5,41,30.04067383
-15.5,43,30.26290283
-15.5,45,30.71547852
-15.5,47,31.19164429
-15.5,49,NaN
-15.5,51,29.47588501
-15.5,53,29.5296875
-15.5,55,29.65441284
-15.5,57,29.62600098
-15.5,59,29.47442017
-15.5,61,29.34597168
-15.5,63,29.23101196
-15.5,65,29.08199463
-15.5,67,28.96431885
-15.5,69,28.94918213
-15.5,71,28.91951904
-15.5,73,28.91295776
-15.5,75,28.92989502
-15.5,77,28.98024902
-15.5,79,29.01854858
-15.5,81,28.96071777
-15.5,83,29.01680908
-15.5,85,29.11733398
-15.5,87,29.0520874
-15.5,89,28.85836182
-15.5,91,28.63781128
-15.5,93,28.46132813
-15.5,95,28.31389771
-15.5,97,28.23247681
-15.5,99,28.30178223
-15.5,101,28.527948
-15.5,103,28.86577759
-15.5,105,29.12624512
-15.5,107,29.42546997
-15.5,109,29.67614136
-15.5,111,30.19173584
-15.5,113,30.96071777
-15.5,115,31.35946045
-15.5,117,31.45665894
-15.5,119,31.48442993
-15.5,121,31.44002686
-15.5,123,32.13411865
-15.5,125,32.52800903
-15.5,127,NaN
-15.5,129,NaN
-15.5,131,NaN
-15.5,133,NaN
-15.5,135,NaN
-15.5,137,31.07183228
-15.5,139,31.49468384
-15.5,141,31.91414795
-15.5,143,NaN
-15.5,145,30.89541016
-15.5,147,30.71639404
-15.5,149,30.67489014
-15.5,151,30.7307373
-15.5,153,30.99120483
-15.5,155,31.09499512
-15.5,157,31.04033813
-15.5,159,30.99956665
-15.5,161,30.90654907
-15.5,163,30.86687622
-15.5,165,30.8147522
-15.5,167,30.76668701
-15.5,169,30.79158936
-15.5,171,30.8711792
-15.5,173,30.84676514
-15.5,175,30.69069824
-15.5,177,30.58822021
-15.5,179,30.59240112
-15.5,181,30.67391357
-15.5,183,30.79369507
-15.5,185,30.83168945
-15.5,187,30.78441772
-15.5,189,30.77605591
-15.5,191,30.78786621
-15.5,193,30.86864624
-15.5,195,30.93096313
-15.5,197,30.83980713
-15.5,199,30.75567017
-15.5,201,30.72057495
-15.5,203,30.70784912
-15.5,205,30.73757324
-15.5,207,30.74883423
-15.5,209,30.73543701
-15.5,211,30.66359863
-15.5,213,30.51305542
-15.5,215,30.31936035
-15.5,217,30.08348999
-15.5,219,29.84349976
-15.5,221,29.60436401
-15.5,223,29.37597046
-15.5,225,29.13042603
-15.5,227,28.83831177
-15.5,229,28.50420532
-15.5,231,28.12038574
-15.5,233,27.76699219
-15.5,235,27.44680176
-15.5,237,27.15368042
-15.5,239,26.91155396
-15.5,241,26.72088013
-15.5,243,26.56121216
-15.5,245,26.35881958
-15.5,247,26.14974365
-15.5,249,25.89589844
-15.5,251,25.62627563
-15.5,253,25.40419922
-15.5,255,25.23305664
-15.5,257,25.10714111
-15.5,259,25.09215698
-15.5,261,25.09224854
-15.5,263,24.86895142
-15.5,265,24.66011963
-15.5,267,24.47948608
-15.5,269,24.28939209
-15.5,271,24.24868164
-15.5,273,24.32570801
-15.5,275,24.43151245
-15.5,277,24.5006958
-15.5,279,24.85146484
-15.5,281,24.52553711
-15.5,283,23.4338623
-15.5,285,22.09777222
-15.5,287,NaN
-15.5,289,NaN
-15.5,291,NaN
-15.5,293,NaN
-15.5,295,NaN
-15.5,297,NaN
-15.5,299,NaN
-15.5,301,NaN
-15.5,303,NaN
-15.5,305,NaN
-15.5,307,NaN
-15.5,309,NaN
-15.5,311,NaN
-15.5,313,NaN
-15.5,315,NaN
-15.5,317,NaN
-15.5,319,NaN
-15.5,321,27.09905396
-15.5,323,27.18120728
-15.5,325,27.38607178
-15.5,327,27.56630859
-15.5,329,27.14153442
-15.5,331,26.46993408
-15.5,333,26.2328125
-15.5,335,26.10061035
-15.5,337,25.90355835
-15.5,339,25.82988892
-15.5,341,25.79949341
-15.5,343,25.75936279
-15.5,345,25.72008667
-15.5,347,25.64647827
-15.5,349,25.55935059
-15.5,351,25.49215088
-15.5,353,25.44054565
-15.5,355,25.46575317
-15.5,357,25.56185303
-15.5,359,25.69100342
-14.5,1,26.44484863
-14.5,3,26.66616211
-14.5,5,26.627771
-14.5,7,26.97432861
-14.5,9,27.73565063
-14.5,11,28.88717041
-14.5,13,30.20968018
-14.5,15,NaN
-14.5,17,NaN
-14.5,19,NaN
-14.5,21,NaN
-14.5,23,NaN
-14.5,25,NaN
-14.5,27,NaN
-14.5,29,NaN
-14.5,31,NaN
-14.5,33,NaN
-14.5,35,NaN
-14.5,37,NaN
-14.5,39,NaN
-14.5,41,30.0520874
-14.5,43,30.34368286
-14.5,45,30.81078491
-14.5,47,31.19164429
-14.5,49,NaN
-14.5,51,29.48189697
-14.5,53,29.57860718
-14.5,55,29.6899353
-14.5,57,29.57601318
-14.5,59,29.46538696
-14.5,61,29.44042358
-14.5,63,29.34993896
-14.5,65,29.24993286
-14.5,67,29.25402222
-14.5,69,29.30068359
-14.5,71,29.29174194
-14.5,73,29.31353149
-14.5,75,29.34383545
-14.5,77,29.40828857
-14.5,79,29.42449341
-14.5,81,29.38778076
-14.5,83,29.38799438
-14.5,85,29.29519043
-14.5,87,29.07879028
-14.5,89,28.86989746
-14.5,91,28.74846802
-14.5,93,28.70440063
-14.5,95,28.70882568
-14.5,97,28.7645813
-14.5,99,28.91756592
-14.5,101,29.19967041
-14.5,103,29.52068481
-14.5,105,29.67278442
-14.5,107,29.83995972
-14.5,109,30.08291016
-14.5,111,30.55040894
-14.5,113,31.17290649
-14.5,115,31.50579224
-14.5,117,31.56408081
-14.5,119,31.57219849
-14.5,121,31.57894287
-14.5,123,31.76445923
-14.5,125,32.23772583
-14.5,127,NaN
-14.5,129,NaN
-14.5,131,NaN
-14.5,133,NaN
-14.5,135,NaN
-14.5,137,31.06127319
-14.5,139,31.50771484
-14.5,141,31.92815552
-14.5,143,NaN
-14.5,145,30.94365845
-14.5,147,30.68291626
-14.5,149,30.80788574
-14.5,151,30.94524536
-14.5,153,31.25008545
-14.5,155,31.33202515
-14.5,157,31.26952515
-14.5,159,31.18557129
-14.5,161,31.03423462
-14.5,163,31.0017334
-14.5,165,30.97915039
-14.5,167,30.92592773
-14.5,169,30.91466675
-14.5,171,30.94640503
-14.5,173,30.93111572
-14.5,175,30.87792358
-14.5,177,30.82225952
-14.5,179,30.80346069
-14.5,181,30.85283813
-14.5,183,30.91665039
-14.5,185,30.91170654
-14.5,187,30.86870728
-14.5,189,30.86287842
-14.5,191,30.87658081
-14.5,193,30.92437134
-14.5,195,30.9460083
-14.5,197,30.91121826
-14.5,199,30.87761841
-14.5,201,30.83834229
-14.5,203,30.83684692
-14.5,205,30.89653931
-14.5,207,30.90358887
-14.5,209,30.84713135
-14.5,211,30.73500977
-14.5,213,30.55748901
-14.5,215,30.37200317
-14.5,217,30.17601929
-14.5,219,29.96422729
-14.5,221,29.73305664
-14.5,223,29.46676025
-14.5,225,29.1657959
-14.5,227,28.83712158
-14.5,229,28.47918091
-14.5,231,28.09545288
-14.5,233,27.76687012
-14.5,235,27.5102478
-14.5,237,27.29882202
-14.5,239,27.10772095
-14.5,241,26.94057617
-14.5,243,26.80281982
-14.5,245,26.63082275
-14.5,247,26.44698486
-14.5,249,26.20168457
-14.5,251,25.93880615
-14.5,253,25.73357544
-14.5,255,25.59661255
-14.5,257,25.48922119
-14.5,259,25.48861084
-14.5,261,25.51226196
-14.5,263,25.3411499
-14.5,265,25.21508179
-14.5,267,25.08806763
-14.5,269,24.93880615
-14.5,271,24.90441284
-14.5,273,24.93544922
-14.5,275,25.06258545
-14.5,277,25.21413574
-14.5,279,26.04421387
-14.5,281,26.00164185
-14.5,283,24.0486084
-14.5,285,NaN
-14.5,287,NaN
-14.5,289,NaN
-14.5,291,NaN
-14.5,293,NaN
-14.5,295,NaN
-14.5,297,NaN
-14.5,299,NaN
-14.5,301,NaN
-14.5,303,NaN
-14.5,305,NaN
-14.5,307,NaN
-14.5,309,NaN
-14.5,311,NaN
-14.5,313,NaN
-14.5,315,NaN
-14.5,317,NaN
-14.5,319,NaN
-14.5,321,27.06063232
-14.5,323,27.07024536
-14.5,325,27.39498291
-14.5,327,27.84661255
-14.5,329,27.59264526
-14.5,331,26.86135254
-14.5,333,26.5463501
-14.5,335,26.51537476
-14.5,337,26.42546997
-14.5,339,26.35585938
-14.5,341,26.30477295
-14.5,343,26.26622925
-14.5,345,26.22478638
-14.5,347,26.14013062
-14.5,349,26.03341064
-14.5,351,25.96148071
-14.5,353,25.9343811
-14.5,355,25.9873291
-14.5,357,26.12377319
-14.5,359,26.27889404
-13.5,1,27.10140381
-13.5,3,27.36376343
-13.5,5,27.43013916
-13.5,7,27.79116211
-13.5,9,28.30074463
-13.5,11,29.2361084
-13.5,13,30.12386475
-13.5,15,NaN
-13.5,17,NaN
-13.5,19,NaN
-13.5,21,NaN
-13.5,23,NaN
-13.5,25,NaN
-13.5,27,NaN
-13.5,29,NaN
-13.5,31,NaN
-13.5,33,NaN
-13.5,35,NaN
-13.5,37,NaN
-13.5,39,NaN
-13.5,41,30.0269104
-13.5,43,30.35656128
-13.5,45,30.86367188
-13.5,47,30.77492676
-13.5,49,30.28606567
-13.5,51,29.52810059
-13.5,53,29.62267456
-13.5,55,29.7234436
-13.5,57,29.59237061
-13.5,59,29.52147827
-13.5,61,29.54818115
-13.5,63,29.48186646
-13.5,65,29.44161377
-13.5,67,29.50917969
-13.5,69,29.56749878
-13.5,71,29.57918701
-13.5,73,29.62584839
-13.5,75,29.65145264
-13.5,77,29.70848999
-13.5,79,29.70180664
-13.5,81,29.63237915
-13.5,83,29.52538452
-13.5,85,29.30727539
-13.5,87,29.0800415
-13.5,89,28.97173462
-13.5,91,29.00161133
-13.5,93,29.06585083
-13.5,95,29.1378418
-13.5,97,29.24953613
-13.5,99,29.44841919
-13.5,101,29.74324951
-13.5,103,30.01229248
-13.5,105,30.13521729
-13.5,107,30.32845459
-13.5,109,30.58730469
-13.5,111,30.95726929
-13.5,113,31.38723145
-13.5,115,31.58425293
-13.5,117,31.59835205
-13.5,119,31.60384521
-13.5,121,31.61699829
-13.5,123,31.54970703
-13.5,125,31.71190796
-13.5,127,31.85131226
-13.5,129,NaN
-13.5,131,NaN
-13.5,133,NaN
-13.5,135,NaN
-13.5,137,30.97368774
-13.5,139,31.4500061
-13.5,141,31.88302002
-13.5,143,NaN
-13.5,145,30.87670288
-13.5,147,30.78731689
-13.5,149,30.92455444
-13.5,151,31.11583862
-13.5,153,31.42803345
-13.5,155,31.44970093
-13.5,157,31.40911255
-13.5,159,31.36473999
-13.5,161,31.22591553
-13.5,163,31.1723877
-13.5,165,31.14211426
-13.5,167,31.109552
-13.5,169,31.08858643
-13.5,171,31.09819946
-13.5,173,31.0876709
-13.5,175,31.07906494
-13.5,177,31.05483398
-13.5,179,31.03170166
-13.5,181,31.05462036
-13.5,183,31.06664429
-13.5,185,31.0274292
-13.5,187,30.98919067
-13.5,189,30.97597656
-13.5,191,30.9782959
-13.5,193,30.99590454
-13.5,195,30.99419556
-13.5,197,30.99959717
-13.5,199,31.00377808
-13.5,201,30.98635254
-13.5,203,30.98415527
-13.5,205,31.01540527
-13.5,207,30.98616943
-13.5,209,30.89141235
-13.5,211,30.75441895
-13.5,213,30.56865845
-13.5,215,30.39846191
-13.5,217,30.22490845
-13.5,219,30.02321777
-13.5,221,29.79345093
-13.5,223,29.51690063
-13.5,225,29.19671021
-13.5,227,28.85585938
-13.5,229,28.50567017
-13.5,231,28.1513916
-13.5,233,27.86159668
-13.5,235,27.68209229
-13.5,237,27.56282959
-13.5,239,27.40224609
-13.5,241,27.22820435
-13.5,243,27.09850464
-13.5,245,26.98345337
-13.5,247,26.85817871
-13.5,249,26.61727295
-13.5,251,26.34401855
-13.5,253,26.14623413
-13.5,255,26.04503784
-13.5,257,25.97863159
-13.5,259,25.99398193
-13.5,261,26.03023682
-13.5,263,25.89510498
-13.5,265,25.82302246
-13.5,267,25.75594482
-13.5,269,25.65825806
-13.5,271,25.64464722
-13.5,273,25.67043457
-13.5,275,25.80004272
-13.5,277,25.92617188
-13.5,279,26.74086914
-13.5,281,26.86251221
-13.5,283,26.22548828
-13.5,285,NaN
-13.5,287,NaN
-13.5,289,NaN
-13.5,291,NaN
-13.5,293,NaN
-13.5,295,NaN
-13.5,297,NaN
-13.5,299,NaN
-13.5,301,NaN
-13.5,303,NaN
-13.5,305,NaN
-13.5,307,NaN
-13.5,309,NaN
-13.5,311,NaN
-13.5,313,NaN
-13.5,315,NaN
-13.5,317,NaN
-13.5,319,NaN
-13.5,321,26.99794922
-13.5,323,27.14608154
-13.5,325,27.45888672
-13.5,327,28.10177002
-13.5,329,28.09713135
-13.5,331,27.38610229
-13.5,333,26.97731934
-13.5,335,26.97542725
-13.5,337,26.97640381
-13.5,339,26.92339478
-13.5,341,26.85308228
-13.5,343,26.81725464
-13.5,345,26.76680908
-13.5,347,26.65310059
-13.5,349,26.52590332
-13.5,351,26.47158203
-13.5,353,26.48516235
-13.5,355,26.56697998
-13.5,357,26.73909912
-13.5,359,26.91607056
-12.5,1,27.75606689
-12.5,3,28.00478516
-12.5,5,28.13411865
-12.5,7,28.36913452
-12.5,9,28.70934448
-12.5,11,29.39885864
-12.5,13,30.07952271
-12.5,15,NaN
-12.5,17,NaN
-12.5,19,NaN
-12.5,21,NaN
-12.5,23,NaN
-12.5,25,NaN
-12.5,27,NaN
-12.5,29,NaN
-12.5,31,NaN
-12.5,33,NaN
-12.5,35,NaN
-12.5,37,NaN
-12.5,39,NaN
-12.5,41,30.00432739
-12.5,43,30.27880249
-12.5,45,30.70824585
-12.5,47,30.64464722
-12.5,49,30.28606567
-12.5,51,29.5468689
-12.5,53,29.66463623
-12.5,55,29.75664673
-12.5,57,29.65975342
-12.5,59,29.63027344
-12.5,61,29.66536865
-12.5,63,29.6133667
-12.5,65,29.63134155
-12.5,67,29.71404419
-12.5,69,29.7378479
-12.5,71,29.76882324
-12.5,73,29.83855591
-12.5,75,29.8437439
-12.5,77,29.875177
-12.5,79,29.83950195
-12.5,81,29.70604858
-12.5,83,29.47353516
-12.5,85,29.20559082
-12.5,87,29.08959351
-12.5,89,29.16018066
-12.5,91,29.35985718
-12.5,93,29.49611816
-12.5,95,29.56368408
-12.5,97,29.66442261
-12.5,99,29.875177
-12.5,101,30.14995728
-12.5,103,30.33226929
-12.5,105,30.46663818
-12.5,107,30.79985962
-12.5,109,31.09957275
-12.5,111,31.33260498
-12.5,113,31.53725586
-12.5,115,31.55385742
-12.5,117,31.52666626
-12.5,119,31.55162964
-12.5,121,31.57601318
-12.5,123,31.49282227
-12.5,125,31.49407349
-12.5,127,31.35628662
-12.5,129,31.62023315
-12.5,131,31.73745117
-12.5,133,NaN
-12.5,135,NaN
-12.5,137,30.93734131
-12.5,139,31.34395752
-12.5,141,31.8479248
-12.5,143,30.88533936
-12.5,145,30.80159912
-12.5,147,30.97109375
-12.5,149,31.00701294
-12.5,151,31.24266968
-12.5,153,31.5309082
-12.5,155,31.4508606
-12.5,157,31.45400391
-12.5,159,31.51799927
-12.5,161,31.45473633
-12.5,163,31.36141357
-12.5,165,31.29558716
-12.5,167,31.30596313
-12.5,169,31.29390869
-12.5,171,31.29775391
-12.5,173,31.28640137
-12.5,175,31.27965698
-12.5,177,31.2746521
-12.5,179,31.26223145
-12.5,181,31.26751099
-12.5,183,31.23394165
-12.5,185,31.1697937
-12.5,187,31.14187012
-12.5,189,31.11361084
-12.5,191,31.09685669
-12.5,193,31.08815918
-12.5,195,31.07189331
-12.5,197,31.10421143
-12.5,199,31.13085327
-12.5,201,31.1480957
-12.5,203,31.12935791
-12.5,205,31.08318481
-12.5,207,30.9949585
-12.5,209,30.86956177
-12.5,211,30.72350464
-12.5,213,30.54415283
-12.5,215,30.39351807
-12.5,217,30.22695313
-12.5,219,30.01897583
-12.5,221,29.78667603
-12.5,223,29.52352295
-12.5,225,29.21550903
-12.5,227,28.88393555
-12.5,229,28.56539307
-12.5,231,28.26622925
-12.5,233,28.0262085
-12.5,235,27.94246826
-12.5,237,27.92818604
-12.5,239,27.76732788
-12.5,241,27.55596313
-12.5,243,27.42376099
-12.5,245,27.3923584
-12.5,247,27.35769043
-12.5,249,27.11309204
-12.5,251,26.81673584
-12.5,253,26.62667236
-12.5,255,26.56386719
-12.5,257,26.55065308
-12.5,259,26.57787476
-12.5,261,26.61416016
-12.5,263,26.4999939
-12.5,265,26.45562134
-12.5,267,26.45046387
-12.5,269,26.41555176
-12.5,271,26.43273315
-12.5,273,26.47237549
-12.5,275,26.57637939
-12.5,277,26.56640015
-12.5,279,26.94121704
-12.5,281,27.13192139
-12.5,283,26.50615845
-12.5,285,NaN
-12.5,287,NaN
-12.5,289,NaN
-12.5,291,NaN
-12.5,293,NaN
-12.5,295,NaN
-12.5,297,NaN
-12.5,299,NaN
-12.5,301,NaN
-12.5,303,NaN
-12.5,305,NaN
-12.5,307,NaN
-12.5,309,NaN
-12.5,311,NaN
-12.5,313,NaN
-12.5,315,NaN
-12.5,317,NaN
-12.5,319,NaN
-12.5,321,NaN
-12.5,323,27.20665894
-12.5,325,27.56182251
-12.5,327,28.32640991
-12.5,329,28.64846191
-12.5,331,28.0133606
-12.5,333,27.49404297
-12.5,335,27.46953735
-12.5,337,27.54952393
-12.5,339,27.51543579
-12.5,341,27.42217407
-12.5,343,27.39122925
-12.5,345,27.32662354
-12.5,347,27.17131958
-12.5,349,27.0234314
-12.5,351,27.00411377
-12.5,353,27.07094727
-12.5,355,27.17791138
-12.5,357,27.37957153
-12.5,359,27.57097778
-11.5,1,28.29778442
-11.5,3,28.51598511
-11.5,5,28.73903809
-11.5,7,28.88707886
-11.5,9,29.01763306
-11.5,11,29.55333862
-11.5,13,30.01729736
-11.5,15,NaN
-11.5,17,NaN
-11.5,19,NaN
-11.5,21,NaN
-11.5,23,NaN
-11.5,25,NaN
-11.5,27,NaN
-11.5,29,NaN
-11.5,31,NaN
-11.5,33,NaN
-11.5,35,NaN
-11.5,37,NaN
-11.5,39,NaN
-11.5,41,29.85753784
-11.5,43,29.96633301
-11.5,45,30.10112915
-11.5,47,30.06514893
-11.5,49,29.89470825
-11.5,51,29.61416016
-11.5,53,29.70858154
-11.5,55,29.76662598
-11.5,57,29.71907959
-11.5,59,29.71959839
-11.5,61,29.74413452
-11.5,63,29.69820557
-11.5,65,29.68154297
-11.5,67,29.7545105
-11.5,69,29.77150879
-11.5,71,29.82695923
-11.5,73,29.90908203
-11.5,75,29.91539917
-11.5,77,29.90224609
-11.5,79,29.79485474
-11.5,81,29.64025269
-11.5,83,29.49572144
-11.5,85,29.42177734
-11.5,87,29.44243774
-11.5,89,29.47896729
-11.5,91,29.57369385
-11.5,93,29.67824707
-11.5,95,29.79696045
-11.5,97,29.94173584
-11.5,99,30.15761719
-11.5,101,30.41381226
-11.5,103,30.49785767
-11.5,105,30.43505249
-11.5,107,30.72692261
-11.5,109,31.00808105
-11.5,111,31.09694824
-11.5,113,31.24352417
-11.5,115,31.21990356
-11.5,117,31.17730103
-11.5,119,31.22765503
-11.5,121,31.28826294
-11.5,123,31.28768311
-11.5,125,31.31105957
-11.5,127,31.20552979
-11.5,129,31.31539307
-11.5,131,31.47667847
-11.5,133,31.30834351
-11.5,135,31.29796753
-11.5,137,31.13121948
-11.5,139,31.34639893
-11.5,141,31.67580566
-11.5,143,30.85390625
-11.5,145,30.54940186
-11.5,147,30.8507019
-11.5,149,30.98500977
-11.5,151,31.32915649
-11.5,153,31.56408081
-11.5,155,31.4288269
-11.5,157,31.38820801
-11.5,159,31.50957642
-11.5,161,31.55407104
-11.5,163,31.48818359
-11.5,165,31.41918335
-11.5,167,31.43328247
-11.5,169,31.40731201
-11.5,171,31.39263306
-11.5,173,31.38445435
-11.5,175,31.39550171
-11.5,177,31.40267334
-11.5,179,31.40874634
-11.5,181,31.42196045
-11.5,183,31.38829956
-11.5,185,31.32546387
-11.5,187,31.30495605
-11.5,189,31.27092896
-11.5,191,31.24974976
-11.5,193,31.24581299
-11.5,195,31.21407471
-11.5,197,31.22960815
-11.5,199,31.23827515
-11.5,201,31.22167358
-11.5,203,31.13897095
-11.5,205,31.02892456
-11.5,207,30.92254028
-11.5,209,30.80852661
-11.5,211,30.67333374
-11.5,213,30.49682007
-11.5,215,30.34533081
-11.5,217,30.16802368
-11.5,219,29.95070801
-11.5,221,29.72103271
-11.5,223,29.46935425
-11.5,225,29.18200073
-11.5,227,28.86464844
-11.5,229,28.55324707
-11.5,231,28.3076416
-11.5,233,28.13497314
-11.5,235,28.19680176
-11.5,237,28.27407227
-11.5,239,28.02861938
-11.5,241,27.78804932
-11.5,243,27.68709717
-11.5,245,27.74108276
-11.5,247,27.79973755
-11.5,249,27.54274902
-11.5,251,27.24541626
-11.5,253,27.13131104
-11.5,255,27.10445557
-11.5,257,27.0677124
-11.5,259,27.07976685
-11.5,261,27.12212524
-11.5,263,27.03118286
-11.5,265,26.9994751
-11.5,267,27.02929077
-11.5,269,27.06209717
-11.5,271,27.09353027
-11.5,273,27.05431519
-11.5,275,27.02922974
-11.5,277,26.84960327
-11.5,279,26.86327515
-11.5,281,27.32647095
-11.5,283,27.59572754
-11.5,285,NaN
-11.5,287,NaN
-11.5,289,NaN
-11.5,291,NaN
-11.5,293,NaN
-11.5,295,NaN
-11.5,297,NaN
-11.5,299,NaN
-11.5,301,NaN
-11.5,303,NaN
-11.5,305,NaN
-11.5,307,NaN
-11.5,309,NaN
-11.5,311,NaN
-11.5,313,NaN
-11.5,315,NaN
-11.5,317,NaN
-11.5,319,NaN
-11.5,321,NaN
-11.5,323,27.52544556
-11.5,325,27.66027222
-11.5,327,28.51912842
-11.5,329,29.06704102
-11.5,331,28.52529297
-11.5,333,28.0631958
-11.5,335,28.03121338
-11.5,337,28.1093689
-11.5,339,28.06777344
-11.5,341,27.95766602
-11.5,343,27.91549072
-11.5,345,27.83104858
-11.5,347,27.67260132
-11.5,349,27.531427
-11.5,351,27.52605591
-11.5,353,27.61220703
-11.5,355,27.72591553
-11.5,357,27.92836914
-11.5,359,28.12029419
-10.5,1,28.73607788
-10.5,3,28.92583618
-10.5,5,29.27016602
-10.5,7,29.34276733
-10.5,9,29.26473389
-10.5,11,29.67064819
-10.5,13,29.95583496
-10.5,15,NaN
-10.5,17,NaN
-10.5,19,NaN
-10.5,21,NaN
-10.5,23,NaN
-10.5,25,NaN
-10.5,27,NaN
-10.5,29,NaN
-10.5,31,NaN
-10.5,33,NaN
-10.5,35,NaN
-10.5,37,NaN
-10.5,39,30.07253418
-10.5,41,29.84862671
-10.5,43,29.71547852
-10.5,45,29.62978516
-10.5,47,29.67949829
-10.5,49,29.68480835
-10.5,51,29.60045776
-10.5,53,29.78930054
-10.5,55,29.84514771
-10.5,57,29.82573853
-10.5,59,29.84023438
-10.5,61,29.83812866
-10.5,63,29.80962524
-10.5,65,29.7399231
-10.5,67,29.79412231
-10.5,69,29.81670532
-10.5,71,29.88012085
-10.5,73,29.94973145
-10.5,75,29.95522461
-10.5,77,29.91655884
-10.5,79,29.76143799
-10.5,81,29.63158569
-10.5,83,29.60567627
-10.5,85,29.69777832
-10.5,87,29.81072388
-10.5,89,29.78582153
-10.5,91,29.76094971
-10.5,93,29.83477173
-10.5,95,29.99172363
-10.5,97,30.14553223
-10.5,99,30.3048645
-10.5,101,30.53881226
-10.5,103,30.64956055
-10.5,105,30.42278442
-10.5,107,30.49904785
-10.5,109,30.74141846
-10.5,111,30.7701355
-10.5,113,30.86748657
-10.5,115,30.86577759
-10.5,117,30.84511719
-10.5,119,30.90847168
-10.5,121,30.98061523
-10.5,123,31.08526001
-10.5,125,31.19127808
-10.5,127,31.16686401
-10.5,129,31.22097168
-10.5,131,31.30343018
-10.5,133,31.25426636
-10.5,135,31.25731812
-10.5,137,31.2131897
-10.5,139,31.27993164
-10.5,141,31.61895142
-10.5,143,30.78515015
-10.5,145,30.14714966
-10.5,147,30.47524414
-10.5,149,NaN
-10.5,151,31.35247192
-10.5,153,31.58760986
-10.5,155,31.4666687
-10.5,157,31.36831055
-10.5,159,31.47701416
-10.5,161,31.59691772
-10.5,163,31.58239136
-10.5,165,31.52675781
-10.5,167,31.52147827
-10.5,169,31.47860107
-10.5,171,31.45592651
-10.5,173,31.45131836
-10.5,175,31.48342285
-10.5,177,31.50380859
-10.5,179,31.51461182
-10.5,181,31.52443848
-10.5,183,31.49718628
-10.5,185,31.44542847
-10.5,187,31.43004761
-10.5,189,31.3930603
-10.5,191,31.37380371
-10.5,193,31.38549194
-10.5,195,31.34627686
-10.5,197,31.32964478
-10.5,199,31.30425415
-10.5,201,31.2461792
-10.5,203,31.11116943
-10.5,205,30.95983276
-10.5,207,30.84365234
-10.5,209,30.73525391
-10.5,211,30.61272583
-10.5,213,30.44622192
-10.5,215,30.28753052
-10.5,217,30.09813843
-10.5,219,29.86834106
-10.5,221,29.64006958
-10.5,223,29.40090332
-10.5,225,29.15133057
-10.5,227,28.86370239
-10.5,229,28.54158936
-10.5,231,28.36074219
-10.5,233,28.25405273
-10.5,235,28.43938599
-10.5,237,28.58358154
-10.5,239,28.22734985
-10.5,241,27.99025879
-10.5,243,27.94869385
-10.5,245,28.04885254
-10.5,247,28.12709961
-10.5,249,27.85787354
-10.5,251,27.66997681
-10.5,253,27.69503174
-10.5,255,27.66195068
-10.5,257,27.58104858
-10.5,259,27.58806763
-10.5,261,27.63063965
-10.5,263,27.56261597
-10.5,265,27.52428589
-10.5,267,27.56517944
-10.5,269,27.65383301
-10.5,271,27.69216309
-10.5,273,27.56276855
-10.5,275,27.38060913
-10.5,277,27.07467041
-10.5,279,26.65825806
-10.5,281,27.06060181
-10.5,283,NaN
-10.5,285,NaN
-10.5,287,NaN
-10.5,289,NaN
-10.5,291,NaN
-10.5,293,NaN
-10.5,295,NaN
-10.5,297,NaN
-10.5,299,NaN
-10.5,301,NaN
-10.5,303,NaN
-10.5,305,NaN
-10.5,307,NaN
-10.5,309,NaN
-10.5,311,NaN
-10.5,313,NaN
-10.5,315,NaN
-10.5,317,NaN
-10.5,319,NaN
-10.5,321,NaN
-10.5,323,NaN
-10.5,325,27.93847046
-10.5,327,28.72261963
-10.5,329,29.37651978
-10.5,331,28.92064819
-10.5,333,28.57610474
-10.5,335,28.54985962
-10.5,337,28.58809814
-10.5,339,28.53383789
-10.5,341,28.42507324
-10.5,343,28.36565552
-10.5,345,28.26119385
-10.5,347,28.12197266
-10.5,349,28.00509033
-10.5,351,27.99849854
-10.5,353,28.07918701
-10.5,355,28.18654785
-10.5,357,28.37566528
-10.5,359,28.5682312
-9.5,1,29.08049927
-9.5,3,29.24944458
-9.5,5,29.77749023
-9.5,7,29.77880249
-9.5,9,29.48775635
-9.5,11,29.72384033
-9.5,13,29.91918335
-9.5,15,NaN
-9.5,17,NaN
-9.5,19,NaN
-9.5,21,NaN
-9.5,23,NaN
-9.5,25,NaN
-9.5,27,NaN
-9.5,29,NaN
-9.5,31,NaN
-9.5,33,NaN
-9.5,35,NaN
-9.5,37,NaN
-9.5,39,30.07253418
-9.5,41,29.87984619
-9.5,43,29.68648682
-9.5,45,29.66521606
-9.5,47,29.67681274
-9.5,49,29.60604248
-9.5,51,29.57351074
-9.5,53,29.95073853
-9.5,55,30.07216797
-9.5,57,30.01778564
-9.5,59,30.02764282
-9.5,61,29.97664795
-9.5,63,30.01113281
-9.5,65,29.90352783
-9.5,67,29.94161377
-9.5,69,29.98983154
-9.5,71,30.02703247
-9.5,73,30.04046021
-9.5,75,30.03435669
-9.5,77,30.01928101
-9.5,79,29.8755127
-9.5,81,29.8300415
-9.5,83,29.85250244
-9.5,85,29.89827881
-9.5,87,29.99324951
-9.5,89,29.9800354
-9.5,91,29.97313843
-9.5,93,30.09679565
-9.5,95,30.25344238
-9.5,97,30.32976685
-9.5,99,30.30645142
-9.5,101,30.49990234
-9.5,103,30.92470703
-9.5,105,30.73845825
-9.5,107,30.32653198
-9.5,109,30.54961548
-9.5,111,30.69637451
-9.5,113,30.62719116
-9.5,115,30.69008789
-9.5,117,NaN
-9.5,119,NaN
-9.5,121,NaN
-9.5,123,NaN
-9.5,125,31.13039551
-9.5,127,31.12966309
-9.5,129,31.06084595
-9.5,131,31.06380615
-9.5,133,31.10003052
-9.5,135,31.1105896
-9.5,137,31.12536011
-9.5,139,31.02044067
-9.5,141,31.15267334
-9.5,143,30.18328247
-9.5,145,29.48909912
-9.5,147,30.32164917
-9.5,149,NaN
-9.5,151,31.29216919
-9.5,153,31.64211426
-9.5,155,31.66051636
-9.5,157,31.52337036
-9.5,159,31.50124512
-9.5,161,31.61467896
-9.5,163,31.66591797
-9.5,165,31.64208374
-9.5,167,31.58620605
-9.5,169,31.53463135
-9.5,171,31.53273926
-9.5,173,31.52739868
-9.5,175,31.5833374
-9.5,177,31.62728271
-9.5,179,31.60830078
-9.5,181,31.57216797
-9.5,183,31.53566895
-9.5,185,31.49840698
-9.5,187,31.48317871
-9.5,189,31.44051514
-9.5,191,31.42333374
-9.5,193,31.45491943
-9.5,195,31.4260498
-9.5,197,31.37203369
-9.5,199,31.31102905
-9.5,201,31.2388855
-9.5,203,31.1038147
-9.5,205,30.95107422
-9.5,207,30.81670532
-9.5,209,30.67055664
-9.5,211,30.54848633
-9.5,213,30.40667114
-9.5,215,30.23394165
-9.5,217,30.04641113
-9.5,219,29.80254517
-9.5,221,29.57018433
-9.5,223,29.3416687
-9.5,225,29.15935669
-9.5,227,28.93538818
-9.5,229,28.56307373
-9.5,231,28.47719727
-9.5,233,28.42061768
-9.5,235,28.6607605
-9.5,237,28.84423218
-9.5,239,28.35808716
-9.5,241,28.20009766
-9.5,243,28.26720581
-9.5,245,28.33101807
-9.5,247,28.26976929
-9.5,249,27.98366699
-9.5,251,28.1305481
-9.5,253,28.3824707
-9.5,255,28.23415527
-9.5,257,28.11779175
-9.5,259,28.17052612
-9.5,261,28.19344482
-9.5,263,28.15718994
-9.5,265,28.08782349
-9.5,267,28.1083313
-9.5,269,28.23424683
-9.5,271,28.28295288
-9.5,273,28.10164795
-9.5,275,27.75975952
-9.5,277,27.49978027
-9.5,279,26.59890137
-9.5,281,26.7126709
-9.5,283,NaN
-9.5,285,NaN
-9.5,287,NaN
-9.5,289,NaN
-9.5,291,NaN
-9.5,293,NaN
-9.5,295,NaN
-9.5,297,NaN
-9.5,299,NaN
-9.5,301,NaN
-9.5,303,NaN
-9.5,305,NaN
-9.5,307,NaN
-9.5,309,NaN
-9.5,311,NaN
-9.5,313,NaN
-9.5,315,NaN
-9.5,317,NaN
-9.5,319,NaN
-9.5,321,NaN
-9.5,323,NaN
-9.5,325,28.03377686
-9.5,327,29.02178345
-9.5,329,29.56286011
-9.5,331,29.16848145
-9.5,333,28.97969971
-9.5,335,28.97445068
-9.5,337,28.93599854
-9.5,339,28.88067017
-9.5,341,28.81517944
-9.5,343,28.73098145
-9.5,345,28.60387573
-9.5,347,28.50875244
-9.5,349,28.43837891
-9.5,351,28.40981445
-9.5,353,28.45699463
-9.5,355,28.54927979
-9.5,357,28.7137085
-9.5,359,28.92028198
-8.5,1,29.30495605
-8.5,3,29.52886353
-8.5,5,30.13060913
-8.5,7,30.15804443
-8.5,9,29.87514648
-8.5,11,29.83580933
-8.5,13,29.70122681
-8.5,15,NaN
-8.5,17,NaN
-8.5,19,NaN
-8.5,21,NaN
-8.5,23,NaN
-8.5,25,NaN
-8.5,27,NaN
-8.5,29,NaN
-8.5,31,NaN
-8.5,33,NaN
-8.5,35,NaN
-8.5,37,NaN
-8.5,39,30.1039978
-8.5,41,29.96437988
-8.5,43,29.81347046
-8.5,45,29.84536133
-8.5,47,29.85134277
-8.5,49,29.78112183
-8.5,51,29.79372559
-8.5,53,30.27416382
-8.5,55,30.30153809
-8.5,57,30.0642334
-8.5,59,30.08745728
-8.5,61,29.98775635
-8.5,63,30.03127441
-8.5,65,29.98839722
-8.5,67,29.97072754
-8.5,69,29.97756348
-8.5,71,30.00863037
-8.5,73,30.06630859
-8.5,75,30.08422241
-8.5,77,30.02404175
-8.5,79,29.85460815
-8.5,81,29.81835327
-8.5,83,29.8298584
-8.5,85,29.81166992
-8.5,87,29.86904297
-8.5,89,29.88634644
-8.5,91,29.91060791
-8.5,93,30.0498291
-8.5,95,30.21587524
-8.5,97,30.23946533
-8.5,99,30.06792603
-8.5,101,30.11272583
-8.5,103,30.45687256
-8.5,105,30.57009277
-8.5,107,30.4649292
-8.5,109,30.63781128
-8.5,111,30.75524292
-8.5,113,NaN
-8.5,115,NaN
-8.5,117,30.72197876
-8.5,119,30.75753174
-8.5,121,30.7701355
-8.5,123,30.92922363
-8.5,125,31.05358276
-8.5,127,31.15969238
-8.5,129,31.19628296
-8.5,131,31.13762817
-8.5,133,31.2164856
-8.5,135,31.26140747
-8.5,137,31.18422852
-8.5,139,30.99178467
-8.5,141,NaN
-8.5,143,NaN
-8.5,145,NaN
-8.5,147,NaN
-8.5,149,30.90300903
-8.5,151,31.19442139
-8.5,153,31.52367554
-8.5,155,31.6020752
-8.5,157,31.61159668
-8.5,159,31.59017334
-8.5,161,31.63887939
-8.5,163,31.69957886
-8.5,165,31.72631226
-8.5,167,31.69780884
-8.5,169,31.65300903
-8.5,171,31.64354858
-8.5,173,31.61251221
-8.5,175,31.67263184
-8.5,177,31.75206909
-8.5,179,31.71584473
-8.5,181,31.63701782
-8.5,183,31.58028564
-8.5,185,31.58077393
-8.5,187,31.6206604
-8.5,189,31.52330933
-8.5,191,31.44841919
-8.5,193,31.52602539
-8.5,195,31.50048218
-8.5,197,31.38869629
-8.5,199,31.31817017
-8.5,201,31.24730835
-8.5,203,31.10085449
-8.5,205,30.94060669
-8.5,207,30.78908691
-8.5,209,30.57052002
-8.5,211,30.37398682
-8.5,213,30.13643799
-8.5,215,29.8449646
-8.5,217,29.75142822
-8.5,219,29.54573975
-8.5,221,29.29760132
-8.5,223,29.11837158
-8.5,225,29.04668579
-8.5,227,28.98525391
-8.5,229,28.52736816
-8.5,231,28.47667847
-8.5,233,28.43416748
-8.5,235,28.60952148
-8.5,237,28.84481201
-8.5,239,28.3298584
-8.5,241,28.30275879
-8.5,243,28.45742188
-8.5,245,28.3633667
-8.5,247,28.13924561
-8.5,249,28.02324829
-8.5,251,28.52938232
-8.5,253,28.69716797
-8.5,255,28.29482422
-8.5,257,28.35491333
-8.5,259,28.5642334
-8.5,261,28.46578369
-8.5,263,28.47216187
-8.5,265,28.47487793
-8.5,267,28.42324219
-8.5,269,28.47359619
-8.5,271,28.52660522
-8.5,273,28.34169922
-8.5,275,27.90172729
-8.5,277,27.83440552
-8.5,279,27.00991211
-8.5,281,26.03136597
-8.5,283,NaN
-8.5,285,NaN
-8.5,287,NaN
-8.5,289,NaN
-8.5,291,NaN
-8.5,293,NaN
-8.5,295,NaN
-8.5,297,NaN
-8.5,299,NaN
-8.5,301,NaN
-8.5,303,NaN
-8.5,305,NaN
-8.5,307,NaN
-8.5,309,NaN
-8.5,311,NaN
-8.5,313,NaN
-8.5,315,NaN
-8.5,317,NaN
-8.5,319,NaN
-8.5,321,NaN
-8.5,323,NaN
-8.5,325,28.46309814
-8.5,327,29.20195923
-8.5,329,29.69515381
-8.5,331,29.38460693
-8.5,333,29.31362305
-8.5,335,29.32457886
-8.5,337,29.23967896
-8.5,339,29.21425781
-8.5,341,29.20125732
-8.5,343,29.10427246
-8.5,345,28.96437988
-8.5,347,28.91341553
-8.5,349,28.88866577
-8.5,351,28.86596069
-8.5,353,28.88826904
-8.5,355,28.9225708
-8.5,357,29.01412354
-8.5,359,29.16384277
-7.5,1,29.48528442
-7.5,3,29.74718628
-7.5,5,30.3416687
-7.5,7,30.44817505
-7.5,9,29.99862061
-7.5,11,29.54580078
-7.5,13,29.23827515
-7.5,15,NaN
-7.5,17,NaN
-7.5,19,NaN
-7.5,21,NaN
-7.5,23,NaN
-7.5,25,NaN
-7.5,27,NaN
-7.5,29,NaN
-7.5,31,NaN
-7.5,33,NaN
-7.5,35,NaN
-7.5,37,NaN
-7.5,39,30.12481079
-7.5,41,30.04287109
-7.5,43,29.98482666
-7.5,45,30.01699219
-7.5,47,29.97936401
-7.5,49,29.92397461
-7.5,51,29.9487854
-7.5,53,30.34246216
-7.5,55,30.33132324
-7.5,57,30.06850586
-7.5,59,30.09072266
-7.5,61,29.99401245
-7.5,63,30.04665527
-7.5,65,30.06875
-7.5,67,30.01235352
-7.5,69,29.97762451
-7.5,71,29.99575195
-7.5,73,30.08510742
-7.5,75,30.17492065
-7.5,77,30.13933716
-7.5,79,29.94024048
-7.5,81,29.84490356
-7.5,83,29.80123291
-7.5,85,29.71459351
-7.5,87,29.71929321
-7.5,89,29.79503784
-7.5,91,29.77077637
-7.5,93,29.83190308
-7.5,95,30.06957397
-7.5,97,30.10787354
-7.5,99,29.86477051
-7.5,101,29.88762817
-7.5,103,30.22014771
-7.5,105,30.46340332
-7.5,107,30.57137451
-7.5,109,NaN
-7.5,111,NaN
-7.5,113,NaN
-7.5,115,30.59221802
-7.5,117,30.64315186
-7.5,119,30.86141357
-7.5,121,30.91216431
-7.5,123,30.94848022
-7.5,125,30.9364563
-7.5,127,31.14470825
-7.5,129,31.2762085
-7.5,131,31.19387207
-7.5,133,31.33922729
-7.5,135,31.37597046
-7.5,137,31.02260742
-7.5,139,30.59719238
-7.5,141,NaN
-7.5,143,NaN
-7.5,145,NaN
-7.5,147,NaN
-7.5,149,30.52736816
-7.5,151,30.93752441
-7.5,153,31.27092896
-7.5,155,31.48021851
-7.5,157,31.64498291
-7.5,159,31.68468628
-7.5,161,31.72911987
-7.5,163,31.79000244
-7.5,165,31.83223877
-7.5,167,31.83770142
-7.5,169,31.81960449
-7.5,171,31.80339966
-7.5,173,31.73345337
-7.5,175,31.77004395
-7.5,177,31.82174072
-7.5,179,31.73555908
-7.5,181,31.6680542
-7.5,183,31.62560425
-7.5,185,31.65047607
-7.5,187,31.69869385
-7.5,189,31.53832397
-7.5,191,31.49569092
-7.5,193,31.62685547
-7.5,195,31.50966797
-7.5,197,31.35787354
-7.5,199,31.35750732
-7.5,201,31.20910034
-7.5,203,31.04610596
-7.5,205,30.92955933
-7.5,207,30.72640381
-7.5,209,30.41271362
-7.5,211,30.2171875
-7.5,213,29.9152771
-7.5,215,29.32085571
-7.5,217,29.32979736
-7.5,219,29.27678833
-7.5,221,29.0420166
-7.5,223,28.88747559
-7.5,225,28.82491455
-7.5,227,28.98638306
-7.5,229,28.50054321
-7.5,231,28.43627319
-7.5,233,28.4152771
-7.5,235,28.49828491
-7.5,237,28.77404175
-7.5,239,28.32457886
-7.5,241,28.4848877
-7.5,243,28.78466187
-7.5,245,28.61647949
-7.5,247,28.27285156
-7.5,249,28.35137329
-7.5,251,29.03035889
-7.5,253,28.93828735
-7.5,255,28.3805481
-7.5,257,28.68721924
-7.5,259,28.93969116
-7.5,261,28.69912109
-7.5,263,28.80507813
-7.5,265,28.82125244
-7.5,267,28.65322266
-7.5,269,28.65047607
-7.5,271,28.73156128
-7.5,273,28.61071167
-7.5,275,28.06929932
-7.5,277,28.00362549
-7.5,279,27.52669678
-7.5,281,26.28264771
-7.5,283,NaN
-7.5,285,NaN
-7.5,287,NaN
-7.5,289,NaN
-7.5,291,NaN
-7.5,293,NaN
-7.5,295,NaN
-7.5,297,NaN
-7.5,299,NaN
-7.5,301,NaN
-7.5,303,NaN
-7.5,305,NaN
-7.5,307,NaN
-7.5,309,NaN
-7.5,311,NaN
-7.5,313,NaN
-7.5,315,NaN
-7.5,317,NaN
-7.5,319,NaN
-7.5,321,NaN
-7.5,323,NaN
-7.5,325,28.77248535
-7.5,327,29.35317383
-7.5,329,29.74654541
-7.5,331,29.49724731
-7.5,333,29.50487671
-7.5,335,29.55608521
-7.5,337,29.4961792
-7.5,339,29.52337036
-7.5,341,29.58007202
-7.5,343,29.5274292
-7.5,345,29.40987549
-7.5,347,29.39434204
-7.5,349,29.40548096
-7.5,351,29.37645874
-7.5,353,29.35888062
-7.5,355,29.32045898
-7.5,357,29.32088623
-7.5,359,29.3895813
-6.5,1,29.62487183
-6.5,3,29.92336426
-6.5,5,30.43190918
-6.5,7,30.53237305
-6.5,9,29.87963257
-6.5,11,29.2413269
-6.5,13,28.88564453
-6.5,15,NaN
-6.5,17,NaN
-6.5,19,NaN
-6.5,21,NaN
-6.5,23,NaN
-6.5,25,NaN
-6.5,27,NaN
-6.5,29,NaN
-6.5,31,NaN
-6.5,33,NaN
-6.5,35,NaN
-6.5,37,NaN
-6.5,39,30.12828979
-6.5,41,30.14995728
-6.5,43,30.20168457
-6.5,45,30.23024902
-6.5,47,30.14071045
-6.5,49,30.01625977
-6.5,51,29.93712769
-6.5,53,30.06868896
-6.5,55,30.11315308
-6.5,57,30.05635986
-6.5,59,30.09356079
-6.5,61,30.03347168
-6.5,63,30.06932983
-6.5,65,30.10515747
-6.5,67,30.04573975
-6.5,69,29.99501953
-6.5,71,29.99120483
-6.5,73,30.05245361
-6.5,75,30.18816528
-6.5,77,30.27227173
-6.5,79,30.1539856
-6.5,81,30.05782471
-6.5,83,29.97231445
-6.5,85,29.82674561
-6.5,87,29.70702515
-6.5,89,29.81185303
-6.5,91,29.78203735
-6.5,93,29.71587524
-6.5,95,29.94707642
-6.5,97,29.94365845
-6.5,99,29.822229
-6.5,101,30.10540161
-6.5,103,30.48137817
-6.5,105,30.60067139
-6.5,107,NaN
-6.5,109,NaN
-6.5,111,30.89980469
-6.5,113,30.90596924
-6.5,115,30.7164856
-6.5,117,30.76046143
-6.5,119,30.93047485
-6.5,121,30.91970215
-6.5,123,30.97268066
-6.5,125,30.94014893
-6.5,127,31.12566528
-6.5,129,31.27254639
-6.5,131,31.22399292
-6.5,133,31.35991821
-6.5,135,31.28591309
-6.5,137,30.82698975
-6.5,139,30.58483276
-6.5,141,NaN
-6.5,143,NaN
-6.5,145,NaN
-6.5,147,29.77419434
-6.5,149,30.12270508
-6.5,151,30.69460449
-6.5,153,31.07994995
-6.5,155,31.45800171
-6.5,157,31.66942749
-6.5,159,31.78859863
-6.5,161,31.89492188
-6.5,163,31.93868408
-6.5,165,31.95079956
-6.5,167,31.97298584
-6.5,169,31.97521362
-6.5,171,31.94457397
-6.5,173,31.83416138
-6.5,175,31.82076416
-6.5,177,31.72710571
-6.5,179,31.5866333
-6.5,181,31.6105896
-6.5,183,31.48421631
-6.5,185,31.45565186
-6.5,187,31.51244507
-6.5,189,31.34642944
-6.5,191,31.36367188
-6.5,193,31.33873901
-6.5,195,31.17833862
-6.5,197,31.21560059
-6.5,199,31.15184937
-6.5,201,30.80327759
-6.5,203,30.81200562
-6.5,205,30.6725708
-6.5,207,30.30025635
-6.5,209,30.00887451
-6.5,211,29.97677002
-6.5,213,29.8149353
-6.5,215,28.79439697
-6.5,217,28.77932129
-6.5,219,28.94283447
-6.5,221,28.76882324
-6.5,223,28.56380615
-6.5,225,28.36858521
-6.5,227,28.78185425
-6.5,229,28.34850464
-6.5,231,28.2416626
-6.5,233,28.23153076
-6.5,235,28.21480713
-6.5,237,28.48961792
-6.5,239,28.16756592
-6.5,241,28.4901062
-6.5,243,29.02312622
-6.5,245,28.94951782
-6.5,247,28.46099243
-6.5,249,28.68169556
-6.5,251,29.41011963
-6.5,253,28.99779663
-6.5,255,28.38302002
-6.5,257,28.86577759
-6.5,259,28.98586426
-6.5,261,28.63091431
-6.5,263,28.86150513
-6.5,265,28.84389648
-6.5,267,28.60689697
-6.5,269,28.65325317
-6.5,271,28.80599365
-6.5,273,28.82390747
-6.5,275,28.32763062
-6.5,277,28.22988281
-6.5,279,28.62645874
-6.5,281,NaN
-6.5,283,NaN
-6.5,285,NaN
-6.5,287,NaN
-6.5,289,NaN
-6.5,291,NaN
-6.5,293,NaN
-6.5,295,NaN
-6.5,297,NaN
-6.5,299,NaN
-6.5,301,NaN
-6.5,303,NaN
-6.5,305,NaN
-6.5,307,NaN
-6.5,309,NaN
-6.5,311,NaN
-6.5,313,NaN
-6.5,315,NaN
-6.5,317,NaN
-6.5,319,NaN
-6.5,321,NaN
-6.5,323,NaN
-6.5,325,29.09493408
-6.5,327,29.52996216
-6.5,329,29.79525146
-6.5,331,29.56313477
-6.5,333,29.58849487
-6.5,335,29.66515503
-6.5,337,29.65456543
-6.5,339,29.72646484
-6.5,341,29.85057983
-6.5,343,29.88170776
-6.5,345,29.80397949
-6.5,347,29.79421387
-6.5,349,29.81426392
-6.5,351,29.75301514
-6.5,353,29.67037354
-6.5,355,29.56716309
-6.5,357,29.50927124
-6.5,359,29.53527222
-5.5,1,29.70525513
-5.5,3,30.07650146
-5.5,5,30.44399414
-5.5,7,30.34209595
-5.5,9,29.77913818
-5.5,11,29.39641724
-5.5,13,NaN
-5.5,15,NaN
-5.5,17,NaN
-5.5,19,NaN
-5.5,21,NaN
-5.5,23,NaN
-5.5,25,NaN
-5.5,27,NaN
-5.5,29,NaN
-5.5,31,NaN
-5.5,33,NaN
-5.5,35,NaN
-5.5,37,NaN
-5.5,39,29.97063599
-5.5,41,30.18895874
-5.5,43,30.38909302
-5.5,45,30.47948608
-5.5,47,30.45192871
-5.5,49,30.25420532
-5.5,51,29.98916016
-5.5,53,29.81594238
-5.5,55,29.83330688
-5.5,57,29.99697266
-5.5,59,30.08632813
-5.5,61,30.03240356
-5.5,63,30.00985107
-5.5,65,30.018396
-5.5,67,29.98378906
-5.5,69,29.94463501
-5.5,71,29.93560181
-5.5,73,29.94783936
-5.5,75,30.03200684
-5.5,77,30.2022644
-5.5,79,30.25875244
-5.5,81,30.27474365
-5.5,83,30.21734009
-5.5,85,30.10106812
-5.5,87,29.84169922
-5.5,89,29.86004028
-5.5,91,29.9520813
-5.5,93,29.8164917
-5.5,95,29.84343872
-5.5,97,29.72786865
-5.5,99,29.9427124
-5.5,101,30.43679199
-5.5,103,30.5413147
-5.5,105,30.62883911
-5.5,107,30.73830566
-5.5,109,30.8328186
-5.5,111,30.77700195
-5.5,113,30.90575562
-5.5,115,30.90557251
-5.5,117,30.95791016
-5.5,119,30.94063721
-5.5,121,30.83178101
-5.5,123,30.9421936
-5.5,125,30.97533569
-5.5,127,31.11055908
-5.5,129,31.27932129
-5.5,131,31.29421387
-5.5,133,31.168573
-5.5,135,30.87609253
-5.5,137,30.6065918
-5.5,139,NaN
-5.5,141,NaN
-5.5,143,NaN
-5.5,145,NaN
-5.5,147,31.74468384
-5.5,149,31.89202271
-5.5,151,31.29345093
-5.5,153,31.16463623
-5.5,155,31.49337158
-5.5,157,31.64992676
-5.5,159,31.89949951
-5.5,161,32.03859863
-5.5,163,31.97963867
-5.5,165,31.97438965
-5.5,167,32.04247437
-5.5,169,32.06688843
-5.5,171,31.97051392
-5.5,173,31.72753296
-5.5,175,31.65038452
-5.5,177,31.35732422
-5.5,179,31.20891724
-5.5,181,31.3098999
-5.5,183,30.77330933
-5.5,185,30.57171021
-5.5,187,30.76494751
-5.5,189,30.69249878
-5.5,191,30.51925049
-5.5,193,29.96550903
-5.5,195,30.22405396
-5.5,197,30.81279907
-5.5,199,30.13237915
-5.5,201,29.62822876
-5.5,203,30.30162964
-5.5,205,29.80150757
-5.5,207,29.087854
-5.5,209,29.134729
-5.5,211,29.40841064
-5.5,213,29.63173828
-5.5,215,28.29595337
-5.5,217,28.06173096
-5.5,219,28.36239014
-5.5,221,28.293573
-5.5,223,27.95794067
-5.5,225,27.64211426
-5.5,227,28.22380981
-5.5,229,27.86217651
-5.5,231,27.79274902
-5.5,233,27.75725708
-5.5,235,27.66661987
-5.5,237,27.85244141
-5.5,239,27.66381226
-5.5,241,27.98903809
-5.5,243,28.68557129
-5.5,245,28.76622925
-5.5,247,28.14492188
-5.5,249,28.57790527
-5.5,251,29.39785156
-5.5,253,28.69613037
-5.5,255,28.05812988
-5.5,257,28.60234985
-5.5,259,28.54732666
-5.5,261,28.16582642
-5.5,263,28.41942749
-5.5,265,28.38863525
-5.5,267,28.20812378
-5.5,269,28.34475098
-5.5,271,28.54473267
-5.5,273,28.70610962
-5.5,275,28.50402222
-5.5,277,28.55437622
-5.5,279,28.71410522
-5.5,281,NaN
-5.5,283,NaN
-5.5,285,NaN
-5.5,287,NaN
-5.5,289,NaN
-5.5,291,NaN
-5.5,293,NaN
-5.5,295,NaN
-5.5,297,NaN
-5.5,299,NaN
-5.5,301,NaN
-5.5,303,NaN
-5.5,305,NaN
-5.5,307,NaN
-5.5,309,NaN
-5.5,311,NaN
-5.5,313,NaN
-5.5,315,NaN
-5.5,317,NaN
-5.5,319,NaN
-5.5,321,NaN
-5.5,323,NaN
-5.5,325,29.40621338
-5.5,327,29.7411438
-5.5,329,29.95653687
-5.5,331,29.72585449
-5.5,333,29.71047363
-5.5,335,29.74215088
-5.5,337,29.71740112
-5.5,339,29.78655396
-5.5,341,29.94619141
-5.5,343,30.04024658
-5.5,345,29.97689209
-5.5,347,29.94432983
-5.5,349,29.95171509
-5.5,351,29.84523926
-5.5,353,29.68676147
-5.5,355,29.54134521
-5.5,357,29.48027954
-5.5,359,29.51769409
-4.5,1,29.88826904
-4.5,3,30.23504028
-4.5,5,30.39696655
-4.5,7,30.11623535
-4.5,9,29.54830322
-4.5,11,29.24935303
-4.5,13,NaN
-4.5,15,NaN
-4.5,17,NaN
-4.5,19,NaN
-4.5,21,NaN
-4.5,23,NaN
-4.5,25,NaN
-4.5,27,NaN
-4.5,29,NaN
-4.5,31,NaN
-4.5,33,NaN
-4.5,35,NaN
-4.5,37,NaN
-4.5,39,29.58690796
-4.5,41,29.86901245
-4.5,43,30.22823486
-4.5,45,30.33071289
-4.5,47,30.39290771
-4.5,49,30.45940552
-4.5,51,30.35747681
-4.5,53,30.0229126
-4.5,55,29.79924927
-4.5,57,29.88436279
-4.5,59,29.95928345
-4.5,61,29.89940796
-4.5,63,29.88076172
-4.5,65,29.90718994
-4.5,67,29.90236816
-4.5,69,29.89678345
-4.5,71,29.92354736
-4.5,73,29.9522644
-4.5,75,30.03884277
-4.5,77,30.15291748
-4.5,79,30.1619812
-4.5,81,30.13225708
-4.5,83,30.08910522
-4.5,85,30.12069092
-4.5,87,29.97741089
-4.5,89,29.92931519
-4.5,91,29.93172607
-4.5,93,29.73565063
-4.5,95,29.73845825
-4.5,97,29.86245117
-4.5,99,30.21535645
-4.5,101,30.28591309
-4.5,103,30.10057983
-4.5,105,30.34737549
-4.5,107,30.37746582
-4.5,109,30.32692871
-4.5,111,30.36568604
-4.5,113,30.31420288
-4.5,115,30.29430542
-4.5,117,30.63271484
-4.5,119,30.66808472
-4.5,121,30.50124512
-4.5,123,30.70653687
-4.5,125,30.68026123
-4.5,127,30.89672241
-4.5,129,31.10485229
-4.5,131,31.0515686
-4.5,133,30.69573364
-4.5,135,30.39711914
-4.5,137,NaN
-4.5,139,NaN
-4.5,141,NaN
-4.5,143,NaN
-4.5,145,31.66454468
-4.5,147,31.76949463
-4.5,149,31.87124023
-4.5,151,31.93059692
-4.5,153,31.4873291
-4.5,155,31.18496094
-4.5,157,31.46032104
-4.5,159,31.88973389
-4.5,161,31.89006958
-4.5,163,31.67778931
-4.5,165,31.78249512
-4.5,167,31.88067017
-4.5,169,31.95263062
-4.5,171,31.68404541
-4.5,173,31.11391602
-4.5,175,31.10747681
-4.5,177,30.79467163
-4.5,179,30.60558472
-4.5,181,30.55913696
-4.5,183,29.60915527
-4.5,185,29.13366089
-4.5,187,29.35344849
-4.5,189,29.53618774
-4.5,191,28.82506714
-4.5,193,27.90130005
-4.5,195,28.94896851
-4.5,197,29.64522705
-4.5,199,28.24257813
-4.5,201,28.00908813
-4.5,203,29.26043091
-4.5,205,28.37938843
-4.5,207,27.53130493
-4.5,209,27.9130188
-4.5,211,28.48891602
-4.5,213,28.76769409
-4.5,215,27.43877563
-4.5,217,27.32921753
-4.5,219,27.60567627
-4.5,221,27.62127075
-4.5,223,27.20784912
-4.5,225,27.00255737
-4.5,227,27.43340454
-4.5,229,27.05614624
-4.5,231,27.19051514
-4.5,233,27.19155273
-4.5,235,27.12194214
-4.5,237,27.13222656
-4.5,239,27.21132813
-4.5,241,27.46123657
-4.5,243,27.8328186
-4.5,245,27.82399902
-4.5,247,27.61919556
-4.5,249,28.51339111
-4.5,251,29.05529175
-4.5,253,28.06984863
-4.5,255,27.7121521
-4.5,257,28.45946655
-4.5,259,28.35064087
-4.5,261,28.04070435
-4.5,263,28.26384888
-4.5,265,28.21993408
-4.5,267,28.09243164
-4.5,269,28.18938599
-4.5,271,28.32174072
-4.5,273,28.54506836
-4.5,275,28.42785034
-4.5,277,28.20198975
-4.5,279,28.22670898
-4.5,281,NaN
-4.5,283,NaN
-4.5,285,NaN
-4.5,287,NaN
-4.5,289,NaN
-4.5,291,NaN
-4.5,293,NaN
-4.5,295,NaN
-4.5,297,NaN
-4.5,299,NaN
-4.5,301,NaN
-4.5,303,NaN
-4.5,305,NaN
-4.5,307,NaN
-4.5,309,NaN
-4.5,311,NaN
-4.5,313,NaN
-4.5,315,NaN
-4.5,317,NaN
-4.5,319,NaN
-4.5,321,NaN
-4.5,323,29.63540039
-4.5,325,29.58849487
-4.5,327,29.89702759
-4.5,329,30.06734619
-4.5,331,29.91604004
-4.5,333,29.87325439
-4.5,335,29.85790405
-4.5,337,29.81817017
-4.5,339,29.83858643
-4.5,341,29.97759399
-4.5,343,30.08989868
-4.5,345,30.02453003
-4.5,347,30.00161133
-4.5,349,30.02868042
-4.5,351,29.90673218
-4.5,353,29.75518188
-4.5,355,29.64498291
-4.5,357,29.60564575
-4.5,359,29.63988647
-3.5,1,30.24752197
-3.5,3,30.39428101
-3.5,5,30.21416626
-3.5,7,29.64211426
-3.5,9,29.13463745
-3.5,11,29.0637146
-3.5,13,NaN
-3.5,15,NaN
-3.5,17,NaN
-3.5,19,NaN
-3.5,21,NaN
-3.5,23,NaN
-3.5,25,NaN
-3.5,27,NaN
-3.5,29,NaN
-3.5,31,NaN
-3.5,33,NaN
-3.5,35,NaN
-3.5,37,NaN
-3.5,39,NaN
-3.5,41,29.71785889
-3.5,43,29.94674072
-3.5,45,30.08733521
-3.5,47,30.04851685
-3.5,49,30.16686401
-3.5,51,30.44390259
-3.5,53,30.33544312
-3.5,55,30.05529175
-3.5,57,29.94054565
-3.5,59,29.8684021
-3.5,61,29.75817261
-3.5,63,29.7335144
-3.5,65,29.7758728
-3.5,67,29.81035767
-3.5,69,29.8590332
-3.5,71,29.9477478
-3.5,73,29.99776611
-3.5,75,30.06884155
-3.5,77,30.17034302
-3.5,79,30.17244873
-3.5,81,30.12090454
-3.5,83,30.01845703
-3.5,85,30.03588257
-3.5,87,29.99782715
-3.5,89,29.97762451
-3.5,91,29.97869263
-3.5,93,29.82354126
-3.5,95,29.87642822
-3.5,97,30.08794556
-3.5,99,30.23604736
-3.5,101,30.22121582
-3.5,103,30.04454956
-3.5,105,30.20095215
-3.5,107,30.23858032
-3.5,109,30.20543823
-3.5,111,30.2473999
-3.5,113,29.98809204
-3.5,115,NaN
-3.5,117,30.37020264
-3.5,119,30.3694397
-3.5,121,30.33782349
-3.5,123,30.47246704
-3.5,125,30.5598999
-3.5,127,30.78850708
-3.5,129,30.96984253
-3.5,131,30.86531982
-3.5,133,30.53859863
-3.5,135,NaN
-3.5,137,NaN
-3.5,139,NaN
-3.5,141,NaN
-3.5,143,NaN
-3.5,145,31.35271606
-3.5,147,31.77764282
-3.5,149,31.77504883
-3.5,151,31.88512573
-3.5,153,31.38277588
-3.5,155,30.8305603
-3.5,157,31.22005615
-3.5,159,31.4699646
-3.5,161,31.20501099
-3.5,163,31.10671387
-3.5,165,31.17244873
-3.5,167,30.74221191
-3.5,169,30.82518921
-3.5,171,30.62139282
-3.5,173,30.06450806
-3.5,175,30.33867798
-3.5,177,30.04058228
-3.5,179,29.86281738
-3.5,181,29.58583984
-3.5,183,28.90053711
-3.5,185,28.27025757
-3.5,187,28.05639038
-3.5,189,28.5574585
-3.5,191,27.7210022
-3.5,193,26.86306152
-3.5,195,27.76467285
-3.5,197,27.67342529
-3.5,199,26.4449707
-3.5,201,26.45974121
-3.5,203,27.14418945
-3.5,205,26.83083496
-3.5,207,26.36211548
-3.5,209,26.61721191
-3.5,211,27.24523315
-3.5,213,26.97078857
-3.5,215,26.19805298
-3.5,217,26.55639038
-3.5,219,26.61538086
-3.5,221,26.69115601
-3.5,223,26.33150635
-3.5,225,26.30254517
-3.5,227,26.39672241
-3.5,229,26.04366455
-3.5,231,26.20461426
-3.5,233,26.32738647
-3.5,235,26.35357056
-3.5,237,26.32613525
-3.5,239,26.84868774
-3.5,241,26.91726074
-3.5,243,26.71404419
-3.5,245,26.75457153
-3.5,247,27.18682251
-3.5,249,27.85314331
-3.5,251,27.5180603
-3.5,253,26.64598999
-3.5,255,26.9237915
-3.5,257,27.7121521
-3.5,259,27.61065063
-3.5,261,27.518396
-3.5,263,27.85473022
-3.5,265,27.91738281
-3.5,267,27.90947876
-3.5,269,27.99498901
-3.5,271,28.07802734
-3.5,273,28.30550537
-3.5,275,28.178125
-3.5,277,27.87947998
-3.5,279,27.9114624
-3.5,281,NaN
-3.5,283,NaN
-3.5,285,NaN
-3.5,287,NaN
-3.5,289,NaN
-3.5,291,NaN
-3.5,293,NaN
-3.5,295,NaN
-3.5,297,NaN
-3.5,299,NaN
-3.5,301,NaN
-3.5,303,NaN
-3.5,305,NaN
-3.5,307,NaN
-3.5,309,NaN
-3.5,311,NaN
-3.5,313,NaN
-3.5,315,NaN
-3.5,317,NaN
-3.5,319,NaN
-3.5,321,29.76467285
-3.5,323,29.84758911
-3.5,325,29.91188965
-3.5,327,29.9664856
-3.5,329,29.96489868
-3.5,331,29.92855225
-3.5,333,29.87224731
-3.5,335,29.82116089
-3.5,337,29.76055298
-3.5,339,29.7184082
-3.5,341,29.7829834
-3.5,343,29.83693848
-3.5,345,29.76030884
-3.5,347,29.76320801
-3.5,349,29.80849609
-3.5,351,29.75142822
-3.5,353,29.76949463
-3.5,355,29.83388672
-3.5,357,29.91933594
-3.5,359,30.02810059
-2.5,1,30.3890625
-2.5,3,30.41323242
-2.5,5,30.15529785
-2.5,7,29.60500488
-2.5,9,29.29271851
-2.5,11,NaN
-2.5,13,NaN
-2.5,15,NaN
-2.5,17,NaN
-2.5,19,NaN
-2.5,21,NaN
-2.5,23,NaN
-2.5,25,NaN
-2.5,27,NaN
-2.5,29,NaN
-2.5,31,NaN
-2.5,33,NaN
-2.5,35,NaN
-2.5,37,NaN
-2.5,39,NaN
-2.5,41,29.49923096
-2.5,43,29.67254028
-2.5,45,29.77614746
-2.5,47,29.59072266
-2.5,49,29.6138855
-2.5,51,30.09667358
-2.5,53,30.33742676
-2.5,55,30.27318726
-2.5,57,30.19671021
-2.5,59,30.04171143
-2.5,61,29.82259521
-2.5,63,29.73757324
-2.5,65,29.76238403
-2.5,67,29.80828247
-2.5,69,29.88601074
-2.5,71,30.00560913
-2.5,73,30.09816895
-2.5,75,30.17000732
-2.5,77,30.23497925
-2.5,79,30.21209106
-2.5,81,30.14953003
-2.5,83,30.0480896
-2.5,85,30.04561768
-2.5,87,30.02889404
-2.5,89,30.01452026
-2.5,91,30.06990967
-2.5,93,30.01534424
-2.5,95,29.9868103
-2.5,97,30.15789185
-2.5,99,30.14342651
-2.5,101,29.95617065
-2.5,103,NaN
-2.5,105,29.58431396
-2.5,107,29.96480713
-2.5,109,30.20180664
-2.5,111,NaN
-2.5,113,NaN
-2.5,115,NaN
-2.5,117,29.83587036
-2.5,119,29.97884521
-2.5,121,30.07052002
-2.5,123,30.33764038
-2.5,125,30.49294434
-2.5,127,30.8645874
-2.5,129,31.0041748
-2.5,131,31.11678467
-2.5,133,NaN
-2.5,135,NaN
-2.5,137,NaN
-2.5,139,NaN
-2.5,141,30.72136841
-2.5,143,30.95192871
-2.5,145,31.36541138
-2.5,147,31.58706055
-2.5,149,31.54839478
-2.5,151,31.53545532
-2.5,153,30.86361084
-2.5,155,30.35906372
-2.5,157,30.63652954
-2.5,159,30.55956421
-2.5,161,30.44054565
-2.5,163,30.64019165
-2.5,165,30.18004761
-2.5,167,29.23735962
-2.5,169,29.51268921
-2.5,171,29.55986938
-2.5,173,29.20137939
-2.5,175,29.33245239
-2.5,177,29.02431641
-2.5,179,28.82894287
-2.5,181,28.62838135
-2.5,183,28.42879639
-2.5,185,28.02218018
-2.5,187,27.98943481
-2.5,189,28.28255615
-2.5,191,27.34023438
-2.5,193,26.61837158
-2.5,195,26.90334473
-2.5,197,26.455896
-2.5,199,25.77550659
-2.5,201,25.8300415
-2.5,203,26.15252075
-2.5,205,26.05068359
-2.5,207,25.6302124
-2.5,209,25.78164063
-2.5,211,25.68837891
-2.5,213,25.5697876
-2.5,215,25.62401733
-2.5,217,25.49096069
-2.5,219,25.59868774
-2.5,221,25.69640503
-2.5,223,25.49901733
-2.5,225,25.6043335
-2.5,227,25.55672607
-2.5,229,25.42589722
-2.5,231,25.68374023
-2.5,233,26.01122437
-2.5,235,26.10082397
-2.5,237,26.28786621
-2.5,239,26.70134888
-2.5,241,26.37438354
-2.5,243,26.05492554
-2.5,245,26.45388184
-2.5,247,27.06850586
-2.5,249,27.08324585
-2.5,251,26.32634888
-2.5,253,25.85350952
-2.5,255,26.38372192
-2.5,257,27.02221069
-2.5,259,27.06630859
-2.5,261,27.16237793
-2.5,263,27.55843506
-2.5,265,27.71282349
-2.5,267,27.83312378
-2.5,269,27.93026123
-2.5,271,27.92955933
-2.5,273,28.10598145
-2.5,275,27.98458252
-2.5,277,27.68035278
-2.5,279,27.65679321
-2.5,281,NaN
-2.5,283,NaN
-2.5,285,NaN
-2.5,287,NaN
-2.5,289,NaN
-2.5,291,NaN
-2.5,293,NaN
-2.5,295,NaN
-2.5,297,NaN
-2.5,299,NaN
-2.5,301,NaN
-2.5,303,NaN
-2.5,305,NaN
-2.5,307,NaN
-2.5,309,NaN
-2.5,311,NaN
-2.5,313,NaN
-2.5,315,NaN
-2.5,317,NaN
-2.5,319,29.78487549
-2.5,321,29.72445068
-2.5,323,29.88292847
-2.5,325,29.86342773
-2.5,327,29.76891479
-2.5,329,29.74276123
-2.5,331,29.76485596
-2.5,333,29.68905029
-2.5,335,29.61739502
-2.5,337,29.48656616
-2.5,339,29.43929443
-2.5,341,29.53600464
-2.5,343,29.56987915
-2.5,345,29.54497681
-2.5,347,29.58562622
-2.5,349,29.65334473
-2.5,351,29.69906006
-2.5,353,29.84108887
-2.5,355,29.99575195
-2.5,357,30.12648926
-2.5,359,30.25365601
-1.5,1,30.29561768
-1.5,3,30.29335938
-1.5,5,30.16744385
-1.5,7,29.85515747
-1.5,9,29.70995483
-1.5,11,NaN
-1.5,13,NaN
-1.5,15,NaN
-1.5,17,NaN
-1.5,19,NaN
-1.5,21,NaN
-1.5,23,NaN
-1.5,25,NaN
-1.5,27,NaN
-1.5,29,NaN
-1.5,31,NaN
-1.5,33,NaN
-1.5,35,NaN
-1.5,37,NaN
-1.5,39,NaN
-1.5,41,NaN
-1.5,43,29.40175781
-1.5,45,29.47533569
-1.5,47,29.13753662
-1.5,49,29.06374512
-1.5,51,29.57399902
-1.5,53,30.09163818
-1.5,55,30.26796875
-1.5,57,30.28597412
-1.5,59,30.26442871
-1.5,61,30.11748657
-1.5,63,29.99117432
-1.5,65,29.96120605
-1.5,67,29.96444092
-1.5,69,30.00634155
-1.5,71,30.09301147
-1.5,73,30.1854187
-1.5,75,30.23809204
-1.5,77,30.27385864
-1.5,79,30.26027832
-1.5,81,30.22490845
-1.5,83,30.15343628
-1.5,85,30.1322876
-1.5,87,30.10460815
-1.5,89,30.09630737
-1.5,91,30.12322388
-1.5,93,30.08471069
-1.5,95,30.04351196
-1.5,97,30.20168457
-1.5,99,30.06975708
-1.5,101,29.76760254
-1.5,103,NaN
-1.5,105,29.61293945
-1.5,107,29.89312134
-1.5,109,30.11654053
-1.5,111,NaN
-1.5,113,NaN
-1.5,115,NaN
-1.5,117,29.48598633
-1.5,119,29.74050293
-1.5,121,29.95049438
-1.5,123,30.02617798
-1.5,125,30.37267456
-1.5,127,30.7020813
-1.5,129,NaN
-1.5,131,NaN
-1.5,133,31.27712402
-1.5,135,30.91451416
-1.5,137,30.75771484
-1.5,139,30.61696777
-1.5,141,30.98128662
-1.5,143,31.38198242
-1.5,145,31.31911621
-1.5,147,31.20153198
-1.5,149,31.125177
-1.5,151,30.88671265
-1.5,153,30.18425903
-1.5,155,29.78518066
-1.5,157,29.77745972
-1.5,159,29.73497925
-1.5,161,29.99212036
-1.5,163,30.11904297
-1.5,165,29.39571533
-1.5,167,28.64550171
-1.5,169,28.9394165
-1.5,171,28.91518555
-1.5,173,28.57473145
-1.5,175,28.53817139
-1.5,177,28.22179565
-1.5,179,28.18837891
-1.5,181,28.45980225
-1.5,183,28.35311279
-1.5,185,27.76033936
-1.5,187,27.82677612
-1.5,189,27.87639771
-1.5,191,26.77175293
-1.5,193,26.22387085
-1.5,195,26.25362549
-1.5,197,25.96505127
-1.5,199,25.65218506
-1.5,201,25.64980469
-1.5,203,25.73574219
-1.5,205,25.40224609
-1.5,207,25.21755371
-1.5,209,25.246698
-1.5,211,25.13314209
-1.5,213,25.34890137
-1.5,215,25.127771
-1.5,217,24.88512573
-1.5,219,25.14412842
-1.5,221,25.15014038
-1.5,223,25.04992065
-1.5,225,25.02529297
-1.5,227,25.05193481
-1.5,229,25.24508057
-1.5,231,25.46154175
-1.5,233,25.6869751
-1.5,235,25.87230835
-1.5,237,26.18544922
-1.5,239,26.16686401
-1.5,241,25.57943115
-1.5,243,25.38726196
-1.5,245,25.98064575
-1.5,247,26.62191162
-1.5,249,26.38329468
-1.5,251,25.70314941
-1.5,253,25.66164551
-1.5,255,26.24385986
-1.5,257,26.67931519
-1.5,259,26.80498657
-1.5,261,26.9913269
-1.5,263,27.42064819
-1.5,265,27.64074097
-1.5,267,27.8906189
-1.5,269,28.09026489
-1.5,271,28.03664551
-1.5,273,28.17653809
-1.5,275,28.26644287
-1.5,277,28.04012451
-1.5,279,28.04104004
-1.5,281,NaN
-1.5,283,NaN
-1.5,285,NaN
-1.5,287,NaN
-1.5,289,NaN
-1.5,291,NaN
-1.5,293,NaN
-1.5,295,NaN
-1.5,297,NaN
-1.5,299,NaN
-1.5,301,NaN
-1.5,303,NaN
-1.5,305,NaN
-1.5,307,NaN
-1.5,309,NaN
-1.5,311,NaN
-1.5,313,NaN
-1.5,315,29.98653564
-1.5,317,29.69890747
-1.5,319,29.5670105
-1.5,321,29.65206299
-1.5,323,29.55611572
-1.5,325,29.32442627
-1.5,327,29.23684082
-1.5,329,29.19268188
-1.5,331,29.12664185
-1.5,333,29.01235352
-1.5,335,28.94597778
-1.5,337,28.83706055
-1.5,339,28.92000732
-1.5,341,29.15822754
-1.5,343,29.28597412
-1.5,345,29.40233765
-1.5,347,29.54628906
-1.5,349,29.68676147
-1.5,351,29.79992065
-1.5,353,29.94805298
-1.5,355,30.07372437
-1.5,357,30.15969238
-1.5,359,30.23397217
-0.5,1,30.27059326
-0.5,3,30.27089844
-0.5,5,30.29406128
-0.5,7,30.18831787
-0.5,9,30.02800903
-0.5,11,NaN
-0.5,13,NaN
-0.5,15,NaN
-0.5,17,NaN
-0.5,19,NaN
-0.5,21,NaN
-0.5,23,NaN
-0.5,25,NaN
-0.5,27,NaN
-0.5,29,NaN
-0.5,31,NaN
-0.5,33,NaN
-0.5,35,NaN
-0.5,37,NaN
-0.5,39,NaN
-0.5,41,NaN
-0.5,43,29.40062866
-0.5,45,29.23537598
-0.5,47,28.7746521
-0.5,49,28.4531189
-0.5,51,28.83013306
-0.5,53,29.60875854
-0.5,55,30.01775513
-0.5,57,30.10405884
-0.5,59,30.17717896
-0.5,61,30.22008667
-0.5,63,30.22557983
-0.5,65,30.2335144
-0.5,67,30.2340332
-0.5,69,30.22817383
-0.5,71,30.20916138
-0.5,73,30.23049316
-0.5,75,30.23760376
-0.5,77,30.26415405
-0.5,79,30.27941284
-0.5,81,30.28185425
-0.5,83,30.25206909
-0.5,85,30.21282349
-0.5,87,30.17830811
-0.5,89,30.13720093
-0.5,91,30.04311523
-0.5,93,29.97887573
-0.5,95,30.02544556
-0.5,97,30.24523315
-0.5,99,30.11318359
-0.5,101,29.79424438
-0.5,103,29.55199585
-0.5,105,29.51412354
-0.5,107,29.69213257
-0.5,109,29.97017822
-0.5,111,NaN
-0.5,113,NaN
-0.5,115,NaN
-0.5,117,29.33065186
-0.5,119,29.68737183
-0.5,121,30.02214966
-0.5,123,NaN
-0.5,125,NaN
-0.5,127,NaN
-0.5,129,30.84423218
-0.5,131,30.96065674
-0.5,133,31.15090332
-0.5,135,31.0430542
-0.5,137,31.02779541
-0.5,139,31.06856689
-0.5,141,31.19954834
-0.5,143,31.26998291
-0.5,145,31.04281006
-0.5,147,30.79665527
-0.5,149,30.53118286
-0.5,151,30.13009033
-0.5,153,29.61226807
-0.5,155,29.37044678
-0.5,157,29.31591187
-0.5,159,29.41588745
-0.5,161,29.6178833
-0.5,163,29.50023804
-0.5,165,28.81646118
-0.5,167,28.3331543
-0.5,169,28.42791138
-0.5,171,28.22756348
-0.5,173,28.03139648
-0.5,175,27.93544922
-0.5,177,27.69179688
-0.5,179,27.91390381
-0.5,181,28.30532227
-0.5,183,27.88549194
-0.5,185,27.02764282
-0.5,187,26.75182495
-0.5,189,26.56957397
-0.5,191,26.07357178
-0.5,193,26.07341919
-0.5,195,26.00487671
-0.5,197,25.6690918
-0.5,199,25.51748047
-0.5,201,25.52297363
-0.5,203,25.36104736
-0.5,205,25.24654541
-0.5,207,25.11577759
-0.5,209,24.84969482
-0.5,211,24.88720093
-0.5,213,24.96785889
-0.5,215,24.69210205
-0.5,217,24.56066284
-0.5,219,24.83504639
-0.5,221,24.94887695
-0.5,223,24.77944336
-0.5,225,24.66097412
-0.5,227,24.89473877
-0.5,229,25.23192749
-0.5,231,25.1496521
-0.5,233,25.24233398
-0.5,235,25.87835083
-0.5,237,26.19036255
-0.5,239,25.61153564
-0.5,241,24.9114624
-0.5,243,25.04290161
-0.5,245,25.83477173
-0.5,247,26.2763916
-0.5,249,26.03276978
-0.5,251,25.49312744
-0.5,253,25.6553894
-0.5,255,26.51091919
-0.5,257,26.75606689
-0.5,259,26.6880127
-0.5,261,26.88460693
-0.5,263,27.31890259
-0.5,265,27.59810791
-0.5,267,27.91027222
-0.5,269,28.26845703
-0.5,271,28.32085571
-0.5,273,28.38598022
-0.5,275,28.59557495
-0.5,277,28.61608276
-0.5,279,28.7187439
-0.5,281,NaN
-0.5,283,NaN
-0.5,285,NaN
-0.5,287,NaN
-0.5,289,NaN
-0.5,291,NaN
-0.5,293,NaN
-0.5,295,NaN
-0.5,297,NaN
-0.5,299,NaN
-0.5,301,NaN
-0.5,303,NaN
-0.5,305,NaN
-0.5,307,NaN
-0.5,309,NaN
-0.5,311,NaN
-0.5,313,30.47445068
-0.5,315,29.91695557
-0.5,317,29.38509521
-0.5,319,29.32241211
-0.5,321,29.23845825
-0.5,323,28.93291626
-0.5,325,28.72313843
-0.5,327,28.66707764
-0.5,329,28.57879028
-0.5,331,28.43428955
-0.5,333,28.30602417
-0.5,335,28.28533325
-0.5,337,28.2882019
-0.5,339,28.47936401
-0.5,341,28.7725769
-0.5,343,28.96578369
-0.5,345,29.19838867
-0.5,347,29.45055542
-0.5,349,29.66677246
-0.5,351,29.84285889
-0.5,353,29.99950562
-0.5,355,30.11669312
-0.5,357,30.18172607
-0.5,359,30.22341309
0.5,1,30.25042114
0.5,3,30.30553589
0.5,5,30.32463989
0.5,7,30.19680176
0.5,9,30.03060303
0.5,11,NaN
0.5,13,NaN
0.5,15,NaN
0.5,17,NaN
0.5,19,NaN
0.5,21,NaN
0.5,23,NaN
0.5,25,NaN
0.5,27,NaN
0.5,29,NaN
0.5,31,NaN
0.5,33,NaN
0.5,35,NaN
0.5,37,NaN
0.5,39,NaN
0.5,41,NaN
0.5,43,29.23909912
0.5,45,29.02160034
0.5,47,28.61141357
0.5,49,28.3048645
0.5,51,28.48778687
0.5,53,29.05666504
0.5,55,29.59743652
0.5,57,29.80083618
0.5,59,29.9531189
0.5,61,30.12032471
0.5,63,30.23516235
0.5,65,30.28286133
0.5,67,30.30776367
0.5,69,30.32332764
0.5,71,30.30526123
0.5,73,30.3003479
0.5,75,30.27059326
0.5,77,30.27681885
0.5,79,30.27651367
0.5,81,30.28530273
0.5,83,30.28441772
0.5,85,30.24657593
0.5,87,30.19390259
0.5,89,30.1369873
0.5,91,30.00820313
0.5,93,29.90215454
0.5,95,29.90288696
0.5,97,29.984552
0.5,99,30.13460693
0.5,101,NaN
0.5,103,29.31029663
0.5,105,29.05910645
0.5,107,29.43862305
0.5,109,29.94130859
0.5,111,NaN
0.5,113,NaN
0.5,115,NaN
0.5,117,NaN
0.5,119,29.69359741
0.5,121,30.09847412
0.5,123,29.98421631
0.5,125,30.26744995
0.5,127,NaN
0.5,129,30.95891724
0.5,131,31.1305481
0.5,133,31.27782593
0.5,135,31.23659668
0.5,137,31.17647705
0.5,139,31.18270264
0.5,141,31.17720947
0.5,143,31.09133301
0.5,145,30.82363281
0.5,147,30.54293213
0.5,149,30.45845947
0.5,151,30.1083313
0.5,153,29.52132568
0.5,155,29.38497314
0.5,157,29.36168823
0.5,159,29.42214355
0.5,161,29.50228271
0.5,163,29.24489746
0.5,165,28.66744385
0.5,167,28.4243103
0.5,169,28.24929199
0.5,171,28.00130615
0.5,173,28.12865601
0.5,175,27.94454346
0.5,177,27.72197876
0.5,179,27.82836304
0.5,181,27.83754883
0.5,183,27.32177124
0.5,185,26.63637695
0.5,187,26.47960815
0.5,189,26.45751343
0.5,191,26.15093384
0.5,193,26.34230957
0.5,195,26.54668579
0.5,197,25.9163147
0.5,199,25.60979614
0.5,201,25.8124939
0.5,203,25.63277588
0.5,205,25.83226929
0.5,207,25.95787964
0.5,209,25.28109131
0.5,211,25.17989502
0.5,213,25.46990356
0.5,215,25.11812744
0.5,217,24.84343872
0.5,219,25.31228027
0.5,221,25.49205933
0.5,223,25.09639893
0.5,225,24.98623047
0.5,227,25.48201904
0.5,229,26.13930664
0.5,231,25.74804077
0.5,233,25.3767334
0.5,235,26.41011963
0.5,237,26.90706787
0.5,239,26.00435791
0.5,241,24.92885742
0.5,243,25.19078979
0.5,245,26.35817871
0.5,247,26.68883667
0.5,249,26.70568237
0.5,251,26.01531372
0.5,253,25.87487183
0.5,255,26.87224731
0.5,257,26.99627075
0.5,259,26.71212158
0.5,261,26.81609497
0.5,263,27.2010437
0.5,265,27.47905884
0.5,267,27.77810059
0.5,269,28.16713867
0.5,271,28.43392334
0.5,273,28.48113403
0.5,275,28.64797363
0.5,277,28.94567261
0.5,279,28.98687134
0.5,281,NaN
0.5,283,NaN
0.5,285,NaN
0.5,287,NaN
0.5,289,NaN
0.5,291,NaN
0.5,293,NaN
0.5,295,NaN
0.5,297,NaN
0.5,299,NaN
0.5,301,NaN
0.5,303,NaN
0.5,305,NaN
0.5,307,NaN
0.5,309,NaN
0.5,311,29.90838013
0.5,313,29.93483887
0.5,315,29.46968994
0.5,317,29.15813599
0.5,319,28.94417725
0.5,321,28.71947632
0.5,323,28.54177246
0.5,325,28.46209106
0.5,327,28.41625366
0.5,329,28.34493408
0.5,331,28.22963867
0.5,333,28.15438232
0.5,335,28.14736328
0.5,337,28.21282349
0.5,339,28.35088501
0.5,341,28.59707031
0.5,343,28.84819946
0.5,345,29.11965332
0.5,347,29.38128052
0.5,349,29.58474121
0.5,351,29.72432861
0.5,353,29.83950195
0.5,355,29.93602905
0.5,357,30.0175415
0.5,359,30.12099609
1.5,1,30.37148438
1.5,3,30.38161621
1.5,5,30.31029663
1.5,7,30.07668457
1.5,9,29.89992676
1.5,11,NaN
1.5,13,NaN
1.5,15,NaN
1.5,17,NaN
1.5,19,NaN
1.5,21,NaN
1.5,23,NaN
1.5,25,NaN
1.5,27,NaN
1.5,29,NaN
1.5,31,NaN
1.5,33,NaN
1.5,35,NaN
1.5,37,NaN
1.5,39,NaN
1.5,41,NaN
1.5,43,NaN
1.5,45,NaN
1.5,47,28.6168457
1.5,49,28.3817688
1.5,51,28.48424683
1.5,53,28.73031006
1.5,55,29.13192139
1.5,57,29.42254028
1.5,59,29.58141479
1.5,61,29.80401001
1.5,63,29.96703491
1.5,65,30.04403076
1.5,67,30.17495117
1.5,69,30.29735718
1.5,71,30.36757813
1.5,73,30.41900024
1.5,75,30.41884766
1.5,77,30.39421997
1.5,79,30.35073242
1.5,81,30.31536255
1.5,83,30.27938232
1.5,85,30.23922119
1.5,87,30.14846191
1.5,89,30.07879028
1.5,91,29.95095215
1.5,93,29.81490479
1.5,95,29.6847168
1.5,97,29.60588989
1.5,99,NaN
1.5,101,NaN
1.5,103,28.96026001
1.5,105,28.76952515
1.5,107,29.30455933
1.5,109,NaN
1.5,111,NaN
1.5,113,NaN
1.5,115,NaN
1.5,117,NaN
1.5,119,29.771875
1.5,121,30.28887329
1.5,123,30.39092407
1.5,125,30.43529663
1.5,127,NaN
1.5,129,31.09139404
1.5,131,31.16655884
1.5,133,31.31356201
1.5,135,31.30202637
1.5,137,31.19152222
1.5,139,31.12545166
1.5,141,31.08519897
1.5,143,31.01043091
1.5,145,30.74352417
1.5,147,30.53310547
1.5,149,30.74056396
1.5,151,30.33464966
1.5,153,29.54638062
1.5,155,29.4899231
1.5,157,29.52074585
1.5,159,29.60817871
1.5,161,29.59859619
1.5,163,29.30541382
1.5,165,28.93837891
1.5,167,28.98760376
1.5,169,28.78377686
1.5,171,28.2505127
1.5,173,28.45604858
1.5,175,28.37526855
1.5,177,27.97432861
1.5,179,28.13533936
1.5,181,28.42696533
1.5,183,27.92052612
1.5,185,26.98296509
1.5,187,26.9024292
1.5,189,27.18129883
1.5,191,26.8171936
1.5,193,26.98659668
1.5,195,27.65218506
1.5,197,27.03023682
1.5,199,26.35753784
1.5,201,26.54671631
1.5,203,26.27269897
1.5,205,26.718927
1.5,207,27.28344116
1.5,209,26.34487305
1.5,211,25.89455566
1.5,213,26.52056274
1.5,215,26.39745483
1.5,217,25.77596436
1.5,219,26.37893066
1.5,221,27.04485474
1.5,223,26.51775513
1.5,225,26.0284668
1.5,227,26.53847656
1.5,229,27.7234436
1.5,231,27.71801147
1.5,233,26.69692383
1.5,235,27.2078186
1.5,237,28.61611328
1.5,239,28.01925049
1.5,241,26.44088135
1.5,243,26.61330566
1.5,245,27.64949951
1.5,247,28.00151978
1.5,249,28.33348999
1.5,251,27.33617554
1.5,253,26.86742554
1.5,255,27.86199341
1.5,257,27.71752319
1.5,259,27.31102905
1.5,261,27.23778687
1.5,263,27.42763672
1.5,265,27.5413147
1.5,267,27.73180542
1.5,269,27.99059448
1.5,271,28.29036865
1.5,273,28.45394287
1.5,275,28.52507935
1.5,277,28.98922119
1.5,279,27.87398682
1.5,281,26.26610718
1.5,283,NaN
1.5,285,NaN
1.5,287,NaN
1.5,289,NaN
1.5,291,NaN
1.5,293,NaN
1.5,295,NaN
1.5,297,NaN
1.5,299,NaN
1.5,301,NaN
1.5,303,NaN
1.5,305,NaN
1.5,307,NaN
1.5,309,NaN
1.5,311,NaN
1.5,313,29.55715332
1.5,315,29.23851929
1.5,317,29.03408203
1.5,319,28.94115601
1.5,321,29.01445923
1.5,323,29.2807251
1.5,325,29.27800903
1.5,327,29.12249146
1.5,329,29.02160034
1.5,331,28.82839355
1.5,333,28.71581421
1.5,335,28.77965698
1.5,337,28.9470459
1.5,339,29.12896118
1.5,341,29.28365479
1.5,343,29.4135376
1.5,345,29.59816895
1.5,347,29.75429688
1.5,349,29.89470825
1.5,351,30.00124512
1.5,353,30.09099731
1.5,355,30.14666138
1.5,357,30.17095337
1.5,359,30.24874268
2.5,1,30.38887939
2.5,3,30.34688721
2.5,5,30.16268311
2.5,7,29.74639282
2.5,9,29.49990234
2.5,11,NaN
2.5,13,NaN
2.5,15,NaN
2.5,17,NaN
2.5,19,NaN
2.5,21,NaN
2.5,23,NaN
2.5,25,NaN
2.5,27,NaN
2.5,29,NaN
2.5,31,NaN
2.5,33,NaN
2.5,35,NaN
2.5,37,NaN
2.5,39,NaN
2.5,41,NaN
2.5,43,NaN
2.5,45,NaN
2.5,47,28.50213013
2.5,49,28.24224243
2.5,51,28.58193359
2.5,53,28.77471313
2.5,55,28.82839355
2.5,57,29.10512695
2.5,59,29.25301514
2.5,61,29.51418457
2.5,63,29.73461304
2.5,65,29.99065552
2.5,67,30.25429688
2.5,69,30.39928589
2.5,71,30.50942383
2.5,73,30.51812134
2.5,75,30.41362915
2.5,77,30.27379761
2.5,79,30.20275269
2.5,81,30.2050415
2.5,83,30.21392212
2.5,85,30.17800293
2.5,87,30.02745972
2.5,89,30.00460205
2.5,91,29.92992554
2.5,93,29.7867981
2.5,95,29.59639893
2.5,97,NaN
2.5,99,NaN
2.5,101,NaN
2.5,103,28.6435791
2.5,105,28.53508911
2.5,107,29.13207397
2.5,109,29.69005737
2.5,111,NaN
2.5,113,NaN
2.5,115,NaN
2.5,117,NaN
2.5,119,29.8711792
2.5,121,30.24059448
2.5,123,30.23861084
2.5,125,30.25075684
2.5,127,30.45882568
2.5,129,30.89318237
2.5,131,31.17302856
2.5,133,31.36968384
2.5,135,31.37563477
2.5,137,31.20916138
2.5,139,31.09926758
2.5,141,31.01513062
2.5,143,30.9572998
2.5,145,30.91878662
2.5,147,30.77407227
2.5,149,30.91561279
2.5,151,30.80977783
2.5,153,30.1970459
2.5,155,29.87423096
2.5,157,29.82967529
2.5,159,30.03087769
2.5,161,29.88747559
2.5,163,29.6847168
2.5,165,29.57610474
2.5,167,29.57293091
2.5,169,29.71016846
2.5,171,29.25002441
2.5,173,28.88036499
2.5,175,28.76213989
2.5,177,28.4190918
2.5,179,28.34884033
2.5,181,29.01925049
2.5,183,29.37011108
2.5,185,27.8164917
2.5,187,26.88201294
2.5,189,27.50618896
2.5,191,27.56292114
2.5,193,27.45092163
2.5,195,27.97957764
2.5,197,28.20757446
2.5,199,27.52404175
2.5,201,27.47557983
2.5,203,27.1171814
2.5,205,27.17418823
2.5,207,28.02697144
2.5,209,27.33077393
2.5,211,26.66442261
2.5,213,27.18349609
2.5,215,27.59023438
2.5,217,27.12606201
2.5,219,26.99312744
2.5,221,27.8086792
2.5,223,28.05986938
2.5,225,27.3093811
2.5,227,27.02370605
2.5,229,28.11077271
2.5,231,28.84404907
2.5,233,27.84050903
2.5,235,27.25658569
2.5,237,28.33532104
2.5,239,29.12645874
2.5,241,28.74627075
2.5,243,28.51485596
2.5,245,28.78408203
2.5,247,28.7451416
2.5,249,29.00563965
2.5,251,28.3265625
2.5,253,27.89959106
2.5,255,28.47512207
2.5,257,28.22521362
2.5,259,27.81481323
2.5,261,27.56298218
2.5,263,27.55715332
2.5,265,27.56331787
2.5,267,27.65670166
2.5,269,27.80703125
2.5,271,28.03817139
2.5,273,28.28109131
2.5,275,28.44408569
2.5,277,28.97661743
2.5,279,28.16488037
2.5,281,27.90065918
2.5,283,29.39077148
2.5,285,NaN
2.5,287,NaN
2.5,289,NaN
2.5,291,NaN
2.5,293,NaN
2.5,295,NaN
2.5,297,NaN
2.5,299,NaN
2.5,301,NaN
2.5,303,NaN
2.5,305,NaN
2.5,307,NaN
2.5,309,NaN
2.5,311,29.55361328
2.5,313,29.26946411
2.5,315,29.22051392
2.5,317,29.28283081
2.5,319,29.39367065
2.5,321,29.55458984
2.5,323,29.89586792
2.5,325,29.884729
2.5,327,29.75408325
2.5,329,29.69863281
2.5,331,29.56810913
2.5,333,29.50722656
2.5,335,29.54204712
2.5,337,29.66048584
2.5,339,29.85375366
2.5,341,29.95186768
2.5,343,29.95079956
2.5,345,30.03447876
2.5,347,30.13686523
2.5,349,30.17965088
2.5,351,30.22844849
2.5,353,30.31890259
2.5,355,30.32897339
2.5,357,30.27123413
2.5,359,30.29024658
3.5,1,30.23400269
3.5,3,30.19393311
3.5,5,29.97521362
3.5,7,29.4807373
3.5,9,29.10695801
3.5,11,NaN
3.5,13,NaN
3.5,15,NaN
3.5,17,NaN
3.5,19,NaN
3.5,21,NaN
3.5,23,NaN
3.5,25,NaN
3.5,27,NaN
3.5,29,NaN
3.5,31,NaN
3.5,33,NaN
3.5,35,NaN
3.5,37,NaN
3.5,39,NaN
3.5,41,NaN
3.5,43,NaN
3.5,45,NaN
3.5,47,NaN
3.5,49,28.14373169
3.5,51,28.41939697
3.5,53,28.44609985
3.5,55,28.4508606
3.5,57,28.86651001
3.5,59,29.30806885
3.5,61,29.73641357
3.5,63,29.98519287
3.5,65,30.21398315
3.5,67,30.29747925
3.5,69,30.32412109
3.5,71,30.39562378
3.5,73,30.29778442
3.5,75,30.11550293
3.5,77,30.01372681
3.5,79,29.9381958
3.5,81,29.806604
3.5,83,29.91130981
3.5,85,30.02874146
3.5,87,29.88033447
3.5,89,29.94216309
3.5,91,29.97698364
3.5,93,29.81694946
3.5,95,29.69805298
3.5,97,NaN
3.5,99,NaN
3.5,101,NaN
3.5,103,28.67266235
3.5,105,28.41231689
3.5,107,28.25170288
3.5,109,29.10265503
3.5,111,29.55605469
3.5,113,NaN
3.5,115,NaN
3.5,117,NaN
3.5,119,29.83562622
3.5,121,30.0465332
3.5,123,30.09581909
3.5,125,30.11651001
3.5,127,30.3590332
3.5,129,30.79180298
3.5,131,31.1791626
3.5,133,31.42830811
3.5,135,31.45440063
3.5,137,31.3756958
3.5,139,31.39681396
3.5,141,31.23473511
3.5,143,30.99089966
3.5,145,31.08345947
3.5,147,31.13689575
3.5,149,31.20656738
3.5,151,31.31807861
3.5,153,31.03222046
3.5,155,30.75841675
3.5,157,30.64882813
3.5,159,30.83858643
3.5,161,30.66796265
3.5,163,30.30910645
3.5,165,30.39614258
3.5,167,30.25234375
3.5,169,30.25414429
3.5,171,30.43740234
3.5,173,30.31353149
3.5,175,29.64232788
3.5,177,29.23168335
3.5,179,29.03002319
3.5,181,29.34963379
3.5,183,30.17589722
3.5,185,28.92995605
3.5,187,27.77651367
3.5,189,28.09453735
3.5,191,28.4230896
3.5,193,28.09981689
3.5,195,28.30092773
3.5,197,29.39000854
3.5,199,28.62392578
3.5,201,28.14904175
3.5,203,28.02553711
3.5,205,27.22347412
3.5,207,27.96358643
3.5,209,28.1664978
3.5,211,27.81154785
3.5,213,27.94124756
3.5,215,27.85158691
3.5,217,27.61504517
3.5,219,27.47988281
3.5,221,27.97832642
3.5,223,28.52480469
3.5,225,28.3359314
3.5,227,27.6045166
3.5,229,27.49962769
3.5,231,28.51793823
3.5,233,28.51098022
3.5,235,27.48153076
3.5,237,27.96862183
3.5,239,29.22631226
3.5,241,29.71697388
3.5,243,29.59084473
3.5,245,29.53875122
3.5,247,29.28914795
3.5,249,29.17363892
3.5,251,28.83147583
3.5,253,28.65895996
3.5,255,28.78447876
3.5,257,28.32894287
3.5,259,27.77401123
3.5,261,27.43261108
3.5,263,27.32653198
3.5,265,27.31994019
3.5,267,27.48446045
3.5,269,27.6324707
3.5,271,27.81850586
3.5,273,28.13955078
3.5,275,28.39772949
3.5,277,28.96129761
3.5,279,28.69841919
3.5,281,28.73192749
3.5,283,29.51271973
3.5,285,NaN
3.5,287,NaN
3.5,289,NaN
3.5,291,NaN
3.5,293,NaN
3.5,295,NaN
3.5,297,NaN
3.5,299,NaN
3.5,301,NaN
3.5,303,NaN
3.5,305,NaN
3.5,307,NaN
3.5,309,NaN
3.5,311,29.32689819
3.5,313,29.12676392
3.5,315,29.2499939
3.5,317,29.46099243
3.5,319,29.60439453
3.5,321,29.68755493
3.5,323,29.93657837
3.5,325,30.02495728
3.5,327,30.01259766
3.5,329,30.00170288
3.5,331,29.98708496
3.5,333,29.99871216
3.5,335,30.02807007
3.5,337,30.1206604
3.5,339,30.30425415
3.5,341,30.41643677
3.5,343,30.41369019
3.5,345,30.38179932
3.5,347,30.3623291
3.5,349,30.23827515
3.5,351,30.12694702
3.5,353,30.19658813
3.5,355,30.24971924
3.5,357,30.15599976
3.5,359,30.11052856
4.5,1,29.93300781
4.5,3,29.86922607
4.5,5,29.77279053
4.5,7,NaN
4.5,9,NaN
4.5,11,NaN
4.5,13,NaN
4.5,15,NaN
4.5,17,NaN
4.5,19,NaN
4.5,21,NaN
4.5,23,NaN
4.5,25,NaN
4.5,27,NaN
4.5,29,NaN
4.5,31,NaN
4.5,33,NaN
4.5,35,NaN
4.5,37,NaN
4.5,39,NaN
4.5,41,NaN
4.5,43,NaN
4.5,45,NaN
4.5,47,NaN
4.5,49,28.06887207
4.5,51,28.15749512
4.5,53,28.24276123
4.5,55,28.39156494
4.5,57,29.04369507
4.5,59,29.87740479
4.5,61,30.29833374
4.5,63,30.36287842
4.5,65,30.36831055
4.5,67,30.2729126
4.5,69,30.2164856
4.5,71,30.22518311
4.5,73,30.12185059
4.5,75,30.03252563
4.5,77,29.94896851
4.5,79,29.7333313
4.5,81,29.41524658
4.5,83,29.68117676
4.5,85,30.01229248
4.5,87,29.9180542
4.5,89,30.02224121
4.5,91,30.08074341
4.5,93,30.03344116
4.5,95,NaN
4.5,97,NaN
4.5,99,NaN
4.5,101,NaN
4.5,103,28.61446533
4.5,105,28.06566772
4.5,107,27.34871826
4.5,109,27.9288269
4.5,111,29.0744873
4.5,113,29.1397644
4.5,115,NaN
4.5,117,NaN
4.5,119,29.83486328
4.5,121,29.89315186
4.5,123,29.97863159
4.5,125,30.18691406
4.5,127,30.26967773
4.5,129,30.63503418
4.5,131,31.24358521
4.5,133,31.481073
4.5,135,31.54662476
4.5,137,31.54046021
4.5,139,31.56694946
4.5,141,31.50786743
4.5,143,31.28804932
4.5,145,31.1770874
4.5,147,31.30327759
4.5,149,31.37349854
4.5,151,31.5140625
4.5,153,31.57116089
4.5,155,31.41747437
4.5,157,31.26537476
4.5,159,31.34575806
4.5,161,31.43410645
4.5,163,31.25786743
4.5,165,31.2506958
4.5,167,31.0760437
4.5,169,30.79485474
4.5,171,30.97567139
4.5,173,31.455896
4.5,175,30.69603882
4.5,177,29.8354126
4.5,179,30.02236328
4.5,181,30.17073975
4.5,183,30.46355591
4.5,185,30.15459595
4.5,187,29.9265686
4.5,189,29.75570068
4.5,191,29.60585938
4.5,193,29.4175354
4.5,195,29.54055176
4.5,197,30.43044434
4.5,199,29.62563477
4.5,201,28.89928589
4.5,203,29.41158447
4.5,205,29.25588379
4.5,207,29.50148926
4.5,209,29.10003052
4.5,211,28.78035889
4.5,213,29.57677612
4.5,215,29.51033936
4.5,217,28.89055786
4.5,219,28.90099487
4.5,221,29.49733887
4.5,223,29.80687866
4.5,225,29.44744263
4.5,227,28.80339966
4.5,229,28.29018555
4.5,231,28.66390381
4.5,233,29.03865967
4.5,235,28.38723145
4.5,237,28.8565918
4.5,239,29.82451782
4.5,241,30.0475708
4.5,243,29.98900757
4.5,245,29.88540039
4.5,247,29.77959595
4.5,249,29.63189087
4.5,251,29.37185059
4.5,253,29.21343384
4.5,255,29.07296143
4.5,257,28.61748657
4.5,259,28.1050354
4.5,261,27.70668945
4.5,263,27.42888794
4.5,265,27.31685791
4.5,267,27.35384521
4.5,269,27.37008057
4.5,271,27.5967041
4.5,273,27.99877319
4.5,275,28.26833496
4.5,277,28.66307983
4.5,279,28.68306885
4.5,281,28.94378052
4.5,283,29.48195801
4.5,285,NaN
4.5,287,NaN
4.5,289,NaN
4.5,291,NaN
4.5,293,NaN
4.5,295,NaN
4.5,297,NaN
4.5,299,NaN
4.5,301,NaN
4.5,303,NaN
4.5,305,NaN
4.5,307,NaN
4.5,309,29.2647644
4.5,311,29.30883179
4.5,313,29.07619629
4.5,315,29.27208862
4.5,317,29.44515381
4.5,319,29.55489502
4.5,321,29.66430054
4.5,323,29.8454834
4.5,325,30.02068481
4.5,327,30.09380493
4.5,329,30.12807617
4.5,331,30.17107544
4.5,333,30.2187439
4.5,335,30.27156982
4.5,337,30.35128174
4.5,339,30.51622925
4.5,341,30.64977417
4.5,343,30.71206055
4.5,345,30.69573364
4.5,347,30.48537598
4.5,349,30.18868408
4.5,351,30.05999146
4.5,353,NaN
4.5,355,30.00637207
4.5,357,29.94185791
4.5,359,29.85891113
5.5,1,29.58120117
5.5,3,29.41079102
5.5,5,29.46535645
5.5,7,NaN
5.5,9,NaN
5.5,11,NaN
5.5,13,NaN
5.5,15,NaN
5.5,17,NaN
5.5,19,NaN
5.5,21,NaN
5.5,23,NaN
5.5,25,NaN
5.5,27,NaN
5.5,29,NaN
5.5,31,NaN
5.5,33,NaN
5.5,35,NaN
5.5,37,NaN
5.5,39,NaN
5.5,41,NaN
5.5,43,NaN
5.5,45,NaN
5.5,47,NaN
5.5,49,NaN
5.5,51,28.02120361
5.5,53,28.33236084
5.5,55,28.55843506
5.5,57,29.18877563
5.5,59,30.00026855
5.5,61,30.22554932
5.5,63,30.25335083
5.5,65,30.17849121
5.5,67,30.02132568
5.5,69,29.93227539
5.5,71,29.95336304
5.5,73,29.99068604
5.5,75,30.02602539
5.5,77,29.94048462
5.5,79,29.7055603
5.5,81,29.18892822
5.5,83,29.40471802
5.5,85,29.93023071
5.5,87,29.86077271
5.5,89,29.81069336
5.5,91,29.77523193
5.5,93,29.84111938
5.5,95,29.61046753
5.5,97,29.13866577
5.5,99,29.27172241
5.5,101,NaN
5.5,103,28.56002197
5.5,105,27.91307983
5.5,107,27.10500488
5.5,109,27.12593994
5.5,111,28.32665405
5.5,113,29.10494385
5.5,115,NaN
5.5,117,NaN
5.5,119,29.84353027
5.5,121,29.89858398
5.5,123,29.93752441
5.5,125,30.1385437
5.5,127,29.59591064
5.5,129,29.88433228
5.5,131,31.09234009
5.5,133,31.34691772
5.5,135,31.37209473
5.5,137,31.26439819
5.5,139,31.25808105
5.5,141,31.28612671
5.5,143,31.23812256
5.5,145,31.08406982
5.5,147,31.03591309
5.5,149,31.09563599
5.5,151,31.15834961
5.5,153,31.30172119
5.5,155,31.31017456
5.5,157,31.1927124
5.5,159,31.03963623
5.5,161,31.12124023
5.5,163,31.265802
5.5,165,31.23427734
5.5,167,31.19613037
5.5,169,30.90307007
5.5,171,30.83660278
5.5,173,31.28521118
5.5,175,30.85045776
5.5,177,30.19921265
5.5,179,30.42250977
5.5,181,30.55535278
5.5,183,30.56307373
5.5,185,30.55950317
5.5,187,30.76992188
5.5,189,30.69002686
5.5,191,30.3684021
5.5,193,30.20665894
5.5,195,30.0760437
5.5,197,30.52575073
5.5,199,30.37993774
5.5,201,29.79750977
5.5,203,29.95455322
5.5,205,30.09234009
5.5,207,30.29573975
5.5,209,29.98293457
5.5,211,29.56636963
5.5,213,29.94048462
5.5,215,30.28014526
5.5,217,30.00771484
5.5,219,29.77492676
5.5,221,30.12560425
5.5,223,30.33156738
5.5,225,29.95421753
5.5,227,29.43517456
5.5,229,28.95235596
5.5,231,29.14537964
5.5,233,29.73070679
5.5,235,29.48186646
5.5,237,29.56777344
5.5,239,29.9163147
5.5,241,29.94329224
5.5,243,29.8177124
5.5,245,29.68422852
5.5,247,29.63231812
5.5,249,29.52526245
5.5,251,29.32589111
5.5,253,29.10421143
5.5,255,28.85500488
5.5,257,28.47045288
5.5,259,28.00332031
5.5,261,27.55385742
5.5,263,27.22741089
5.5,265,27.1534668
5.5,267,27.20391235
5.5,269,27.12651978
5.5,271,27.18023071
5.5,273,27.54390869
5.5,275,28.0100647
5.5,277,28.393396
5.5,279,28.29625854
5.5,281,28.55425415
5.5,283,29.15917358
5.5,285,NaN
5.5,287,NaN
5.5,289,NaN
5.5,291,NaN
5.5,293,NaN
5.5,295,NaN
5.5,297,NaN
5.5,299,NaN
5.5,301,NaN
5.5,303,NaN
5.5,305,NaN
5.5,307,NaN
5.5,309,29.05370483
5.5,311,29.19521484
5.5,313,28.97686157
5.5,315,29.01958618
5.5,317,29.12349854
5.5,319,29.19814453
5.5,321,29.36049805
5.5,323,29.60543213
5.5,325,29.83248291
5.5,327,29.89055786
5.5,329,29.93807373
5.5,331,30.0034729
5.5,333,30.05709229
5.5,335,30.13411865
5.5,337,30.19048462
5.5,339,30.33730469
5.5,341,30.50072632
5.5,343,30.58867798
5.5,345,30.6501709
5.5,347,30.3177124
5.5,349,30.03490601
5.5,351,NaN
5.5,353,NaN
5.5,355,NaN
5.5,357,NaN
5.5,359,NaN
6.5,1,NaN
6.5,3,NaN
6.5,5,NaN
6.5,7,NaN
6.5,9,NaN
6.5,11,NaN
6.5,13,NaN
6.5,15,NaN
6.5,17,NaN
6.5,19,NaN
6.5,21,NaN
6.5,23,NaN
6.5,25,NaN
6.5,27,NaN
6.5,29,NaN
6.5,31,NaN
6.5,33,NaN
6.5,35,NaN
6.5,37,NaN
6.5,39,NaN
6.5,41,NaN
6.5,43,NaN
6.5,45,NaN
6.5,47,NaN
6.5,49,NaN
6.5,51,27.91359863
6.5,53,28.50893555
6.5,55,29.05254517
6.5,57,29.53704224
6.5,59,30.02971802
6.5,61,30.12108765
6.5,63,30.18551025
6.5,65,30.13530884
6.5,67,30.04534302
6.5,69,29.96978149
6.5,71,29.95235596
6.5,73,30.0274292
6.5,75,30.13179932
6.5,77,30.07442627
6.5,79,30.03325806
6.5,81,NaN
6.5,83,29.21938477
6.5,85,29.76500854
6.5,87,29.79009399
6.5,89,29.63903198
6.5,91,29.58013306
6.5,93,29.72545776
6.5,95,29.56801758
6.5,97,29.14483032
6.5,99,29.0732666
6.5,101,29.03649292
6.5,103,28.68312988
6.5,105,28.01394043
6.5,107,27.0074707
6.5,109,26.48900757
6.5,111,27.69667969
6.5,113,29.05739746
6.5,115,29.28203735
6.5,117,NaN
6.5,119,29.81151733
6.5,121,29.79976807
6.5,123,NaN
6.5,125,29.99962769
6.5,127,28.83748779
6.5,129,28.89776001
6.5,131,30.52434692
6.5,133,30.93200073
6.5,135,30.887323
6.5,137,30.7506958
6.5,139,30.8197876
6.5,141,30.93163452
6.5,143,30.92513428
6.5,145,30.87938843
6.5,147,30.86773071
6.5,149,30.87209473
6.5,151,30.85997925
6.5,153,30.91512451
6.5,155,30.96212158
6.5,157,30.95848999
6.5,159,30.87993774
6.5,161,30.85558472
6.5,163,30.98119507
6.5,165,30.98796997
6.5,167,31.01708374
6.5,169,30.93380127
6.5,171,30.79152832
6.5,173,30.98739014
6.5,175,30.89827881
6.5,177,30.64705811
6.5,179,30.73644409
6.5,181,30.79784546
6.5,183,30.76033936
6.5,185,30.73223267
6.5,187,30.86812744
6.5,189,30.9352356
6.5,191,30.82036743
6.5,193,30.75496826
6.5,195,30.54064331
6.5,197,30.66082153
6.5,199,30.86657104
6.5,201,30.55578003
6.5,203,30.36928711
6.5,205,30.38842163
6.5,207,30.45748291
6.5,209,30.3578125
6.5,211,30.15581665
6.5,213,30.1602417
6.5,215,30.35363159
6.5,217,30.3727356
6.5,219,30.20784912
6.5,221,30.24224243
6.5,223,30.31151733
6.5,225,30.10479126
6.5,227,29.82311401
6.5,229,29.64425049
6.5,231,29.68178711
6.5,233,29.9560791
6.5,235,29.95281372
6.5,237,29.82756958
6.5,239,29.80718384
6.5,241,29.76384888
6.5,243,29.57036743
6.5,245,29.42846069
6.5,247,29.38598022
6.5,249,29.30526123
6.5,251,29.14934692
6.5,253,28.91964111
6.5,255,28.6559082
6.5,257,28.39150391
6.5,259,28.01802979
6.5,261,27.58986816
6.5,263,27.32177124
6.5,265,27.2895752
6.5,267,27.28771362
6.5,269,27.16011963
6.5,271,27.27279053
6.5,273,27.74105225
6.5,275,28.41942749
6.5,277,28.64473877
6.5,279,28.11821899
6.5,281,28.13622437
6.5,283,NaN
6.5,285,NaN
6.5,287,NaN
6.5,289,NaN
6.5,291,NaN
6.5,293,NaN
6.5,295,NaN
6.5,297,NaN
6.5,299,NaN
6.5,301,NaN
6.5,303,NaN
6.5,305,27.64223633
6.5,307,28.34234009
6.5,309,28.89525757
6.5,311,29.06987915
6.5,313,28.88540039
6.5,315,28.74138794
6.5,317,28.83410034
6.5,319,28.96224365
6.5,321,29.20058594
6.5,323,29.48882446
6.5,325,29.64104614
6.5,327,29.64910278
6.5,329,29.73092041
6.5,331,29.79989014
6.5,333,29.8164917
6.5,335,29.91265259
6.5,337,29.98180542
6.5,339,30.12593994
6.5,341,30.3243042
6.5,343,30.37374268
6.5,345,30.40664063
6.5,347,30.07763062
6.5,349,29.76522217
6.5,351,NaN
6.5,353,NaN
6.5,355,NaN
6.5,357,NaN
6.5,359,NaN
7.5,1,NaN
7.5,3,NaN
7.5,5,NaN
7.5,7,NaN
7.5,9,NaN
7.5,11,NaN
7.5,13,NaN
7.5,15,NaN
7.5,17,NaN
7.5,19,NaN
7.5,21,NaN
7.5,23,NaN
7.5,25,NaN
7.5,27,NaN
7.5,29,NaN
7.5,31,NaN
7.5,33,NaN
7.5,35,NaN
7.5,37,NaN
7.5,39,NaN
7.5,41,NaN
7.5,43,NaN
7.5,45,NaN
7.5,47,NaN
7.5,49,NaN
7.5,51,27.82473145
7.5,53,28.3376709
7.5,55,29.17958984
7.5,57,29.61593018
7.5,59,29.8104187
7.5,61,29.9253479
7.5,63,30.02318726
7.5,65,30.01046143
7.5,67,29.9901062
7.5,69,29.95552979
7.5,71,29.91945801
7.5,73,30.02123413
7.5,75,30.16005859
7.5,77,30.09975586
7.5,79,29.97509155
7.5,81,NaN
7.5,83,28.87944946
7.5,85,29.45128784
7.5,87,29.62313232
7.5,89,29.39162598
7.5,91,29.36495361
7.5,93,29.5670105
7.5,95,29.49532471
7.5,97,29.22908936
7.5,99,NaN
7.5,101,28.48684082
7.5,103,28.56899414
7.5,105,27.89052734
7.5,107,26.88659058
7.5,109,26.19042358
7.5,111,27.25475464
7.5,113,28.79842529
7.5,115,29.31618652
7.5,117,NaN
7.5,119,29.68175659
7.5,121,29.71529541
7.5,123,NaN
7.5,125,NaN
7.5,127,28.60576782
7.5,129,28.53728638
7.5,131,29.86998901
7.5,133,30.36855469
7.5,135,30.25557861
7.5,137,30.15764771
7.5,139,30.3350769
7.5,141,30.49697266
7.5,143,30.45409546
7.5,145,30.49175415
7.5,147,30.57848511
7.5,149,30.58748779
7.5,151,30.58269653
7.5,153,30.57854614
7.5,155,30.57817993
7.5,157,30.60732422
7.5,159,30.63622437
7.5,161,30.62862549
7.5,163,30.72356567
7.5,165,30.76149902
7.5,167,30.77123413
7.5,169,30.77596436
7.5,171,30.67232666
7.5,173,30.68145142
7.5,175,30.69869385
7.5,177,30.65102539
7.5,179,30.65661011
7.5,181,30.67400513
7.5,183,30.67263184
7.5,185,30.66884766
7.5,187,30.70202026
7.5,189,30.74898682
7.5,191,30.74892578
7.5,193,30.76558838
7.5,195,30.65221558
7.5,197,30.65212402
7.5,199,30.83883057
7.5,201,30.73787842
7.5,203,30.53701172
7.5,205,30.48809204
7.5,207,30.49434814
7.5,209,30.43105469
7.5,211,30.35845337
7.5,213,30.27996216
7.5,215,30.25643311
7.5,217,30.28063354
7.5,219,30.20083008
7.5,221,30.12670288
7.5,223,30.12127075
7.5,225,30.02630005
7.5,227,29.87719116
7.5,229,29.80367432
7.5,231,29.76036987
7.5,233,29.79668579
7.5,235,29.77553711
7.5,237,29.61486206
7.5,239,29.50927124
7.5,241,29.42781982
7.5,243,29.20766602
7.5,245,29.03695068
7.5,247,28.96352539
7.5,249,28.89248047
7.5,251,28.75032959
7.5,253,28.51448975
7.5,255,28.28765259
7.5,257,28.12685547
7.5,259,27.85604248
7.5,261,27.51949463
7.5,263,27.30318604
7.5,265,27.26351318
7.5,267,27.22332153
7.5,269,27.04342041
7.5,271,27.10875854
7.5,273,27.73140869
7.5,275,28.27977905
7.5,277,28.32686768
7.5,279,28.14971313
7.5,281,NaN
7.5,283,NaN
7.5,285,NaN
7.5,287,NaN
7.5,289,NaN
7.5,291,NaN
7.5,293,NaN
7.5,295,NaN
7.5,297,NaN
7.5,299,NaN
7.5,301,NaN
7.5,303,27.29161987
7.5,305,27.31179199
7.5,307,28.13210449
7.5,309,28.56310425
7.5,311,28.70342407
7.5,313,28.57900391
7.5,315,28.35726318
7.5,317,28.44613037
7.5,319,28.68395386
7.5,321,28.98754272
7.5,323,29.22893677
7.5,325,29.28997192
7.5,327,29.28487549
7.5,329,29.39180908
7.5,331,29.4454895
7.5,333,29.44628296
7.5,335,29.53930054
7.5,337,29.60430298
7.5,339,29.76290283
7.5,341,29.96419678
7.5,343,29.90563354
7.5,345,29.87322388
7.5,347,29.86681519
7.5,349,NaN
7.5,351,NaN
7.5,353,NaN
7.5,355,NaN
7.5,357,NaN
7.5,359,NaN
8.5,1,NaN
8.5,3,NaN
8.5,5,NaN
8.5,7,NaN
8.5,9,NaN
8.5,11,NaN
8.5,13,NaN
8.5,15,NaN
8.5,17,NaN
8.5,19,NaN
8.5,21,NaN
8.5,23,NaN
8.5,25,NaN
8.5,27,NaN
8.5,29,NaN
8.5,31,NaN
8.5,33,NaN
8.5,35,NaN
8.5,37,NaN
8.5,39,NaN
8.5,41,NaN
8.5,43,NaN
8.5,45,NaN
8.5,47,NaN
8.5,49,NaN
8.5,51,27.60802612
8.5,53,28.05834351
8.5,55,28.98586426
8.5,57,29.5039917
8.5,59,29.57659302
8.5,61,29.73031006
8.5,63,29.87108765
8.5,65,29.90157471
8.5,67,29.93114624
8.5,69,29.934198
8.5,71,29.9046875
8.5,73,30.04256592
8.5,75,30.19255981
8.5,77,30.0831543
8.5,79,NaN
8.5,81,NaN
8.5,83,28.58376465
8.5,85,29.13640747
8.5,87,29.39800415
8.5,89,29.14089355
8.5,91,29.14989624
8.5,93,29.35079346
8.5,95,29.28759155
8.5,97,29.16866455
8.5,99,NaN
8.5,101,27.94561157
8.5,103,28.13231812
8.5,105,27.59945068
8.5,107,26.75911865
8.5,109,25.88009033
8.5,111,26.49266968
8.5,113,28.24071655
8.5,115,29.04598389
8.5,117,NaN
8.5,119,29.57872925
8.5,121,29.6352478
8.5,123,NaN
8.5,125,29.96166382
8.5,127,28.01650391
8.5,129,28.46724854
8.5,131,29.42278442
8.5,133,29.90258179
8.5,135,29.76119385
8.5,137,29.73504028
8.5,139,29.94106445
8.5,141,30.01610718
8.5,143,29.91335449
8.5,145,30.00322876
8.5,147,30.11998901
8.5,149,30.12923584
8.5,151,30.13778076
8.5,153,30.11898193
8.5,155,30.09804688
8.5,157,30.11623535
8.5,159,30.16936646
8.5,161,30.20897827
8.5,163,30.3043457
8.5,165,30.35271606
8.5,167,30.35030518
8.5,169,30.35357056
8.5,171,30.29937134
8.5,173,30.26091919
8.5,175,30.28988037
8.5,177,30.3048645
8.5,179,30.28408203
8.5,181,30.29088745
8.5,183,30.32177124
8.5,185,30.35140381
8.5,187,30.34731445
8.5,189,30.35418091
8.5,191,30.36766968
8.5,193,30.40102539
8.5,195,30.38781128
8.5,197,30.39348755
8.5,199,30.4994751
8.5,201,30.48052368
8.5,203,30.34972534
8.5,205,30.28032837
8.5,207,30.26656494
8.5,209,30.22588501
8.5,211,30.20638428
8.5,213,30.11803589
8.5,215,30.01140747
8.5,217,29.96987305
8.5,219,29.89394531
8.5,221,29.82238159
8.5,223,29.79976807
8.5,225,29.74312744
8.5,227,29.66164551
8.5,229,29.6229187
8.5,231,29.57045898
8.5,233,29.52581177
8.5,235,29.45684204
8.5,237,29.3348938
8.5,239,29.24126587
8.5,241,29.14098511
8.5,243,28.94368896
8.5,245,28.78170166
8.5,247,28.69255981
8.5,249,28.61501465
8.5,251,28.48110352
8.5,253,28.27834473
8.5,255,28.09926758
8.5,257,27.98717651
8.5,259,27.79888306
8.5,261,27.56636963
8.5,263,27.38866577
8.5,265,27.33706055
8.5,267,27.28786621
8.5,269,27.08092651
8.5,271,27.07436523
8.5,273,27.64824829
8.5,275,27.87697754
8.5,277,NaN
8.5,279,NaN
8.5,281,NaN
8.5,283,NaN
8.5,285,NaN
8.5,287,NaN
8.5,289,NaN
8.5,291,NaN
8.5,293,NaN
8.5,295,NaN
8.5,297,NaN
8.5,299,NaN
8.5,301,27.10561523
8.5,303,27.30587158
8.5,305,27.46395264
8.5,307,27.98720703
8.5,309,28.22387085
8.5,311,28.21898804
8.5,313,28.13277588
8.5,315,27.97963867
8.5,317,28.11382446
8.5,319,28.42272339
8.5,321,28.70742188
8.5,323,28.86464844
8.5,325,28.89067993
8.5,327,28.90621338
8.5,329,29.01796875
8.5,331,29.05330811
8.5,333,29.06658325
8.5,335,29.16045532
8.5,337,29.22335205
8.5,339,29.35720215
8.5,341,29.46248779
8.5,343,29.37801514
8.5,345,29.57955322
8.5,347,29.94863281
8.5,349,NaN
8.5,351,NaN
8.5,353,NaN
8.5,355,NaN
8.5,357,NaN
8.5,359,NaN
9.5,1,NaN
9.5,3,NaN
9.5,5,NaN
9.5,7,NaN
9.5,9,NaN
9.5,11,NaN
9.5,13,NaN
9.5,15,NaN
9.5,17,NaN
9.5,19,NaN
9.5,21,NaN
9.5,23,NaN
9.5,25,NaN
9.5,27,NaN
9.5,29,NaN
9.5,31,NaN
9.5,33,NaN
9.5,35,NaN
9.5,37,NaN
9.5,39,NaN
9.5,41,NaN
9.5,43,NaN
9.5,45,NaN
9.5,47,NaN
9.5,49,NaN
9.5,51,NaN
9.5,53,27.84346924
9.5,55,28.69799194
9.5,57,29.37398682
9.5,59,29.48101196
9.5,61,29.59700928
9.5,63,29.78566895
9.5,65,29.87438354
9.5,67,29.95879517
9.5,69,30.00252686
9.5,71,29.98989258
9.5,73,30.12398682
9.5,75,30.20845947
9.5,77,30.26702271
9.5,79,NaN
9.5,81,NaN
9.5,83,28.40673218
9.5,85,28.89067993
9.5,87,29.1559082
9.5,89,28.93847046
9.5,91,28.97747192
9.5,93,29.13778076
9.5,95,29.08886108
9.5,97,28.96117554
9.5,99,NaN
9.5,101,27.79400024
9.5,103,27.51140747
9.5,105,NaN
9.5,107,26.28383789
9.5,109,25.33532104
9.5,111,25.35216675
9.5,113,27.51091919
9.5,115,28.81112061
9.5,117,NaN
9.5,119,29.52266846
9.5,121,29.46886597
9.5,123,NaN
9.5,125,28.08251343
9.5,127,27.96566162
9.5,129,28.33077393
9.5,131,29.19054565
9.5,133,29.60619507
9.5,135,29.46883545
9.5,137,29.54299316
9.5,139,29.6904541
9.5,141,29.59908447
9.5,143,29.47451172
9.5,145,29.59533081
9.5,147,29.68428955
9.5,149,29.67382202
9.5,151,29.6763855
9.5,153,29.66063843
9.5,155,29.65075073
9.5,157,29.65126953
9.5,159,29.68908081
9.5,161,29.75371704
9.5,163,29.82503662
9.5,165,29.85842285
9.5,167,29.86992798
9.5,169,29.86803589
9.5,171,29.84624634
9.5,173,29.83330688
9.5,175,29.87630615
9.5,177,29.91307983
9.5,179,29.89208374
9.5,181,29.89568481
9.5,183,29.94283447
9.5,185,29.98217163
9.5,187,29.96047363
9.5,189,29.9611145
9.5,191,29.97597656
9.5,193,29.98894653
9.5,195,30.00097046
9.5,197,30.03838501
9.5,199,30.10762939
9.5,201,30.08995972
9.5,203,30.0045105
9.5,205,29.92305908
9.5,207,29.8671814
9.5,209,29.8406311
9.5,211,29.85448608
9.5,213,29.76622925
9.5,215,29.65422974
9.5,217,29.56447754
9.5,219,29.46508179
9.5,221,29.42125854
9.5,223,29.41402588
9.5,225,29.37160645
9.5,227,29.35357056
9.5,229,29.38601074
9.5,231,29.34972534
9.5,233,29.28743896
9.5,235,29.25020752
9.5,237,29.21355591
9.5,239,29.12740479
9.5,241,29.00792847
9.5,243,28.86638794
9.5,245,28.76384888
9.5,247,28.69472656
9.5,249,28.60906372
9.5,251,28.50530396
9.5,253,28.38771973
9.5,255,28.25890503
9.5,257,28.1553894
9.5,259,28.01403198
9.5,261,27.86190186
9.5,263,27.72405396
9.5,265,27.665979
9.5,267,27.58504639
9.5,269,27.35933838
9.5,271,27.34261475
9.5,273,27.59911499
9.5,275,27.31499634
9.5,277,NaN
9.5,279,NaN
9.5,281,28.22127686
9.5,283,28.49855957
9.5,285,28.81609497
9.5,287,NaN
9.5,289,NaN
9.5,291,NaN
9.5,293,NaN
9.5,295,NaN
9.5,297,NaN
9.5,299,26.54787598
9.5,301,27.1506897
9.5,303,27.8131958
9.5,305,27.75167236
9.5,307,27.92595825
9.5,309,27.98131714
9.5,311,27.80861816
9.5,313,27.71468506
9.5,315,27.71380005
9.5,317,27.92235718
9.5,319,28.22771606
9.5,321,28.41329346
9.5,323,28.47850952
9.5,325,28.51149902
9.5,327,28.55986938
9.5,329,28.66036377
9.5,331,28.68114624
9.5,333,28.71630249
9.5,335,28.82558594
9.5,337,28.90392456
9.5,339,28.95031128
9.5,341,28.91396484
9.5,343,28.92958984
9.5,345,29.43108521
9.5,347,NaN
9.5,349,NaN
9.5,351,NaN
9.5,353,NaN
9.5,355,NaN
9.5,357,NaN
9.5,359,NaN
10.5,1,NaN
10.5,3,NaN
10.5,5,NaN
10.5,7,NaN
10.5,9,NaN
10.5,11,NaN
10.5,13,NaN
10.5,15,NaN
10.5,17,NaN
10.5,19,NaN
10.5,21,NaN
10.5,23,NaN
10.5,25,NaN
10.5,27,NaN
10.5,29,NaN
10.5,31,NaN
10.5,33,NaN
10.5,35,NaN
10.5,37,NaN
10.5,39,NaN
10.5,41,NaN
10.5,43,NaN
10.5,45,26.64602051
10.5,47,26.44078979
10.5,49,NaN
10.5,51,NaN
10.5,53,27.5390564
10.5,55,28.23995361
10.5,57,29.00777588
10.5,59,29.25618896
10.5,61,29.29012451
10.5,63,29.50939331
10.5,65,29.66512451
10.5,67,29.80062256
10.5,69,29.92788086
10.5,71,29.98171387
10.5,73,30.02849731
10.5,75,30.16756592
10.5,77,NaN
10.5,79,NaN
10.5,81,NaN
10.5,83,28.19063721
10.5,85,28.57555542
10.5,87,28.80834351
10.5,89,28.62285767
10.5,91,28.66982422
10.5,93,28.79021606
10.5,95,28.81417236
10.5,97,28.90053711
10.5,99,NaN
10.5,101,NaN
10.5,103,27.3862854
10.5,105,NaN
10.5,107,26.12981567
10.5,109,24.77880249
10.5,111,24.42012939
10.5,113,26.81014404
10.5,115,28.83934937
10.5,117,29.40105591
10.5,119,29.35894165
10.5,121,29.12737427
10.5,123,NaN
10.5,125,28.08251343
10.5,127,27.95040283
10.5,129,28.04107056
10.5,131,29.01125488
10.5,133,29.38149414
10.5,135,29.19838867
10.5,137,29.38775024
10.5,139,29.41729126
10.5,141,29.34072266
10.5,143,29.4145752
10.5,145,29.53884277
10.5,147,29.57299194
10.5,149,29.58074341
10.5,151,29.6078125
10.5,153,29.5960022
10.5,155,29.55977783
10.5,157,29.52953491
10.5,159,29.55559692
10.5,161,29.59649048
10.5,163,29.61657104
10.5,165,29.63869629
10.5,167,29.64125977
10.5,169,29.62478027
10.5,171,29.60827026
10.5,173,29.57799683
10.5,175,29.59462891
10.5,177,29.63118896
10.5,179,29.63390503
10.5,181,29.64840088
10.5,183,29.68444214
10.5,185,29.70980225
10.5,187,29.71486816
10.5,189,29.72268066
10.5,191,29.69490967
10.5,193,29.68847046
10.5,195,29.69954834
10.5,197,29.73220215
10.5,199,29.78841553
10.5,201,29.80608521
10.5,203,29.77919922
10.5,205,29.71981201
10.5,207,29.64055786
10.5,209,29.56487427
10.5,211,29.5223938
10.5,213,29.37383423
10.5,215,29.19884644
10.5,217,29.05184326
10.5,219,28.94695435
10.5,221,28.94179688
10.5,223,28.99508057
10.5,225,29.00145874
10.5,227,28.98870239
10.5,229,28.99215088
10.5,231,28.95031128
10.5,233,28.9392334
10.5,235,28.97783813
10.5,237,28.98787842
10.5,239,28.92495117
10.5,241,28.8387085
10.5,243,28.74797974
10.5,245,28.6776062
10.5,247,28.60949097
10.5,249,28.52153931
10.5,251,28.48491821
10.5,253,28.42952881
10.5,255,28.34795532
10.5,257,28.23101196
10.5,259,28.07436523
10.5,261,27.94912109
10.5,263,27.79113159
10.5,265,27.71813354
10.5,267,27.60350952
10.5,269,27.34465942
10.5,271,27.16912231
10.5,273,26.92696533
10.5,275,27.00374756
10.5,277,NaN
10.5,279,27.41924438
10.5,281,27.47017822
10.5,283,28.25390015
10.5,285,28.82766113
10.5,287,NaN
10.5,289,NaN
10.5,291,NaN
10.5,293,25.75841675
10.5,295,24.8883606
10.5,297,26.2282959
10.5,299,26.60192261
10.5,301,27.47155151
10.5,303,27.82860718
10.5,305,27.64330444
10.5,307,27.64782104
10.5,309,27.63817749
10.5,311,27.5029541
10.5,313,27.41134033
10.5,315,27.49633179
10.5,317,27.70177612
10.5,319,27.91259155
10.5,321,27.99126587
10.5,323,27.96141968
10.5,325,27.99517212
10.5,327,28.06960449
10.5,329,28.14067993
10.5,331,28.15337524
10.5,333,28.20491943
10.5,335,28.33553467
10.5,337,28.42974243
10.5,339,28.31777344
10.5,341,28.3460022
10.5,343,28.57595215
10.5,345,29.20806274
10.5,347,NaN
10.5,349,NaN
10.5,351,NaN
10.5,353,NaN
10.5,355,NaN
10.5,357,NaN
10.5,359,NaN
11.5,1,NaN
11.5,3,NaN
11.5,5,NaN
11.5,7,NaN
11.5,9,NaN
11.5,11,NaN
11.5,13,NaN
11.5,15,NaN
11.5,17,NaN
11.5,19,NaN
11.5,21,NaN
11.5,23,NaN
11.5,25,NaN
11.5,27,NaN
11.5,29,NaN
11.5,31,NaN
11.5,33,NaN
11.5,35,NaN
11.5,37,NaN
11.5,39,NaN
11.5,41,NaN
11.5,43,NaN
11.5,45,26.25545654
11.5,47,26.2736145
11.5,49,26.2635437
11.5,51,26.88372192
11.5,53,27.28234253
11.5,55,27.75444946
11.5,57,28.51430664
11.5,59,28.94951782
11.5,61,29.03508911
11.5,63,29.26873169
11.5,65,29.48595581
11.5,67,29.66515503
11.5,69,29.83696899
11.5,71,29.89162598
11.5,73,29.87096558
11.5,75,29.88649902
11.5,77,NaN
11.5,79,NaN
11.5,81,NaN
11.5,83,28.07323608
11.5,85,28.32091675
11.5,87,28.50716553
11.5,89,28.35839233
11.5,91,28.37947998
11.5,93,28.46984253
11.5,95,28.56966553
11.5,97,28.6479126
11.5,99,NaN
11.5,101,NaN
11.5,103,NaN
11.5,105,NaN
11.5,107,NaN
11.5,109,24.26000366
11.5,111,23.7706543
11.5,113,25.89907227
11.5,115,28.25802002
11.5,117,29.15166626
11.5,119,29.14205322
11.5,121,28.98110352
11.5,123,NaN
11.5,125,27.54311523
11.5,127,27.65130005
11.5,129,28.15615234
11.5,131,29.02037964
11.5,133,29.17711792
11.5,135,28.98864136
11.5,137,29.21343384
11.5,139,29.19494019
11.5,141,29.18627319
11.5,143,29.31646118
11.5,145,29.39629517
11.5,147,29.41240845
11.5,149,29.43148193
11.5,151,29.45546875
11.5,153,29.43312988
11.5,155,29.39455566
11.5,157,29.37099609
11.5,159,29.39696655
11.5,161,29.41381226
11.5,163,29.40426025
11.5,165,29.42266235
11.5,167,29.42110596
11.5,169,29.41988525
11.5,171,29.43514404
11.5,173,29.41619263
11.5,175,29.4157959
11.5,177,29.43291626
11.5,179,29.43703613
11.5,181,29.44140015
11.5,183,29.45165405
11.5,185,29.45430908
11.5,187,29.44448242
11.5,189,29.41808472
11.5,191,29.35527954
11.5,193,29.32393799
11.5,195,29.30840454
11.5,197,29.31386719
11.5,199,29.33690796
11.5,201,29.35061035
11.5,203,29.34337769
11.5,205,29.29418335
11.5,207,29.2151123
11.5,209,29.14528809
11.5,211,29.09990845
11.5,213,28.96154175
11.5,215,28.80196533
11.5,217,28.66396484
11.5,219,28.59160767
11.5,221,28.61376343
11.5,223,28.68422852
11.5,225,28.71868286
11.5,227,28.71599731
11.5,229,28.71804199
11.5,231,28.70494995
11.5,233,28.73372803
11.5,235,28.80581055
11.5,237,28.85546265
11.5,239,28.85640869
11.5,241,28.83410034
11.5,243,28.79088745
11.5,245,28.73262939
11.5,247,28.66872559
11.5,249,28.59493408
11.5,251,28.59435425
11.5,253,28.56765137
11.5,255,28.50072632
11.5,257,28.39162598
11.5,259,28.22295532
11.5,261,28.0671936
11.5,263,27.8885437
11.5,265,27.83239136
11.5,267,27.80831299
11.5,269,27.65554199
11.5,271,27.38033447
11.5,273,26.97149048
11.5,275,NaN
11.5,277,NaN
11.5,279,26.84169922
11.5,281,26.90969238
11.5,283,27.76842651
11.5,285,27.62966309
11.5,287,26.1682373
11.5,289,26.03719482
11.5,291,26.40105591
11.5,293,25.96962891
11.5,295,25.85531006
11.5,297,26.68441162
11.5,299,27.04671631
11.5,301,27.66497192
11.5,303,27.72637329
11.5,305,27.44158325
11.5,307,27.30471191
11.5,309,27.24877319
11.5,311,27.18511353
11.5,313,27.13582764
11.5,315,27.22667847
11.5,317,27.37944946
11.5,319,27.49550781
11.5,321,27.48809204
11.5,323,27.4013916
11.5,325,27.44246826
11.5,327,27.55626831
11.5,329,27.64391479
11.5,331,27.6930481
11.5,333,27.77376709
11.5,335,27.89959106
11.5,337,27.96602783
11.5,339,27.75100098
11.5,341,27.76152954
11.5,343,28.09954224
11.5,345,NaN
11.5,347,NaN
11.5,349,NaN
11.5,351,NaN
11.5,353,NaN
11.5,355,NaN
11.5,357,NaN
11.5,359,NaN
12.5,1,NaN
12.5,3,NaN
12.5,5,NaN
12.5,7,NaN
12.5,9,NaN
12.5,11,NaN
12.5,13,NaN
12.5,15,NaN
12.5,17,NaN
12.5,19,NaN
12.5,21,NaN
12.5,23,NaN
12.5,25,NaN
12.5,27,NaN
12.5,29,NaN
12.5,31,NaN
12.5,33,NaN
12.5,35,NaN
12.5,37,NaN
12.5,39,NaN
12.5,41,NaN
12.5,43,NaN
12.5,45,NaN
12.5,47,26.08895264
12.5,49,26.33245239
12.5,51,26.71026001
12.5,53,27.05916748
12.5,55,27.26055298
12.5,57,27.92736206
12.5,59,28.5487915
12.5,61,28.75365601
12.5,63,29.00188599
12.5,65,29.28411255
12.5,67,29.51186523
12.5,69,29.71499023
12.5,71,29.74755249
12.5,73,29.66842041
12.5,75,29.55187378
12.5,77,NaN
12.5,79,NaN
12.5,81,NaN
12.5,83,28.00539551
12.5,85,28.09584961
12.5,87,28.22539673
12.5,89,28.13497314
12.5,91,28.13787231
12.5,93,28.20247803
12.5,95,28.34865723
12.5,97,28.31395874
12.5,99,NaN
12.5,101,NaN
12.5,103,NaN
12.5,105,NaN
12.5,107,NaN
12.5,109,22.86324463
12.5,111,23.30562744
12.5,113,24.93731079
12.5,115,27.47722778
12.5,117,28.83181152
12.5,119,28.90670166
12.5,121,NaN
12.5,123,NaN
12.5,125,27.08571777
12.5,127,27.47896729
12.5,129,28.41408691
12.5,131,29.06084595
12.5,133,28.96837769
12.5,135,28.8208252
12.5,137,29.06292114
12.5,139,29.0369812
12.5,141,29.1072937
12.5,143,29.22789917
12.5,145,29.25097046
12.5,147,29.26470337
12.5,149,29.2867981
12.5,151,29.29271851
12.5,153,29.25100098
12.5,155,29.21746216
12.5,157,29.2104126
12.5,159,29.23467407
12.5,161,29.231073
12.5,163,29.20986328
12.5,165,29.22969971
12.5,167,29.22487793
12.5,169,29.24550781
12.5,171,29.2946106
12.5,173,29.29314575
12.5,175,29.27852783
12.5,177,29.26781616
12.5,179,29.25945435
12.5,181,29.24239502
12.5,183,29.22353516
12.5,185,29.20250854
12.5,187,29.1632019
12.5,189,29.09212646
12.5,191,29.00097046
12.5,193,28.94341431
12.5,195,28.8963562
12.5,197,28.87420044
12.5,199,28.86531982
12.5,201,28.85994873
12.5,203,28.84765015
12.5,205,28.79613647
12.5,207,28.72652588
12.5,209,28.68551025
12.5,211,28.66350708
12.5,213,28.57622681
12.5,215,28.47850952
12.5,217,28.38500366
12.5,219,28.35427246
12.5,221,28.38823853
12.5,223,28.44558105
12.5,225,28.49190674
12.5,227,28.50109253
12.5,229,28.51125488
12.5,231,28.5359436
12.5,233,28.5914856
12.5,235,28.67473755
12.5,237,28.75713501
12.5,239,28.82369385
12.5,241,28.86037598
12.5,243,28.86049805
12.5,245,28.81127319
12.5,247,28.7519165
12.5,249,28.68898926
12.5,251,28.69573364
12.5,253,28.67528687
12.5,255,28.60765991
12.5,257,28.50908813
12.5,259,28.31682739
12.5,261,28.08272705
12.5,263,27.8951355
12.5,265,27.84383545
12.5,267,27.87362061
12.5,269,27.71877441
12.5,271,27.73000488
12.5,273,NaN
12.5,275,NaN
12.5,277,NaN
12.5,279,26.58690796
12.5,281,26.58120117
12.5,283,27.25811157
12.5,285,27.01583252
12.5,287,26.13234863
12.5,289,26.06368408
12.5,291,26.3593689
12.5,293,26.28533325
12.5,295,26.36916504
12.5,297,26.97365723
12.5,299,27.36742554
12.5,301,27.63811646
12.5,303,27.46575317
12.5,305,27.14098511
12.5,307,26.91726074
12.5,309,26.83812866
12.5,311,26.84154663
12.5,313,26.82351074
12.5,315,26.86544189
12.5,317,26.93654785
12.5,319,26.96315918
12.5,321,26.89803467
12.5,323,26.79155884
12.5,325,26.8434082
12.5,327,26.99233398
12.5,329,27.10866699
12.5,331,27.20577393
12.5,333,27.31511841
12.5,335,27.42940674
12.5,337,27.44506226
12.5,339,27.13985596
12.5,341,27.07399902
12.5,343,26.79049072
12.5,345,NaN
12.5,347,NaN
12.5,349,NaN
12.5,351,NaN
12.5,353,NaN
12.5,355,NaN
12.5,357,NaN
12.5,359,NaN
13.5,1,NaN
13.5,3,NaN
13.5,5,NaN
13.5,7,NaN
13.5,9,NaN
13.5,11,NaN
13.5,13,NaN
13.5,15,NaN
13.5,17,NaN
13.5,19,NaN
13.5,21,NaN
13.5,23,NaN
13.5,25,NaN
13.5,27,NaN
13.5,29,NaN
13.5,31,NaN
13.5,33,NaN
13.5,35,NaN
13.5,37,NaN
13.5,39,NaN
13.5,41,NaN
13.5,43,NaN
13.5,45,NaN
13.5,47,NaN
13.5,49,26.29210815
13.5,51,26.53994141
13.5,53,26.8890625
13.5,55,26.85100708
13.5,57,27.27529297
13.5,59,27.99920044
13.5,61,28.36654053
13.5,63,28.64168701
13.5,65,29.00106201
13.5,67,29.309198
13.5,69,29.55812988
13.5,71,29.58007202
13.5,73,29.43300781
13.5,75,29.44741211
13.5,77,NaN
13.5,79,NaN
13.5,81,NaN
13.5,83,27.90395508
13.5,85,27.8678833
13.5,87,27.92693481
13.5,89,27.95638428
13.5,91,28.02617798
13.5,93,28.09401855
13.5,95,28.14766846
13.5,97,28.19747314
13.5,99,NaN
13.5,101,NaN
13.5,103,NaN
13.5,105,NaN
13.5,107,NaN
13.5,109,22.75658569
13.5,111,22.95516357
13.5,113,24.18959961
13.5,115,27.05687866
13.5,117,28.9039856
13.5,119,28.72640381
13.5,121,NaN
13.5,123,27.44716797
13.5,125,27.13704834
13.5,127,27.54699097
13.5,129,28.53978882
13.5,131,28.90429077
13.5,133,28.75161133
13.5,135,28.73223267
13.5,137,29.01635132
13.5,139,29.03081665
13.5,141,29.1317688
13.5,143,29.23494873
13.5,145,29.25899658
13.5,147,29.26867065
13.5,149,29.26964722
13.5,151,29.2534729
13.5,153,29.18712769
13.5,155,29.14556274
13.5,157,29.12706909
13.5,159,29.119104
13.5,161,29.10338745
13.5,163,29.10161743
13.5,165,29.12114868
13.5,167,29.10744629
13.5,169,29.1262146
13.5,171,29.16762695
13.5,173,29.15673218
13.5,175,29.12520752
13.5,177,29.09261475
13.5,179,29.06118164
13.5,181,29.02095947
13.5,183,28.98809204
13.5,185,28.95638428
13.5,187,28.90328369
13.5,189,28.82000122
13.5,191,28.71221313
13.5,193,28.62932739
13.5,195,28.57460938
13.5,197,28.5604187
13.5,199,28.5671936
13.5,201,28.55770264
13.5,203,28.51601563
13.5,205,28.44207153
13.5,207,28.37838135
13.5,209,28.34664307
13.5,211,28.33709106
13.5,213,28.3116394
13.5,215,28.29036865
13.5,217,28.2456604
13.5,219,28.21798096
13.5,221,28.23497925
13.5,223,28.2579895
13.5,225,28.30178223
13.5,227,28.32467041
13.5,229,28.33123169
13.5,231,28.37313232
13.5,233,28.43596802
13.5,235,28.5303894
13.5,237,28.63994751
13.5,239,28.71138916
13.5,241,28.73650513
13.5,243,28.76976929
13.5,245,28.75344238
13.5,247,28.69710693
13.5,249,28.6144043
13.5,251,28.58080444
13.5,253,28.55092773
13.5,255,28.48388062
13.5,257,28.39144287
13.5,259,28.15923462
13.5,261,27.77675781
13.5,263,27.63939819
13.5,265,27.50750122
13.5,267,27.27120361
13.5,269,27.50957642
13.5,271,NaN
13.5,273,NaN
13.5,275,NaN
13.5,277,NaN
13.5,279,26.65392456
13.5,281,26.63488159
13.5,283,26.90523682
13.5,285,26.79342041
13.5,287,26.53649292
13.5,289,26.68807373
13.5,291,26.8348938
13.5,293,26.67476807
13.5,295,26.71407471
13.5,297,27.0788208
13.5,299,27.20888672
13.5,301,27.18648682
13.5,303,26.96502075
13.5,305,26.70617065
13.5,307,26.5387207
13.5,309,26.48174438
13.5,311,26.47548828
13.5,313,26.4041687
13.5,315,26.3421875
13.5,317,26.32479248
13.5,319,26.28081665
13.5,321,26.21434937
13.5,323,26.15432129
13.5,325,26.20653687
13.5,327,26.34719238
13.5,329,26.46639404
13.5,331,26.57558594
13.5,333,26.68291626
13.5,335,26.81557617
13.5,337,26.77147827
13.5,339,26.37401733
13.5,341,26.20403442
13.5,343,26.42421875
13.5,345,NaN
13.5,347,NaN
13.5,349,NaN
13.5,351,NaN
13.5,353,NaN
13.5,355,NaN
13.5,357,NaN
13.5,359,NaN
14.5,1,NaN
14.5,3,NaN
14.5,5,NaN
14.5,7,NaN
14.5,9,NaN
14.5,11,NaN
14.5,13,NaN
14.5,15,NaN
14.5,17,NaN
14.5,19,NaN
14.5,21,NaN
14.5,23,NaN
14.5,25,NaN
14.5,27,NaN
14.5,29,NaN
14.5,31,NaN
14.5,33,NaN
14.5,35,NaN
14.5,37,NaN
14.5,39,NaN
14.5,41,NaN
14.5,43,NaN
14.5,45,NaN
14.5,47,NaN
14.5,49,NaN
14.5,51,26.45818481
14.5,53,26.46380005
14.5,55,26.40587769
14.5,57,26.7211853
14.5,59,27.44390259
14.5,61,27.88994751
14.5,63,28.19655762
14.5,65,28.6133667
14.5,67,28.98919067
14.5,69,29.27651367
14.5,71,29.37493286
14.5,73,29.27953491
14.5,75,29.2451416
14.5,77,NaN
14.5,79,NaN
14.5,81,NaN
14.5,83,27.83031616
14.5,85,27.69057617
14.5,87,27.67229614
14.5,89,27.75783691
14.5,91,27.85082397
14.5,93,27.89489136
14.5,95,27.8543335
14.5,97,NaN
14.5,99,NaN
14.5,101,NaN
14.5,103,NaN
14.5,105,NaN
14.5,107,NaN
14.5,109,22.45366821
14.5,111,22.70327148
14.5,113,23.66924438
14.5,115,26.51894531
14.5,117,28.61800537
14.5,119,28.49761353
14.5,121,NaN
14.5,123,27.33492432
14.5,125,27.0072876
14.5,127,27.42727051
14.5,129,28.40029297
14.5,131,28.58312378
14.5,133,28.44362793
14.5,135,28.54552612
14.5,137,28.85228882
14.5,139,28.91176758
14.5,141,29.04238281
14.5,143,29.15081177
14.5,145,29.1864563
14.5,147,29.20671997
14.5,149,29.20345459
14.5,151,29.18477783
14.5,153,29.1100708
14.5,155,29.05855713
14.5,157,29.02474365
14.5,159,28.99526367
14.5,161,28.97142944
14.5,163,28.97457275
14.5,165,28.98919067
14.5,167,28.96593628
14.5,169,28.97191772
14.5,171,28.99624023
14.5,173,28.97628174
14.5,175,28.93520508
14.5,177,28.88656006
14.5,179,28.84066162
14.5,181,28.78850708
14.5,183,28.75206909
14.5,185,28.72106323
14.5,187,28.66640625
14.5,189,28.58403931
14.5,191,28.47240601
14.5,193,28.37426147
14.5,195,28.30697021
14.5,197,28.28432617
14.5,199,28.2987915
14.5,201,28.29952393
14.5,203,28.25332031
14.5,205,28.16851196
14.5,207,28.10115967
14.5,209,28.06453857
14.5,211,28.04955444
14.5,213,28.04555664
14.5,215,28.07131348
14.5,217,28.07695923
14.5,219,28.056604
14.5,221,28.0519043
14.5,223,28.04000244
14.5,225,28.06899414
14.5,227,28.09435425
14.5,229,28.09081421
14.5,231,28.12532959
14.5,233,28.18105469
14.5,235,28.28197632
14.5,237,28.41347656
14.5,239,28.50890503
14.5,241,28.55117188
14.5,243,28.61528931
14.5,245,28.62804565
14.5,247,28.57836304
14.5,249,28.49425659
14.5,251,28.44231567
14.5,253,28.41671143
14.5,255,28.390802
14.5,257,28.23290405
14.5,259,27.87377319
14.5,261,27.34307251
14.5,263,27.12209473
14.5,265,27.25905762
14.5,267,NaN
14.5,269,NaN
14.5,271,NaN
14.5,273,NaN
14.5,275,NaN
14.5,277,26.76152954
14.5,279,26.76000366
14.5,281,26.91628418
14.5,283,27.00402222
14.5,285,26.92595825
14.5,287,26.92550049
14.5,289,27.12340698
14.5,291,27.15493164
14.5,293,26.90151367
14.5,295,26.87438354
14.5,297,27.04683838
14.5,299,26.96190796
14.5,301,26.75176392
14.5,303,26.50420532
14.5,305,26.29967651
14.5,307,26.18187866
14.5,309,26.13118896
14.5,311,26.09551392
14.5,313,25.97316895
14.5,315,25.8253418
14.5,317,25.7307373
14.5,319,25.64006958
14.5,321,25.57756958
14.5,323,25.5468689
14.5,325,25.58861694
14.5,327,25.70174561
14.5,329,25.8097168
14.5,331,25.92931519
14.5,333,26.05611572
14.5,335,26.19335327
14.5,337,26.05715332
14.5,339,25.58330688
14.5,341,25.30480347
14.5,343,24.97869263
14.5,345,NaN
14.5,347,NaN
14.5,349,NaN
14.5,351,NaN
14.5,353,NaN
14.5,355,NaN
14.5,357,NaN
14.5,359,NaN
15.5,1,NaN
15.5,3,NaN
15.5,5,NaN
15.5,7,NaN
15.5,9,NaN
15.5,11,NaN
15.5,13,NaN
15.5,15,NaN
15.5,17,NaN
15.5,19,NaN
15.5,21,NaN
15.5,23,NaN
15.5,25,NaN
15.5,27,NaN
15.5,29,NaN
15.5,31,NaN
15.5,33,NaN
15.5,35,NaN
15.5,37,NaN
15.5,39,NaN
15.5,41,NaN
15.5,43,NaN
15.5,45,NaN
15.5,47,NaN
15.5,49,NaN
15.5,51,NaN
15.5,53,26.23781738
15.5,55,25.93044434
15.5,57,26.29726563
15.5,59,26.90505371
15.5,61,27.33953247
15.5,63,27.67470703
15.5,65,28.12401733
15.5,67,28.55159912
15.5,69,28.85314331
15.5,71,29.12514648
15.5,73,29.25713501
15.5,75,NaN
15.5,77,NaN
15.5,79,NaN
15.5,81,NaN
15.5,83,27.80623779
15.5,85,27.57210693
15.5,87,27.45836792
15.5,89,27.53499756
15.5,91,27.59295044
15.5,93,27.58565674
15.5,95,27.4394165
15.5,97,NaN
15.5,99,NaN
15.5,101,NaN
15.5,103,NaN
15.5,105,NaN
15.5,107,NaN
15.5,109,22.39455566
15.5,111,22.56798706
15.5,113,23.36971436
15.5,115,25.77431641
15.5,117,27.87459717
15.5,119,28.22545776
15.5,121,NaN
15.5,123,27.26607666
15.5,125,26.73342285
15.5,127,27.01265869
15.5,129,27.98504028
15.5,131,28.08171997
15.5,133,28.0263916
15.5,135,28.2494751
15.5,137,28.53716431
15.5,139,28.64403687
15.5,141,28.80883179
15.5,143,28.94857178
15.5,145,29.00084839
15.5,147,29.04940186
15.5,149,29.06255493
15.5,151,29.06609497
15.5,153,29.00292358
15.5,155,28.94143066
15.5,157,28.89150391
15.5,159,28.85524902
15.5,161,28.82689819
15.5,163,28.81554565
15.5,165,28.81969604
15.5,167,28.78756104
15.5,169,28.77150879
15.5,171,28.77227173
15.5,173,28.74862061
15.5,175,28.70818481
15.5,177,28.64888916
15.5,179,28.60015259
15.5,181,28.54891357
15.5,183,28.51915894
15.5,185,28.50078735
15.5,187,28.45592651
15.5,189,28.38619385
15.5,191,28.28429565
15.5,193,28.18114624
15.5,195,28.09209595
15.5,197,28.03490601
15.5,199,28.04198608
15.5,201,28.06963501
15.5,203,28.05129395
15.5,205,27.97103271
15.5,207,27.8902832
15.5,209,27.83443604
15.5,211,27.79158936
15.5,213,27.75899658
15.5,215,27.79589233
15.5,217,27.85790405
15.5,219,27.85378418
15.5,221,27.82494507
15.5,223,27.77834473
15.5,225,27.78093872
15.5,227,27.79918823
15.5,229,27.77901611
15.5,231,27.78045044
15.5,233,27.8137146
15.5,235,27.91607056
15.5,237,28.06524048
15.5,239,28.21590576
15.5,241,28.31682739
15.5,243,28.41195068
15.5,245,28.44884644
15.5,247,28.40838013
15.5,249,28.3494812
15.5,251,28.30883179
15.5,253,28.303125
15.5,255,28.38619385
15.5,257,28.07167969
15.5,259,27.48659668
15.5,261,26.84215698
15.5,263,26.84505615
15.5,265,27.25905762
15.5,267,NaN
15.5,269,NaN
15.5,271,NaN
15.5,273,NaN
15.5,275,NaN
15.5,277,26.77617798
15.5,279,26.83791504
15.5,281,27.42919312
15.5,283,27.5510498
15.5,285,27.43035278
15.5,287,27.31670532
15.5,289,27.35564575
15.5,291,27.26778564
15.5,293,26.92958984
15.5,295,26.85042725
15.5,297,26.89473877
15.5,299,26.69454346
15.5,301,26.39553223
15.5,303,26.12902222
15.5,305,25.95693359
15.5,307,25.86358032
15.5,309,25.79198608
15.5,311,25.71264038
15.5,313,25.55721436
15.5,315,25.35085449
15.5,317,25.19164429
15.5,319,25.07766113
15.5,321,25.01943359
15.5,323,24.99483643
15.5,325,25.01262817
15.5,327,25.07775269
15.5,329,25.16091309
15.5,331,25.29522095
15.5,333,25.47576294
15.5,335,25.60753784
15.5,337,25.33013306
15.5,339,24.81209717
15.5,341,24.39421997
15.5,343,24.52758179
15.5,345,NaN
15.5,347,NaN
15.5,349,NaN
15.5,351,NaN
15.5,353,NaN
15.5,355,NaN
15.5,357,NaN
15.5,359,NaN
16.5,1,NaN
16.5,3,NaN
16.5,5,NaN
16.5,7,NaN
16.5,9,NaN
16.5,11,NaN
16.5,13,NaN
16.5,15,NaN
16.5,17,NaN
16.5,19,NaN
16.5,21,NaN
16.5,23,NaN
16.5,25,NaN
16.5,27,NaN
16.5,29,NaN
16.5,31,NaN
16.5,33,NaN
16.5,35,NaN
16.5,37,NaN
16.5,39,NaN
16.5,41,NaN
16.5,43,NaN
16.5,45,NaN
16.5,47,NaN
16.5,49,NaN
16.5,51,NaN
16.5,53,NaN
16.5,55,25.73668823
16.5,57,25.99083862
16.5,59,26.4894043
16.5,61,26.87746582
16.5,63,27.17821655
16.5,65,27.60839233
16.5,67,28.02578125
16.5,69,28.30529175
16.5,71,28.7282959
16.5,73,28.92946777
16.5,75,NaN
16.5,77,NaN
16.5,79,NaN
16.5,81,NaN
16.5,83,27.80767212
16.5,85,27.5616394
16.5,87,27.34887085
16.5,89,27.36516724
16.5,91,27.40825806
16.5,93,27.37984619
16.5,95,NaN
16.5,97,NaN
16.5,99,NaN
16.5,101,NaN
16.5,103,NaN
16.5,105,NaN
16.5,107,23.3515564
16.5,109,22.60878906
16.5,111,22.41326294
16.5,113,23.21825562
16.5,115,25.36690674
16.5,117,27.06783447
16.5,119,27.47728882
16.5,121,NaN
16.5,123,27.02059326
16.5,125,26.49859009
16.5,127,26.60698853
16.5,129,27.49190674
16.5,131,27.6012207
16.5,133,27.60500488
16.5,135,27.88408813
16.5,137,28.18624268
16.5,139,28.3432251
16.5,141,28.5336853
16.5,143,28.71206055
16.5,145,28.79662476
16.5,147,28.8673645
16.5,149,28.89495239
16.5,151,28.92189941
16.5,153,28.88112793
16.5,155,28.83580933
16.5,157,28.78261719
16.5,159,28.72808228
16.5,161,28.68157349
16.5,163,28.65697632
16.5,165,28.65023193
16.5,167,28.61016235
16.5,169,28.58153687
16.5,171,28.55986938
16.5,173,28.5263916
16.5,175,28.48751221
16.5,177,28.42696533
16.5,179,28.37667236
16.5,181,28.32409058
16.5,183,28.29393921
16.5,185,28.28231201
16.5,187,28.24929199
16.5,189,28.19194946
16.5,191,28.10189209
16.5,193,28.00408325
16.5,195,27.8984314
16.5,197,27.80727539
16.5,199,27.78484497
16.5,201,27.80193481
16.5,203,27.80153809
16.5,205,27.74569092
16.5,207,27.67180786
16.5,209,27.59969482
16.5,211,27.5375
16.5,213,27.48638306
16.5,215,27.49761353
16.5,217,27.56612549
16.5,219,27.58666382
16.5,221,27.56936035
16.5,223,27.50518188
16.5,225,27.46242676
16.5,227,27.44661865
16.5,229,27.41137085
16.5,231,27.38555298
16.5,233,27.37203369
16.5,235,27.44036255
16.5,237,27.58025513
16.5,239,27.75350342
16.5,241,27.90691528
16.5,243,28.05782471
16.5,245,28.15407715
16.5,247,28.1453186
16.5,249,28.11373291
16.5,251,28.13585815
16.5,253,28.10866699
16.5,255,28.12719116
16.5,257,27.62090454
16.5,259,NaN
16.5,261,NaN
16.5,263,NaN
16.5,265,NaN
16.5,267,NaN
16.5,269,NaN
16.5,271,NaN
16.5,273,26.81435547
16.5,275,27.08522949
16.5,277,27.04512939
16.5,279,27.17583618
16.5,281,27.78081665
16.5,283,27.90227661
16.5,285,27.81856689
16.5,287,27.66887817
16.5,289,27.65245972
16.5,291,27.51616821
16.5,293,27.08550415
16.5,295,26.83742676
16.5,297,26.74263916
16.5,299,26.49086914
16.5,301,26.15596924
16.5,303,25.88460693
16.5,305,25.71126709
16.5,307,25.59365234
16.5,309,25.47225342
16.5,311,25.34032593
16.5,313,25.16332397
16.5,315,24.94161377
16.5,317,24.7590271
16.5,319,24.62490234
16.5,321,24.54210815
16.5,323,24.48769531
16.5,325,24.46761475
16.5,327,24.48668823
16.5,329,24.54171143
16.5,331,24.6793457
16.5,333,24.88158569
16.5,335,24.98955688
16.5,337,24.64492188
16.5,339,24.11135254
16.5,341,23.54302368
16.5,343,23.04155884
16.5,345,NaN
16.5,347,NaN
16.5,349,NaN
16.5,351,NaN
16.5,353,NaN
16.5,355,NaN
16.5,357,NaN
16.5,359,NaN
17.5,1,NaN
17.5,3,NaN
17.5,5,NaN
17.5,7,NaN
17.5,9,NaN
17.5,11,NaN
17.5,13,NaN
17.5,15,NaN
17.5,17,NaN
17.5,19,NaN
17.5,21,NaN
17.5,23,NaN
17.5,25,NaN
17.5,27,NaN
17.5,29,NaN
17.5,31,NaN
17.5,33,NaN
17.5,35,NaN
17.5,37,NaN
17.5,39,NaN
17.5,41,NaN
17.5,43,NaN
17.5,45,NaN
17.5,47,NaN
17.5,49,NaN
17.5,51,NaN
17.5,53,NaN
17.5,55,NaN
17.5,57,25.78380737
17.5,59,26.15661011
17.5,61,26.47405396
17.5,63,26.69570313
17.5,65,27.07119141
17.5,67,27.45171509
17.5,69,27.68969116
17.5,71,28.22677002
17.5,73,28.78133545
17.5,75,NaN
17.5,77,NaN
17.5,79,NaN
17.5,81,NaN
17.5,83,NaN
17.5,85,27.64330444
17.5,87,27.33458862
17.5,89,27.25447998
17.5,91,27.2942749
17.5,93,27.2541748
17.5,95,NaN
17.5,97,NaN
17.5,99,NaN
17.5,101,NaN
17.5,103,NaN
17.5,105,NaN
17.5,107,23.3515564
17.5,109,22.70964966
17.5,111,22.21682129
17.5,113,23.20919189
17.5,115,25.1859375
17.5,117,26.14519653
17.5,119,26.40700684
17.5,121,NaN
17.5,123,26.94524536
17.5,125,26.30046997
17.5,127,26.16781006
17.5,129,26.90932617
17.5,131,27.09365234
17.5,133,27.15236816
17.5,135,27.44744263
17.5,137,27.77633057
17.5,139,27.99266968
17.5,141,28.20415649
17.5,143,28.43056641
17.5,145,28.55999146
17.5,147,28.65084229
17.5,149,28.69274292
17.5,151,28.74712524
17.5,153,28.73873291
17.5,155,28.7293335
17.5,157,28.68331299
17.5,159,28.60476074
17.5,161,28.53154907
17.5,163,28.4923645
17.5,165,28.47365723
17.5,167,28.42702637
17.5,169,28.39199219
17.5,171,28.34731445
17.5,173,28.29949341
17.5,175,28.26320801
17.5,177,28.20702515
17.5,179,28.15661011
17.5,181,28.1020752
17.5,183,28.06707153
17.5,185,28.05901489
17.5,187,28.04024658
17.5,189,27.99675903
17.5,191,27.92223511
17.5,193,27.83995972
17.5,195,27.72472534
17.5,197,27.60048828
17.5,199,27.53218994
17.5,201,27.51113281
17.5,203,27.51876221
17.5,205,27.49712524
17.5,207,27.44136963
17.5,209,27.35393677
17.5,211,27.27703247
17.5,213,27.21169434
17.5,215,27.16854248
17.5,217,27.20839844
17.5,219,27.2567688
17.5,221,27.27492676
17.5,223,27.20742188
17.5,225,27.10814819
17.5,227,27.04198608
17.5,229,26.99282227
17.5,231,26.94197998
17.5,233,26.86351929
17.5,235,26.87133179
17.5,237,26.9782959
17.5,239,27.14785156
17.5,241,27.34636841
17.5,243,27.56710205
17.5,245,27.75109253
17.5,247,27.79210815
17.5,249,27.79677734
17.5,251,27.92376099
17.5,253,27.82781372
17.5,255,27.68673096
17.5,257,NaN
17.5,259,NaN
17.5,261,NaN
17.5,263,NaN
17.5,265,NaN
17.5,267,NaN
17.5,269,NaN
17.5,271,NaN
17.5,273,26.93877563
17.5,275,27.41948853
17.5,277,27.52068481
17.5,279,27.63179932
17.5,281,27.99520264
17.5,283,28.09414063
17.5,285,28.12505493
17.5,287,28.00032959
17.5,289,27.99233398
17.5,291,27.86049805
17.5,293,27.32415161
17.5,295,26.82799683
17.5,297,26.59768066
17.5,299,26.34676514
17.5,301,26.0168396
17.5,303,25.75515137
17.5,305,25.56081543
17.5,307,25.38616333
17.5,309,25.19368896
17.5,311,25.00048218
17.5,313,24.81234131
17.5,315,24.60619507
17.5,317,24.42766724
17.5,319,24.27672729
17.5,321,24.14986572
17.5,323,24.04049072
17.5,325,23.96907959
17.5,327,23.93642578
17.5,329,23.95412598
17.5,331,24.07994995
17.5,333,24.28173218
17.5,335,24.35454712
17.5,337,23.98973999
17.5,339,23.49004517
17.5,341,22.74071655
17.5,343,22.61556396
17.5,345,NaN
17.5,347,NaN
17.5,349,NaN
17.5,351,NaN
17.5,353,NaN
17.5,355,NaN
17.5,357,NaN
17.5,359,NaN
18.5,1,NaN
18.5,3,NaN
18.5,5,NaN
18.5,7,NaN
18.5,9,NaN
18.5,11,NaN
18.5,13,NaN
18.5,15,NaN
18.5,17,NaN
18.5,19,NaN
18.5,21,NaN
18.5,23,NaN
18.5,25,NaN
18.5,27,NaN
18.5,29,NaN
18.5,31,NaN
18.5,33,NaN
18.5,35,NaN
18.5,37,NaN
18.5,39,NaN
18.5,41,NaN
18.5,43,NaN
18.5,45,NaN
18.5,47,NaN
18.5,49,NaN
18.5,51,NaN
18.5,53,NaN
18.5,55,NaN
18.5,57,NaN
18.5,59,25.83327637
18.5,61,26.06725464
18.5,63,26.22158203
18.5,65,26.56261597
18.5,67,27.03716431
18.5,69,27.44701538
18.5,71,27.91436157
18.5,73,28.12120972
18.5,75,NaN
18.5,77,NaN
18.5,79,NaN
18.5,81,NaN
18.5,83,NaN
18.5,85,NaN
18.5,87,27.49666748
18.5,89,27.34746704
18.5,91,27.33394775
18.5,93,27.26235352
18.5,95,NaN
18.5,97,NaN
18.5,99,NaN
18.5,101,NaN
18.5,103,NaN
18.5,105,NaN
18.5,107,22.82723389
18.5,109,22.47606812
18.5,111,22.18261108
18.5,113,23.4237915
18.5,115,24.95726929
18.5,117,25.17272339
18.5,119,25.38070068
18.5,121,25.88143311
18.5,123,26.59511719
18.5,125,26.09603271
18.5,127,25.61715088
18.5,129,26.25142822
18.5,131,26.44552002
18.5,133,26.59420166
18.5,135,26.89412842
18.5,137,27.24877319
18.5,139,27.53045044
18.5,141,27.78972778
18.5,143,28.07491455
18.5,145,28.25567017
18.5,147,28.37731323
18.5,149,28.45269165
18.5,151,28.54396973
18.5,153,28.57036743
18.5,155,28.59121094
18.5,157,28.56133423
18.5,159,28.48290405
18.5,161,28.39147339
18.5,163,28.32317505
18.5,165,28.28850708
18.5,167,28.23247681
18.5,169,28.18734131
18.5,171,28.1289917
18.5,173,28.06133423
18.5,175,28.01638184
18.5,177,27.95913086
18.5,179,27.91005859
18.5,181,27.8598877
18.5,183,27.82674561
18.5,185,27.82509766
18.5,187,27.82207642
18.5,189,27.7963501
18.5,191,27.73980103
18.5,193,27.67901001
18.5,195,27.58236084
18.5,197,27.4538208
18.5,199,27.35009155
18.5,201,27.28347168
18.5,203,27.25319824
18.5,205,27.21129761
18.5,207,27.14727173
18.5,209,27.05108032
18.5,211,26.95888672
18.5,213,26.87307129
18.5,215,26.7965332
18.5,217,26.79677734
18.5,219,26.83275757
18.5,221,26.86989746
18.5,223,26.81942139
18.5,225,26.70980225
18.5,227,26.61498413
18.5,229,26.53084717
18.5,231,26.4458252
18.5,233,26.33010254
18.5,235,26.2864624
18.5,237,26.34414063
18.5,239,26.48470459
18.5,241,26.67943726
18.5,243,26.94130859
18.5,245,27.21273193
18.5,247,27.32573853
18.5,249,27.43166504
18.5,251,27.63387451
18.5,253,27.3875061
18.5,255,27.14891968
18.5,257,NaN
18.5,259,NaN
18.5,261,NaN
18.5,263,NaN
18.5,265,NaN
18.5,267,NaN
18.5,269,NaN
18.5,271,NaN
18.5,273,27.14138184
18.5,275,27.47863159
18.5,277,27.54726563
18.5,279,27.62877808
18.5,281,27.94695435
18.5,283,28.10357056
18.5,285,28.17415771
18.5,287,28.07955322
18.5,289,28.04888306
18.5,291,27.88649902
18.5,293,27.24733887
18.5,295,26.85296021
18.5,297,26.59502563
18.5,299,26.32317505
18.5,301,26.00719604
18.5,303,25.75515137
18.5,305,25.54235229
18.5,307,25.32271729
18.5,309,25.08175049
18.5,311,24.84142456
18.5,313,24.63369141
18.5,315,24.43084106
18.5,317,24.25078735
18.5,319,24.08040771
18.5,321,23.91112671
18.5,323,23.74898682
18.5,325,23.61040649
18.5,327,23.51235352
18.5,329,23.46468506
18.5,331,23.52269897
18.5,333,23.67662964
18.5,335,23.72121582
18.5,337,23.38244019
18.5,339,22.95482788
18.5,341,22.13713989
18.5,343,21.47615967
18.5,345,NaN
18.5,347,NaN
18.5,349,NaN
18.5,351,NaN
18.5,353,NaN
18.5,355,NaN
18.5,357,NaN
18.5,359,NaN
19.5,1,NaN
19.5,3,NaN
19.5,5,NaN
19.5,7,NaN
19.5,9,NaN
19.5,11,NaN
19.5,13,NaN
19.5,15,NaN
19.5,17,NaN
19.5,19,NaN
19.5,21,NaN
19.5,23,NaN
19.5,25,NaN
19.5,27,NaN
19.5,29,NaN
19.5,31,NaN
19.5,33,NaN
19.5,35,NaN
19.5,37,NaN
19.5,39,NaN
19.5,41,NaN
19.5,43,NaN
19.5,45,NaN
19.5,47,NaN
19.5,49,NaN
19.5,51,NaN
19.5,53,NaN
19.5,55,NaN
19.5,57,NaN
19.5,59,25.52724609
19.5,61,25.67922363
19.5,63,25.76949463
19.5,65,26.07479248
19.5,67,26.68712769
19.5,69,27.37462769
19.5,71,27.67357788
19.5,73,27.90581665
19.5,75,NaN
19.5,77,NaN
19.5,79,NaN
19.5,81,NaN
19.5,83,NaN
19.5,85,NaN
19.5,87,27.70647583
19.5,89,27.46404419
19.5,91,27.38701782
19.5,93,NaN
19.5,95,NaN
19.5,97,NaN
19.5,99,NaN
19.5,101,NaN
19.5,103,NaN
19.5,105,NaN
19.5,107,22.57293091
19.5,109,22.12886963
19.5,111,21.88213501
19.5,113,23.3984314
19.5,115,24.68132935
19.5,117,24.21483765
19.5,119,24.45412598
19.5,121,25.68474731
19.5,123,26.52584229
19.5,125,25.84765015
19.5,127,24.97625122
19.5,129,25.51604614
19.5,131,25.68776855
19.5,133,25.93401489
19.5,135,26.2257019
19.5,137,26.60405884
19.5,139,26.95421753
19.5,141,27.27324829
19.5,143,27.62380371
19.5,145,27.85717163
19.5,147,28.00988159
19.5,149,28.12337646
19.5,151,28.25194702
19.5,153,28.31426392
19.5,155,28.36916504
19.5,157,28.36589966
19.5,159,28.30376587
19.5,161,28.20321045
19.5,163,28.10296021
19.5,165,28.05147705
19.5,167,27.98647461
19.5,169,27.93184814
19.5,171,27.86556396
19.5,173,27.77837524
19.5,175,27.71993408
19.5,177,27.65853271
19.5,179,27.61174927
19.5,181,27.56911621
19.5,183,27.5387207
19.5,185,27.5425354
19.5,187,27.55758057
19.5,189,27.55361328
19.5,191,27.51937256
19.5,193,27.48534546
19.5,195,27.4215332
19.5,197,27.30571899
19.5,199,27.17669067
19.5,201,27.06685791
19.5,203,26.98433838
19.5,205,26.90493164
19.5,207,26.82488403
19.5,209,26.72362671
19.5,211,26.61794434
19.5,213,26.50863037
19.5,215,26.40163574
19.5,217,26.34862671
19.5,219,26.34664307
19.5,221,26.39000854
19.5,223,26.36620483
19.5,225,26.27266846
19.5,227,26.16768799
19.5,229,26.04775391
19.5,231,25.92754517
19.5,233,25.78624878
19.5,235,25.69423828
19.5,237,25.69085083
19.5,239,25.78295288
19.5,241,25.94844971
19.5,243,26.23250732
19.5,245,26.58736572
19.5,247,26.78768311
19.5,249,27.01964722
19.5,251,27.281427
19.5,253,26.85006104
19.5,255,NaN
19.5,257,NaN
19.5,259,NaN
19.5,261,NaN
19.5,263,24.65636597
19.5,265,24.53676758
19.5,267,24.4866272
19.5,269,NaN
19.5,271,NaN
19.5,273,NaN
19.5,275,27.39507446
19.5,277,27.36937866
19.5,279,27.40374146
19.5,281,27.7413269
19.5,283,27.99764404
19.5,285,28.18236694
19.5,287,NaN
19.5,289,NaN
19.5,291,27.88649902
19.5,293,27.1597229
19.5,295,26.87694702
19.5,297,26.64614258
19.5,299,26.36306152
19.5,301,26.07579956
19.5,303,25.83794556
19.5,305,25.61000977
19.5,307,25.35537109
19.5,309,25.08275757
19.5,311,24.80559692
19.5,313,24.57579956
19.5,315,24.37056885
19.5,317,24.18532715
19.5,319,23.99605713
19.5,321,23.79049072
19.5,323,23.580896
19.5,325,23.36913452
19.5,327,23.19768677
19.5,329,23.06856689
19.5,331,23.02523193
19.5,333,23.09798584
19.5,335,23.10924683
19.5,337,22.82131348
19.5,339,22.50936279
19.5,341,21.67324219
19.5,343,21.22481689
19.5,345,NaN
19.5,347,NaN
19.5,349,NaN
19.5,351,NaN
19.5,353,NaN
19.5,355,NaN
19.5,357,NaN
19.5,359,NaN
20.5,1,NaN
20.5,3,NaN
20.5,5,NaN
20.5,7,NaN
20.5,9,NaN
20.5,11,NaN
20.5,13,NaN
20.5,15,NaN
20.5,17,NaN
20.5,19,NaN
20.5,21,NaN
20.5,23,NaN
20.5,25,NaN
20.5,27,NaN
20.5,29,NaN
20.5,31,NaN
20.5,33,NaN
20.5,35,NaN
20.5,37,NaN
20.5,39,NaN
20.5,41,NaN
20.5,43,NaN
20.5,45,NaN
20.5,47,NaN
20.5,49,NaN
20.5,51,NaN
20.5,53,NaN
20.5,55,NaN
20.5,57,NaN
20.5,59,25.35643921
20.5,61,25.32573853
20.5,63,25.37200317
20.5,65,25.61779175
20.5,67,26.29384766
20.5,69,26.98046265
20.5,71,27.60402832
20.5,73,NaN
20.5,75,NaN
20.5,77,NaN
20.5,79,NaN
20.5,81,NaN
20.5,83,NaN
20.5,85,NaN
20.5,87,NaN
20.5,89,27.23928223
20.5,91,27.14556274
20.5,93,NaN
20.5,95,NaN
20.5,97,NaN
20.5,99,NaN
20.5,101,NaN
20.5,103,NaN
20.5,105,NaN
20.5,107,22.20702515
20.5,109,22.09932861
20.5,111,19.80510864
20.5,113,21.95119629
20.5,115,24.2262207
20.5,117,23.79015503
20.5,119,24.22789917
20.5,121,25.09676514
20.5,123,26.30452881
20.5,125,25.34133301
20.5,127,24.30291138
20.5,129,24.75658569
20.5,131,24.84621582
20.5,133,25.11876831
20.5,135,25.41280518
20.5,137,25.81609497
20.5,139,26.20839844
20.5,141,26.58815918
20.5,143,26.99453125
20.5,145,27.26125488
20.5,147,27.42989502
20.5,149,27.56444702
20.5,151,27.70614014
20.5,153,27.79830322
20.5,155,27.90706787
20.5,157,27.95198975
20.5,159,27.92800293
20.5,161,27.84734497
20.5,163,27.7413269
20.5,165,27.67754517
20.5,167,27.60985718
20.5,169,27.55227051
20.5,171,27.48601685
20.5,173,27.40245972
20.5,175,27.33223877
20.5,177,27.26247559
20.5,179,27.22011719
20.5,181,27.18352661
20.5,183,27.14559326
20.5,185,27.14263306
20.5,187,27.17757568
20.5,189,27.20110474
20.5,191,27.19890747
20.5,193,27.18853149
20.5,195,27.14049683
20.5,197,27.03927002
20.5,199,26.91356812
20.5,201,26.8059021
20.5,203,26.71593628
20.5,205,26.63845215
20.5,207,26.55831299
20.5,209,26.45241699
20.5,211,26.33794556
20.5,213,26.19396362
20.5,215,26.03759155
20.5,217,25.91970215
20.5,219,25.85610352
20.5,221,25.86989746
20.5,223,25.86040649
20.5,225,25.80828247
20.5,227,25.73623047
20.5,229,25.61763916
20.5,231,25.46791992
20.5,233,25.29812012
20.5,235,25.17067871
20.5,237,25.10726318
20.5,239,25.13799438
20.5,241,25.28429565
20.5,243,25.56740723
20.5,245,25.95574341
20.5,247,26.27147827
20.5,249,26.59398804
20.5,251,26.82650146
20.5,253,26.2756897
20.5,255,NaN
20.5,257,NaN
20.5,259,NaN
20.5,261,NaN
20.5,263,24.34432373
20.5,265,24.16436157
20.5,267,24.0798584
20.5,269,NaN
20.5,271,NaN
20.5,273,NaN
20.5,275,27.3638855
20.5,277,27.44658813
20.5,279,27.41781006
20.5,281,27.7222229
20.5,283,NaN
20.5,285,NaN
20.5,287,27.12456665
20.5,289,27.05346069
20.5,291,27.05901489
20.5,293,26.94329224
20.5,295,26.81850586
20.5,297,26.62362061
20.5,299,26.39516602
20.5,301,26.15670166
20.5,303,25.93303833
20.5,305,25.6994873
20.5,307,25.43953857
20.5,309,25.16497192
20.5,311,24.86950073
20.5,313,24.61199341
20.5,315,24.38256226
20.5,317,24.17113647
20.5,319,23.96593628
20.5,321,23.76030884
20.5,323,23.52926025
20.5,325,23.25618896
20.5,327,23.01061401
20.5,329,22.80574951
20.5,331,22.65609131
20.5,333,22.61647949
20.5,335,22.57927856
20.5,337,22.33226929
20.5,339,22.15551147
20.5,341,21.38649902
20.5,343,20.60793457
20.5,345,NaN
20.5,347,NaN
20.5,349,NaN
20.5,351,NaN
20.5,353,NaN
20.5,355,NaN
20.5,357,NaN
20.5,359,NaN
21.5,1,NaN
21.5,3,NaN
21.5,5,NaN
21.5,7,NaN
21.5,9,NaN
21.5,11,NaN
21.5,13,NaN
21.5,15,NaN
21.5,17,NaN
21.5,19,NaN
21.5,21,NaN
21.5,23,NaN
21.5,25,NaN
21.5,27,NaN
21.5,29,NaN
21.5,31,NaN
21.5,33,NaN
21.5,35,NaN
21.5,37,NaN
21.5,39,NaN
21.5,41,NaN
21.5,43,NaN
21.5,45,NaN
21.5,47,NaN
21.5,49,NaN
21.5,51,NaN
21.5,53,NaN
21.5,55,NaN
21.5,57,NaN
21.5,59,NaN
21.5,61,25.05962524
21.5,63,25.06923828
21.5,65,25.23946533
21.5,67,25.82817993
21.5,69,25.66066895
21.5,71,NaN
21.5,73,NaN
21.5,75,NaN
21.5,77,NaN
21.5,79,NaN
21.5,81,NaN
21.5,83,NaN
21.5,85,NaN
21.5,87,NaN
21.5,89,26.85671387
21.5,91,26.76412354
21.5,93,NaN
21.5,95,NaN
21.5,97,NaN
21.5,99,NaN
21.5,101,NaN
21.5,103,NaN
21.5,105,NaN
21.5,107,NaN
21.5,109,NaN
21.5,111,15.30077515
21.5,113,19.40960083
21.5,115,23.24105225
21.5,117,22.95998535
21.5,119,23.99059448
21.5,121,24.66982422
21.5,123,25.76485596
21.5,125,24.69738159
21.5,127,23.60439453
21.5,129,23.95354614
21.5,131,23.95195923
21.5,133,24.21221313
21.5,135,24.50002441
21.5,137,24.92382202
21.5,139,25.35302124
21.5,141,25.80050049
21.5,143,26.26311646
21.5,145,26.55248413
21.5,147,26.7227417
21.5,149,26.86300049
21.5,151,27.00393066
21.5,153,27.12023315
21.5,155,27.27941284
21.5,157,27.36959229
21.5,159,27.38268433
21.5,161,27.32329712
21.5,163,27.21712646
21.5,165,27.14214478
21.5,167,27.07186279
21.5,169,27.01152954
21.5,171,26.94503174
21.5,173,26.86800537
21.5,175,26.7854248
21.5,177,26.70317993
21.5,179,26.6625
21.5,181,26.63295898
21.5,183,26.58876953
21.5,185,26.58016357
21.5,187,26.63875732
21.5,189,26.69347534
21.5,191,26.72780762
21.5,193,26.74398193
21.5,195,26.71569214
21.5,197,26.64077148
21.5,199,26.53582153
21.5,201,26.45025024
21.5,203,26.37365112
21.5,205,26.31875
21.5,207,26.25246582
21.5,209,26.15001831
21.5,211,26.0382019
21.5,213,25.87191162
21.5,215,25.67702637
21.5,217,25.49971924
21.5,219,25.36678467
21.5,221,25.32946167
21.5,223,25.31664429
21.5,225,25.3048645
21.5,227,25.27663574
21.5,229,25.17733154
21.5,231,25.00985107
21.5,233,24.81411133
21.5,235,24.65307007
21.5,237,24.53344116
21.5,239,24.50338135
21.5,241,24.63546143
21.5,243,24.91347656
21.5,245,25.31786499
21.5,247,25.74605713
21.5,249,26.11156616
21.5,251,26.28984985
21.5,253,25.52922974
21.5,255,NaN
21.5,257,NaN
21.5,259,NaN
21.5,261,NaN
21.5,263,23.80672607
21.5,265,23.76140747
21.5,267,23.63948975
21.5,269,24.14977417
21.5,271,NaN
21.5,273,26.65560303
21.5,275,27.29750977
21.5,277,27.07470093
21.5,279,26.27767334
21.5,281,NaN
21.5,283,26.62554321
21.5,285,26.83800659
21.5,287,27.10360107
21.5,289,27.03228149
21.5,291,27.06618652
21.5,293,26.93676147
21.5,295,26.71761475
21.5,297,26.55068359
21.5,299,26.37426147
21.5,301,26.18032227
21.5,303,25.97115479
21.5,305,25.74221191
21.5,307,25.49831543
21.5,309,25.2461792
21.5,311,24.95455322
21.5,313,24.67885742
21.5,315,24.42427979
21.5,317,24.18532715
21.5,319,23.96834717
21.5,321,23.77556763
21.5,323,23.54296265
21.5,325,23.23189697
21.5,327,22.92492065
21.5,329,22.64901123
21.5,331,22.39443359
21.5,333,22.23043213
21.5,335,22.12209473
21.5,337,21.88738403
21.5,339,21.81737671
21.5,341,21.12597046
21.5,343,20.0984436
21.5,345,NaN
21.5,347,NaN
21.5,349,NaN
21.5,351,NaN
21.5,353,NaN
21.5,355,NaN
21.5,357,NaN
21.5,359,NaN
22.5,1,NaN
22.5,3,NaN
22.5,5,NaN
22.5,7,NaN
22.5,9,NaN
22.5,11,NaN
22.5,13,NaN
22.5,15,NaN
22.5,17,NaN
22.5,19,NaN
22.5,21,NaN
22.5,23,NaN
22.5,25,NaN
22.5,27,NaN
22.5,29,NaN
22.5,31,NaN
22.5,33,NaN
22.5,35,NaN
22.5,37,NaN
22.5,39,NaN
22.5,41,NaN
22.5,43,NaN
22.5,45,NaN
22.5,47,NaN
22.5,49,NaN
22.5,51,NaN
22.5,53,NaN
22.5,55,NaN
22.5,57,NaN
22.5,59,NaN
22.5,61,24.99157104
22.5,63,24.96508179
22.5,65,25.10997925
22.5,67,25.24465332
22.5,69,25.22716675
22.5,71,NaN
22.5,73,NaN
22.5,75,NaN
22.5,77,NaN
22.5,79,NaN
22.5,81,NaN
22.5,83,NaN
22.5,85,NaN
22.5,87,NaN
22.5,89,NaN
22.5,91,NaN
22.5,93,NaN
22.5,95,NaN
22.5,97,NaN
22.5,99,NaN
22.5,101,NaN
22.5,103,NaN
22.5,105,NaN
22.5,107,NaN
22.5,109,NaN
22.5,111,NaN
22.5,113,NaN
22.5,115,NaN
22.5,117,22.5354248
22.5,119,22.92598877
22.5,121,24.18642578
22.5,123,24.968927
22.5,125,23.84862671
22.5,127,22.86260376
22.5,129,22.96550903
22.5,131,23.00689087
22.5,133,23.21160278
22.5,135,23.48482666
22.5,137,23.9326416
22.5,139,24.42669067
22.5,141,24.98098145
22.5,143,25.52108154
22.5,145,25.82457886
22.5,147,25.97542725
22.5,149,26.09783325
22.5,151,26.22780762
22.5,153,26.36544189
22.5,155,26.54277954
22.5,157,26.64257202
22.5,159,26.65895996
22.5,161,26.5850769
22.5,163,26.47002563
22.5,165,26.38268433
22.5,167,26.30178223
22.5,169,26.23198853
22.5,171,26.15245972
22.5,173,26.06533203
22.5,175,25.97271118
22.5,177,25.87175903
22.5,179,25.82134399
22.5,181,25.80581055
22.5,183,25.7708374
22.5,185,25.77230225
22.5,187,25.86293945
22.5,189,25.95220337
22.5,191,26.02382813
22.5,193,26.07549438
22.5,195,26.08944092
22.5,197,26.06569824
22.5,199,25.99389038
22.5,201,25.93007813
22.5,203,25.87709961
22.5,205,25.86049805
22.5,207,25.8250061
22.5,209,25.73665771
22.5,211,25.64837036
22.5,213,25.50582275
22.5,215,25.31835327
22.5,217,25.1093689
22.5,219,24.91365967
22.5,221,24.7963501
22.5,223,24.73220215
22.5,225,24.72142944
22.5,227,24.71471558
22.5,229,24.65044556
22.5,231,24.49880371
22.5,233,24.27999268
22.5,235,24.06749878
22.5,237,23.90529785
22.5,239,23.8293396
22.5,241,23.95516357
22.5,243,24.24883423
22.5,245,24.66948853
22.5,247,25.18874512
22.5,249,25.46639404
22.5,251,25.5616394
22.5,253,25.43636475
22.5,255,NaN
22.5,257,NaN
22.5,259,NaN
22.5,261,NaN
22.5,263,23.66106567
22.5,265,23.2980896
22.5,267,23.11852417
22.5,269,23.76040039
22.5,271,24.69506226
22.5,273,26.50936279
22.5,275,27.30553589
22.5,277,26.8303772
22.5,279,NaN
22.5,281,26.54863892
22.5,283,26.62554321
22.5,285,26.67565308
22.5,287,26.57616577
22.5,289,26.49181519
22.5,291,26.65618286
22.5,293,26.75264893
22.5,295,26.65377197
22.5,297,26.4531189
22.5,299,26.22548828
22.5,301,26.02416382
22.5,303,25.82683716
22.5,305,25.62017212
22.5,307,25.4197937
22.5,309,25.2227417
22.5,311,24.97814331
22.5,313,24.71682129
22.5,315,24.45351563
22.5,317,24.203302
22.5,319,23.97628174
22.5,321,23.78045044
22.5,323,23.56722412
22.5,325,23.27523193
22.5,327,22.93630371
22.5,329,22.58498535
22.5,331,22.24431763
22.5,333,21.96694336
22.5,335,21.73638306
22.5,337,21.43465576
22.5,339,21.32937012
22.5,341,20.65532837
22.5,343,19.93123779
22.5,345,NaN
22.5,347,NaN
22.5,349,NaN
22.5,351,NaN
22.5,353,NaN
22.5,355,NaN
22.5,357,NaN
22.5,359,NaN
23.5,1,NaN
23.5,3,NaN
23.5,5,NaN
23.5,7,NaN
23.5,9,NaN
23.5,11,NaN
23.5,13,NaN
23.5,15,NaN
23.5,17,NaN
23.5,19,NaN
23.5,21,NaN
23.5,23,NaN
23.5,25,NaN
23.5,27,NaN
23.5,29,NaN
23.5,31,NaN
23.5,33,NaN
23.5,35,NaN
23.5,37,NaN
23.5,39,NaN
23.5,41,NaN
23.5,43,NaN
23.5,45,NaN
23.5,47,NaN
23.5,49,NaN
23.5,51,NaN
23.5,53,NaN
23.5,55,NaN
23.5,57,NaN
23.5,59,25.03237305
23.5,61,24.98726807
23.5,63,24.93959961
23.5,65,24.99468384
23.5,67,24.66314087
23.5,69,NaN
23.5,71,NaN
23.5,73,NaN
23.5,75,NaN
23.5,77,NaN
23.5,79,NaN
23.5,81,NaN
23.5,83,NaN
23.5,85,NaN
23.5,87,NaN
23.5,89,NaN
23.5,91,NaN
23.5,93,NaN
23.5,95,NaN
23.5,97,NaN
23.5,99,NaN
23.5,101,NaN
23.5,103,NaN
23.5,105,NaN
23.5,107,NaN
23.5,109,NaN
23.5,111,NaN
23.5,113,NaN
23.5,115,NaN
23.5,117,NaN
23.5,119,21.1909729
23.5,121,NaN
23.5,123,24.00606689
23.5,125,23.11647949
23.5,127,22.41552124
23.5,129,22.24672852
23.5,131,22.18694458
23.5,133,22.26738892
23.5,135,22.49718628
23.5,137,22.9248291
23.5,139,23.43984375
23.5,141,24.06090698
23.5,143,24.65841064
23.5,145,24.96785889
23.5,147,25.08980713
23.5,149,25.17995605
23.5,151,25.29128418
23.5,153,25.4409729
23.5,155,25.61885986
23.5,157,25.7111145
23.5,159,25.71898804
23.5,161,25.62404785
23.5,163,25.49544678
23.5,165,25.39119873
23.5,167,25.29595337
23.5,169,25.21315918
23.5,171,25.11556396
23.5,173,25.0095459
23.5,175,24.89794312
23.5,177,24.77303467
23.5,179,24.70644531
23.5,181,24.69854126
23.5,183,24.68081055
23.5,185,24.70641479
23.5,187,24.83031616
23.5,189,24.95089111
23.5,191,25.05874023
23.5,193,25.14940796
23.5,195,25.21642456
23.5,197,25.25213013
23.5,199,25.22075806
23.5,201,25.18505249
23.5,203,25.16420898
23.5,205,25.20214233
23.5,207,25.21935425
23.5,209,25.16835938
23.5,211,25.12322388
23.5,213,25.03057251
23.5,215,24.8862854
23.5,217,24.68477783
23.5,219,24.45861206
23.5,221,24.27538452
23.5,223,24.15569458
23.5,225,24.1267334
23.5,227,24.12459717
23.5,229,24.08904419
23.5,231,23.95046387
23.5,233,23.70723877
23.5,235,23.4494873
23.5,237,23.25808105
23.5,239,23.16323242
23.5,241,23.30797729
23.5,243,23.63704834
23.5,245,24.0828186
23.5,247,24.67122803
23.5,249,24.77648315
23.5,251,24.96199951
23.5,253,NaN
23.5,255,NaN
23.5,257,NaN
23.5,259,NaN
23.5,261,NaN
23.5,263,23.22719727
23.5,265,22.93853149
23.5,267,22.72280273
23.5,269,23.40401611
23.5,271,24.60863647
23.5,273,26.27953491
23.5,275,27.0289856
23.5,277,26.31240234
23.5,279,26.09969482
23.5,281,26.49553833
23.5,283,26.59838257
23.5,285,26.37310181
23.5,287,26.04750977
23.5,289,25.91396484
23.5,291,26.13182983
23.5,293,26.38878784
23.5,295,26.3975769
23.5,297,26.19378052
23.5,299,25.93493042
23.5,301,25.73262939
23.5,303,25.54754028
23.5,305,25.36687622
23.5,307,25.21035156
23.5,309,25.06603394
23.5,311,24.87536011
23.5,313,24.6413208
23.5,315,24.38424072
23.5,317,24.13878784
23.5,319,23.91774902
23.5,321,23.73140869
23.5,323,23.55196533
23.5,325,23.3053833
23.5,327,22.97054443
23.5,329,22.57775269
23.5,331,22.17791138
23.5,333,21.80687866
23.5,335,21.45766602
23.5,337,21.06560669
23.5,339,20.86312256
23.5,341,20.19512329
23.5,343,19.09923706
23.5,345,NaN
23.5,347,NaN
23.5,349,NaN
23.5,351,NaN
23.5,353,NaN
23.5,355,NaN
23.5,357,NaN
23.5,359,NaN
24.5,1,NaN
24.5,3,NaN
24.5,5,NaN
24.5,7,NaN
24.5,9,NaN
24.5,11,NaN
24.5,13,NaN
24.5,15,NaN
24.5,17,NaN
24.5,19,NaN
24.5,21,NaN
24.5,23,NaN
24.5,25,NaN
24.5,27,NaN
24.5,29,NaN
24.5,31,NaN
24.5,33,NaN
24.5,35,NaN
24.5,37,NaN
24.5,39,NaN
24.5,41,NaN
24.5,43,NaN
24.5,45,NaN
24.5,47,NaN
24.5,49,NaN
24.5,51,NaN
24.5,53,NaN
24.5,55,NaN
24.5,57,25.03237305
24.5,59,25.03237305
24.5,61,24.98726807
24.5,63,24.93959961
24.5,65,24.99468384
24.5,67,24.66314087
24.5,69,NaN
24.5,71,NaN
24.5,73,NaN
24.5,75,NaN
24.5,77,NaN
24.5,79,NaN
24.5,81,NaN
24.5,83,NaN
24.5,85,NaN
24.5,87,NaN
24.5,89,NaN
24.5,91,NaN
24.5,93,NaN
24.5,95,NaN
24.5,97,NaN
24.5,99,NaN
24.5,101,NaN
24.5,103,NaN
24.5,105,NaN
24.5,107,NaN
24.5,109,NaN
24.5,111,NaN
24.5,113,NaN
24.5,115,NaN
24.5,117,NaN
24.5,119,NaN
24.5,121,NaN
24.5,123,22.79845581
24.5,125,22.8795105
24.5,127,22.80150757
24.5,129,22.18886719
24.5,131,21.54274902
24.5,133,21.36651001
24.5,135,21.53881226
24.5,137,21.86794434
24.5,139,22.32213745
24.5,141,22.93981323
24.5,143,23.57741699
24.5,145,23.89229736
24.5,147,23.9734436
24.5,149,24.00945435
24.5,151,24.09511719
24.5,153,24.24901733
24.5,155,24.40795288
24.5,157,24.47506104
24.5,159,24.46965942
24.5,161,24.35720215
24.5,163,24.20900879
24.5,165,24.0760437
24.5,167,23.96212158
24.5,169,23.86281738
24.5,171,23.74379883
24.5,173,23.60701904
24.5,175,23.45299683
24.5,177,23.2947937
24.5,179,23.20443115
24.5,181,23.18865356
24.5,183,23.20562134
24.5,185,23.28988037
24.5,187,23.45299683
24.5,189,23.60027466
24.5,191,23.74709473
24.5,193,23.88192139
24.5,195,24.01891479
24.5,197,24.1194397
24.5,199,24.1296936
24.5,201,24.12334595
24.5,203,24.13475952
24.5,205,24.25167236
24.5,207,24.359552
24.5,209,24.38579712
24.5,211,24.40728149
24.5,213,24.39040527
24.5,215,24.33733521
24.5,217,24.20449219
24.5,219,24.00625
24.5,221,23.79143677
24.5,223,23.62764893
24.5,225,23.55681763
24.5,227,23.52953491
24.5,229,23.50231323
24.5,231,23.35344849
24.5,233,23.07747803
24.5,235,22.79119263
24.5,237,22.58248291
24.5,239,22.50927124
24.5,241,22.71846924
24.5,243,23.115625
24.5,245,23.61574707
24.5,247,24.22384033
24.5,249,NaN
24.5,251,NaN
24.5,253,NaN
24.5,255,NaN
24.5,257,NaN
24.5,259,NaN
24.5,261,NaN
24.5,263,23.14550171
24.5,265,22.83684692
24.5,267,22.68786011
24.5,269,23.20049438
24.5,271,23.85582886
24.5,273,25.36934814
24.5,275,26.24608765
24.5,277,25.48504028
24.5,279,25.38063965
24.5,281,26.04433594
24.5,283,26.28707275
24.5,285,25.92110596
24.5,287,25.5392395
24.5,289,25.26802979
24.5,291,25.34899292
24.5,293,25.65328369
24.5,295,25.77199707
24.5,297,25.66262207
24.5,299,25.46575317
24.5,301,25.30245361
24.5,303,25.12716064
24.5,305,24.97026978
24.5,307,24.84057007
24.5,309,24.72033081
24.5,311,24.57601318
24.5,313,24.37709961
24.5,315,24.1451355
24.5,317,23.92794189
24.5,319,23.7444397
24.5,321,23.59511719
24.5,323,23.46029053
24.5,325,23.2803894
24.5,327,22.9999939
24.5,329,22.6211792
24.5,331,22.19475708
24.5,333,21.75631104
24.5,335,21.31524048
24.5,337,20.83394775
24.5,339,20.44683228
24.5,341,19.78554688
24.5,343,18.8855835
24.5,345,NaN
24.5,347,NaN
24.5,349,NaN
24.5,351,NaN
24.5,353,NaN
24.5,355,NaN
24.5,357,NaN
24.5,359,NaN
25.5,1,NaN
25.5,3,NaN
25.5,5,NaN
25.5,7,NaN
25.5,9,NaN
25.5,11,NaN
25.5,13,NaN
25.5,15,NaN
25.5,17,NaN
25.5,19,NaN
25.5,21,NaN
25.5,23,NaN
25.5,25,NaN
25.5,27,NaN
25.5,29,NaN
25.5,31,NaN
25.5,33,NaN
25.5,35,NaN
25.5,37,NaN
25.5,39,NaN
25.5,41,NaN
25.5,43,NaN
25.5,45,NaN
25.5,47,NaN
25.5,49,NaN
25.5,51,NaN
25.5,53,NaN
25.5,55,NaN
25.5,57,25.03237305
25.5,59,25.03237305
25.5,61,NaN
25.5,63,24.93959961
25.5,65,NaN
25.5,67,NaN
25.5,69,NaN
25.5,71,NaN
25.5,73,NaN
25.5,75,NaN
25.5,77,NaN
25.5,79,NaN
25.5,81,NaN
25.5,83,NaN
25.5,85,NaN
25.5,87,NaN
25.5,89,NaN
25.5,91,NaN
25.5,93,NaN
25.5,95,NaN
25.5,97,NaN
25.5,99,NaN
25.5,101,NaN
25.5,103,NaN
25.5,105,NaN
25.5,107,NaN
25.5,109,NaN
25.5,111,NaN
25.5,113,NaN
25.5,115,NaN
25.5,117,NaN
25.5,119,NaN
25.5,121,20.7505127
25.5,123,21.77764282
25.5,125,22.09630737
25.5,127,22.65117798
25.5,129,22.14840088
25.5,131,21.36483154
25.5,133,21.02678833
25.5,135,21.03103027
25.5,137,21.16558228
25.5,139,21.44173584
25.5,141,21.88866577
25.5,143,22.42138062
25.5,145,22.71813354
25.5,147,22.79308472
25.5,149,22.79909668
25.5,151,22.86403809
25.5,153,23.01711426
25.5,155,23.15941772
25.5,157,23.2100769
25.5,159,23.19777832
25.5,161,23.07521973
25.5,163,22.91616211
25.5,165,22.76366577
25.5,167,22.63942871
25.5,169,22.53002319
25.5,171,22.39211426
25.5,173,22.23186646
25.5,175,22.05297241
25.5,177,21.87536011
25.5,179,21.75820313
25.5,181,21.71505127
25.5,183,21.73232422
25.5,185,21.82802734
25.5,187,21.9848877
25.5,189,22.12774048
25.5,191,22.28426514
25.5,193,22.43972168
25.5,195,22.62603149
25.5,197,22.77977905
25.5,199,22.84472046
25.5,201,22.89238892
25.5,203,22.95379028
25.5,205,23.1435791
25.5,207,23.32695923
25.5,209,23.42516479
25.5,211,23.51098022
25.5,213,23.56664429
25.5,215,23.60909424
25.5,217,23.56670532
25.5,219,23.43322144
25.5,221,23.2335144
25.5,223,23.05739746
25.5,225,22.96068726
25.5,227,22.92476807
25.5,229,22.9112793
25.5,231,22.74715576
25.5,233,22.43465576
25.5,235,22.12203369
25.5,237,21.91930542
25.5,239,21.9008728
25.5,241,22.19155273
25.5,243,22.6708313
25.5,245,23.18728027
25.5,247,NaN
25.5,249,NaN
25.5,251,NaN
25.5,253,NaN
25.5,255,NaN
25.5,257,NaN
25.5,259,NaN
25.5,261,NaN
25.5,263,22.8979126
25.5,265,22.67208252
25.5,267,22.52492676
25.5,269,22.85985718
25.5,271,23.12258301
25.5,273,24.37056885
25.5,275,25.16686401
25.5,277,24.45736084
25.5,279,25.13567505
25.5,281,25.73427734
25.5,283,25.90633545
25.5,285,25.37911377
25.5,287,24.93648682
25.5,289,24.51296387
25.5,291,24.46386108
25.5,293,24.80333862
25.5,295,25.01516113
25.5,297,24.9911438
25.5,299,24.86324463
25.5,301,24.75737915
25.5,303,24.60500488
25.5,305,24.46807251
25.5,307,24.35683594
25.5,309,24.2519165
25.5,311,24.13417969
25.5,313,23.962854
25.5,315,23.75893555
25.5,317,23.57171021
25.5,319,23.42485962
25.5,321,23.3159729
25.5,323,23.23116455
25.5,325,23.12243042
25.5,327,22.92998657
25.5,329,22.62783203
25.5,331,22.23082886
25.5,333,21.77184448
25.5,335,21.28862915
25.5,337,20.75811157
25.5,339,20.24749146
25.5,341,19.58724365
25.5,343,18.67739258
25.5,345,NaN
25.5,347,NaN
25.5,349,NaN
25.5,351,NaN
25.5,353,NaN
25.5,355,NaN
25.5,357,NaN
25.5,359,NaN
26.5,1,NaN
26.5,3,NaN
26.5,5,NaN
26.5,7,NaN
26.5,9,NaN
26.5,11,NaN
26.5,13,NaN
26.5,15,NaN
26.5,17,NaN
26.5,19,NaN
26.5,21,NaN
26.5,23,NaN
26.5,25,NaN
26.5,27,NaN
26.5,29,NaN
26.5,31,NaN
26.5,33,NaN
26.5,35,NaN
26.5,37,NaN
26.5,39,NaN
26.5,41,NaN
26.5,43,NaN
26.5,45,NaN
26.5,47,NaN
26.5,49,NaN
26.5,51,NaN
26.5,53,NaN
26.5,55,NaN
26.5,57,NaN
26.5,59,NaN
26.5,61,NaN
26.5,63,NaN
26.5,65,NaN
26.5,67,NaN
26.5,69,NaN
26.5,71,NaN
26.5,73,NaN
26.5,75,NaN
26.5,77,NaN
26.5,79,NaN
26.5,81,NaN
26.5,83,NaN
26.5,85,NaN
26.5,87,NaN
26.5,89,NaN
26.5,91,NaN
26.5,93,NaN
26.5,95,NaN
26.5,97,NaN
26.5,99,NaN
26.5,101,NaN
26.5,103,NaN
26.5,105,NaN
26.5,107,NaN
26.5,109,NaN
26.5,111,NaN
26.5,113,NaN
26.5,115,NaN
26.5,117,NaN
26.5,119,NaN
26.5,121,21.1105896
26.5,123,20.88561401
26.5,125,20.362146
26.5,127,21.63811646
26.5,129,22.03606567
26.5,131,21.80803833
26.5,133,21.44902954
26.5,135,21.11965332
26.5,137,20.93734131
26.5,139,20.89406738
26.5,141,20.93996582
26.5,143,21.16341553
26.5,145,21.4309021
26.5,147,21.56582031
26.5,149,21.57866821
26.5,151,21.63121948
26.5,153,21.78508911
26.5,155,21.91796265
26.5,157,21.96810303
26.5,159,21.96047363
26.5,161,21.83602295
26.5,163,21.67962036
26.5,165,21.5197998
26.5,167,21.40007935
26.5,169,21.29326782
26.5,171,21.14067993
26.5,173,20.96956787
26.5,175,20.79552612
26.5,177,20.62307129
26.5,179,20.47567139
26.5,181,20.37703857
26.5,183,20.34615479
26.5,185,20.38497314
26.5,187,20.46901855
26.5,189,20.56630859
26.5,191,20.69371948
26.5,193,20.83544312
26.5,195,21.04360352
26.5,197,21.23363647
26.5,199,21.37276611
26.5,201,21.51061401
26.5,203,21.64376221
26.5,205,21.89464722
26.5,207,22.12337646
26.5,209,22.27776489
26.5,211,22.4163147
26.5,213,22.52999268
26.5,215,22.66521606
26.5,217,22.73189697
26.5,219,22.70342407
26.5,221,22.57207642
26.5,223,22.4215332
26.5,225,22.31936035
26.5,227,22.30443726
26.5,229,22.32515869
26.5,231,22.14229736
26.5,233,21.78362427
26.5,235,21.43755493
26.5,237,21.26601563
26.5,239,21.34258423
26.5,241,21.73241577
26.5,243,22.32229004
26.5,245,22.79827271
26.5,247,NaN
26.5,249,NaN
26.5,251,NaN
26.5,253,NaN
26.5,255,NaN
26.5,257,NaN
26.5,259,NaN
26.5,261,NaN
26.5,263,22.82647095
26.5,265,22.39873657
26.5,267,22.16167603
26.5,269,22.3520752
26.5,271,22.43413696
26.5,273,23.30275879
26.5,275,23.77504883
26.5,277,23.94463501
26.5,279,NaN
26.5,281,25.64321289
26.5,283,25.43306885
26.5,285,24.70012817
26.5,287,24.21322021
26.5,289,23.60747681
26.5,291,23.45681152
26.5,293,23.86318359
26.5,295,24.16274414
26.5,297,24.19472656
26.5,299,24.1272522
26.5,301,24.10219727
26.5,303,23.98793945
26.5,305,23.86504517
26.5,307,23.76415405
26.5,309,23.66704712
26.5,311,23.54857788
26.5,313,23.39174805
26.5,315,23.215448
26.5,317,23.05413208
26.5,319,22.93584595
26.5,321,22.8661438
26.5,323,22.83501587
26.5,325,22.79644165
26.5,327,22.73070679
26.5,329,22.58703003
26.5,331,22.28652344
26.5,333,21.85558472
26.5,335,21.38915405
26.5,337,20.87160645
26.5,339,20.3177124
26.5,341,19.64022217
26.5,343,18.84304199
26.5,345,18.20812378
26.5,347,NaN
26.5,349,NaN
26.5,351,NaN
26.5,353,NaN
26.5,355,NaN
26.5,357,NaN
26.5,359,NaN
27.5,1,NaN
27.5,3,NaN
27.5,5,NaN
27.5,7,NaN
27.5,9,NaN
27.5,11,NaN
27.5,13,NaN
27.5,15,NaN
27.5,17,NaN
27.5,19,NaN
27.5,21,NaN
27.5,23,NaN
27.5,25,NaN
27.5,27,NaN
27.5,29,NaN
27.5,31,NaN
27.5,33,NaN
27.5,35,NaN
27.5,37,NaN
27.5,39,NaN
27.5,41,NaN
27.5,43,NaN
27.5,45,NaN
27.5,47,NaN
27.5,49,NaN
27.5,51,NaN
27.5,53,NaN
27.5,55,NaN
27.5,57,NaN
27.5,59,NaN
27.5,61,NaN
27.5,63,NaN
27.5,65,NaN
27.5,67,NaN
27.5,69,NaN
27.5,71,NaN
27.5,73,NaN
27.5,75,NaN
27.5,77,NaN
27.5,79,NaN
27.5,81,NaN
27.5,83,NaN
27.5,85,NaN
27.5,87,NaN
27.5,89,NaN
27.5,91,NaN
27.5,93,NaN
27.5,95,NaN
27.5,97,NaN
27.5,99,NaN
27.5,101,NaN
27.5,103,NaN
27.5,105,NaN
27.5,107,NaN
27.5,109,NaN
27.5,111,NaN
27.5,113,NaN
27.5,115,NaN
27.5,117,NaN
27.5,119,NaN
27.5,121,19.83330688
27.5,123,18.68755493
27.5,125,18.61513672
27.5,127,21.24544678
27.5,129,21.89818726
27.5,131,21.91726074
27.5,133,21.74630127
27.5,135,21.38198242
27.5,137,20.98668823
27.5,139,20.69887695
27.5,141,20.48986206
27.5,143,20.44634399
27.5,145,20.54796753
27.5,147,20.61620483
27.5,149,20.58208618
27.5,151,20.58345947
27.5,153,20.68810425
27.5,155,20.79845581
27.5,157,20.86470947
27.5,159,20.89275513
27.5,161,20.81292114
27.5,163,20.69030151
27.5,165,20.52950439
27.5,167,20.39058838
27.5,169,20.25548706
27.5,171,20.06932983
27.5,173,19.88170776
27.5,175,19.71523438
27.5,177,19.55074463
27.5,179,19.38271484
27.5,181,19.23653564
27.5,183,19.14376221
27.5,185,19.09719238
27.5,187,19.08110962
27.5,189,19.10460815
27.5,191,19.16881714
27.5,193,19.27004395
27.5,195,19.46798096
27.5,197,19.67275391
27.5,199,19.8829895
27.5,201,20.09868774
27.5,203,20.29137573
27.5,205,20.58535156
27.5,207,20.84688721
27.5,209,21.06069336
27.5,211,21.2494751
27.5,213,21.41393433
27.5,215,21.64000854
27.5,217,21.81316528
27.5,219,21.89370117
27.5,221,21.85683594
27.5,223,21.75374756
27.5,225,21.66958008
27.5,227,21.69780884
27.5,229,21.72869263
27.5,231,21.50505981
27.5,233,21.1085144
27.5,235,20.75621948
27.5,237,20.64324341
27.5,239,20.83132324
27.5,241,21.30776367
27.5,243,21.89870605
27.5,245,22.31398926
27.5,247,NaN
27.5,249,NaN
27.5,251,NaN
27.5,253,NaN
27.5,255,NaN
27.5,257,NaN
27.5,259,NaN
27.5,261,NaN
27.5,263,22.7210022
27.5,265,20.94924316
27.5,267,20.88482056
27.5,269,21.43505249
27.5,271,21.60680542
27.5,273,22.39956055
27.5,275,22.32360229
27.5,277,21.05825195
27.5,279,NaN
27.5,281,25.35131226
27.5,283,24.65175781
27.5,285,23.7859436
27.5,287,23.38314209
27.5,289,22.91271362
27.5,291,22.7859436
27.5,293,23.05672607
27.5,295,23.29558716
27.5,297,23.35616455
27.5,299,23.33919678
27.5,301,23.36205444
27.5,303,23.28023682
27.5,305,23.17046509
27.5,307,23.06740723
27.5,309,22.98317871
27.5,311,22.88692627
27.5,313,22.75423584
27.5,315,22.60714111
27.5,317,22.46862183
27.5,319,22.36138306
27.5,321,22.3088623
27.5,323,22.30587158
27.5,325,22.31987915
27.5,327,22.36278687
27.5,329,22.36525879
27.5,331,22.19503174
27.5,333,21.85582886
27.5,335,21.44671021
27.5,337,20.96239624
27.5,339,20.40700684
27.5,341,19.72405396
27.5,343,18.97850952
27.5,345,18.28121338
27.5,347,NaN
27.5,349,NaN
27.5,351,NaN
27.5,353,NaN
27.5,355,NaN
27.5,357,NaN
27.5,359,NaN
28.5,1,NaN
28.5,3,NaN
28.5,5,NaN
28.5,7,NaN
28.5,9,NaN
28.5,11,NaN
28.5,13,NaN
28.5,15,NaN
28.5,17,NaN
28.5,19,NaN
28.5,21,NaN
28.5,23,NaN
28.5,25,NaN
28.5,27,NaN
28.5,29,NaN
28.5,31,NaN
28.5,33,NaN
28.5,35,NaN
28.5,37,NaN
28.5,39,NaN
28.5,41,NaN
28.5,43,NaN
28.5,45,NaN
28.5,47,NaN
28.5,49,NaN
28.5,51,NaN
28.5,53,NaN
28.5,55,NaN
28.5,57,NaN
28.5,59,NaN
28.5,61,NaN
28.5,63,NaN
28.5,65,NaN
28.5,67,NaN
28.5,69,NaN
28.5,71,NaN
28.5,73,NaN
28.5,75,NaN
28.5,77,NaN
28.5,79,NaN
28.5,81,NaN
28.5,83,NaN
28.5,85,NaN
28.5,87,NaN
28.5,89,NaN
28.5,91,NaN
28.5,93,NaN
28.5,95,NaN
28.5,97,NaN
28.5,99,NaN
28.5,101,NaN
28.5,103,NaN
28.5,105,NaN
28.5,107,NaN
28.5,109,NaN
28.5,111,NaN
28.5,113,NaN
28.5,115,NaN
28.5,117,NaN
28.5,119,NaN
28.5,121,NaN
28.5,123,14.89086304
28.5,125,16.51888428
28.5,127,21.23800049
28.5,129,21.69155273
28.5,131,21.68389282
28.5,133,21.85195313
28.5,135,21.72200928
28.5,137,21.24727783
28.5,139,20.81920776
28.5,141,20.49581299
28.5,143,20.22713623
28.5,145,20.06646118
28.5,147,19.97481689
28.5,149,19.84902344
28.5,151,19.76213989
28.5,153,19.7663208
28.5,155,19.82961426
28.5,157,19.91387329
28.5,159,19.99431763
28.5,161,19.99544678
28.5,163,19.93609009
28.5,165,19.78258667
28.5,167,19.60839233
28.5,169,19.42147217
28.5,171,19.18474731
28.5,173,18.97237549
28.5,175,18.81218872
28.5,177,18.65581665
28.5,179,18.47295532
28.5,181,18.28569946
28.5,183,18.12310181
28.5,185,17.96987305
28.5,187,17.82879028
28.5,189,17.75518188
28.5,191,17.72561035
28.5,193,17.76009521
28.5,195,17.91399536
28.5,197,18.103479
28.5,199,18.37767944
28.5,201,18.65664063
28.5,203,18.89360962
28.5,205,19.21361694
28.5,207,19.49584351
28.5,209,19.77446899
28.5,211,20.01033936
28.5,213,20.21859131
28.5,215,20.53585205
28.5,217,20.81194458
28.5,219,21.00686035
28.5,221,21.09383545
28.5,223,21.06295166
28.5,225,21.01687012
28.5,227,21.1098877
28.5,229,21.12639771
28.5,231,20.83223877
28.5,233,20.39989624
28.5,235,20.06307373
28.5,237,20.03661499
28.5,239,20.36126099
28.5,241,20.91790161
28.5,243,21.41832886
28.5,245,NaN
28.5,247,NaN
28.5,249,NaN
28.5,251,NaN
28.5,253,NaN
28.5,255,NaN
28.5,257,NaN
28.5,259,NaN
28.5,261,NaN
28.5,263,NaN
28.5,265,19.81807861
28.5,267,18.8699585
28.5,269,20.20437012
28.5,271,20.68639526
28.5,273,21.68102417
28.5,275,20.84969482
28.5,277,NaN
28.5,279,NaN
28.5,281,24.89949951
28.5,283,23.69042358
28.5,285,22.75908813
28.5,287,22.53807983
28.5,289,22.46398315
28.5,291,22.46349487
28.5,293,22.41784058
28.5,295,22.46257935
28.5,297,22.51937256
28.5,299,22.53386841
28.5,301,22.56871948
28.5,303,22.50817261
28.5,305,22.4059082
28.5,307,22.28505859
28.5,309,22.21434937
28.5,311,22.15697632
28.5,313,22.05697021
28.5,315,21.94289551
28.5,317,21.82473145
28.5,319,21.70946655
28.5,321,21.6496521
28.5,323,21.64464722
28.5,325,21.68764648
28.5,327,21.82006226
28.5,329,21.9581543
28.5,331,21.94896851
28.5,333,21.75872192
28.5,335,21.44619141
28.5,337,21.02245483
28.5,339,20.50664673
28.5,341,19.83287964
28.5,343,19.10140381
28.5,345,18.3802124
28.5,347,17.64464722
28.5,349,17.14443359
28.5,351,NaN
28.5,353,NaN
28.5,355,NaN
28.5,357,NaN
28.5,359,NaN
29.5,1,NaN
29.5,3,NaN
29.5,5,NaN
29.5,7,NaN
29.5,9,NaN
29.5,11,NaN
29.5,13,NaN
29.5,15,NaN
29.5,17,NaN
29.5,19,NaN
29.5,21,NaN
29.5,23,NaN
29.5,25,NaN
29.5,27,NaN
29.5,29,NaN
29.5,31,NaN
29.5,33,NaN
29.5,35,NaN
29.5,37,NaN
29.5,39,NaN
29.5,41,NaN
29.5,43,NaN
29.5,45,NaN
29.5,47,NaN
29.5,49,NaN
29.5,51,NaN
29.5,53,NaN
29.5,55,NaN
29.5,57,NaN
29.5,59,NaN
29.5,61,NaN
29.5,63,NaN
29.5,65,NaN
29.5,67,NaN
29.5,69,NaN
29.5,71,NaN
29.5,73,NaN
29.5,75,NaN
29.5,77,NaN
29.5,79,NaN
29.5,81,NaN
29.5,83,NaN
29.5,85,NaN
29.5,87,NaN
29.5,89,NaN
29.5,91,NaN
29.5,93,NaN
29.5,95,NaN
29.5,97,NaN
29.5,99,NaN
29.5,101,NaN
29.5,103,NaN
29.5,105,NaN
29.5,107,NaN
29.5,109,NaN
29.5,111,NaN
29.5,113,NaN
29.5,115,NaN
29.5,117,NaN
29.5,119,NaN
29.5,121,NaN
29.5,123,8.417993164
29.5,125,12.49343262
29.5,127,19.74764404
29.5,129,21.1847168
29.5,131,20.94106445
29.5,133,21.19732056
29.5,135,21.51958618
29.5,137,21.38982544
29.5,139,21.09862671
29.5,141,20.74398193
29.5,143,20.35372314
29.5,145,20.04799805
29.5,147,19.8348938
29.5,149,19.60750732
29.5,151,19.40859375
29.5,153,19.26595459
29.5,155,19.19118652
29.5,157,19.17635498
29.5,159,19.20964966
29.5,161,19.23754272
29.5,163,19.23748169
29.5,165,19.13768921
29.5,167,18.98421631
29.5,169,18.784021
29.5,171,18.51937256
29.5,173,18.25960693
29.5,175,18.04497681
29.5,177,17.84032593
29.5,179,17.61641846
29.5,181,17.39327393
29.5,183,17.181604
29.5,185,16.95812378
29.5,187,16.72509155
29.5,189,16.5508667
29.5,191,16.43413696
29.5,193,16.38445435
29.5,195,16.4296814
29.5,197,16.53084717
29.5,199,16.78121338
29.5,201,17.07375488
29.5,203,17.33361206
29.5,205,17.68837891
29.5,207,18.02718506
29.5,209,18.35808716
29.5,211,18.64669189
29.5,213,18.94161377
29.5,215,19.35115967
29.5,217,19.7098938
29.5,219,20.0201355
29.5,221,20.26381836
29.5,223,20.37316284
29.5,225,20.4135376
29.5,227,20.53554688
29.5,229,20.48064575
29.5,231,20.07662354
29.5,233,19.59795532
29.5,235,19.2942749
29.5,237,19.37618408
29.5,239,19.85952148
29.5,241,20.49291382
29.5,243,20.94466553
29.5,245,NaN
29.5,247,NaN
29.5,249,NaN
29.5,251,NaN
29.5,253,NaN
29.5,255,NaN
29.5,257,NaN
29.5,259,NaN
29.5,261,NaN
29.5,263,NaN
29.5,265,NaN
29.5,267,NaN
29.5,269,NaN
29.5,271,NaN
29.5,273,21.31383667
29.5,275,20.31435547
29.5,277,NaN
29.5,279,NaN
29.5,281,24.76778564
29.5,283,23.81664429
29.5,285,22.63030396
29.5,287,22.2361084
29.5,289,22.33590088
29.5,291,22.40230713
29.5,293,22.18892822
29.5,295,22.02007446
29.5,297,21.94863281
29.5,299,21.89266357
29.5,301,21.87191162
29.5,303,21.79055176
29.5,305,21.66747437
29.5,307,21.5229126
29.5,309,21.42891846
29.5,311,21.37200317
29.5,313,21.31051025
29.5,315,21.24517212
29.5,317,21.14708862
29.5,319,21.01183472
29.5,321,20.91503296
29.5,323,20.8711792
29.5,325,20.92608032
29.5,327,21.12124023
29.5,329,21.35686646
29.5,331,21.50176392
29.5,333,21.47988281
29.5,335,21.31520996
29.5,337,21.03444824
29.5,339,20.65917358
29.5,341,20.11693726
29.5,343,19.45284424
29.5,345,18.70549927
29.5,347,17.9135376
29.5,349,17.418573
29.5,351,NaN
29.5,353,NaN
29.5,355,NaN
29.5,357,NaN
29.5,359,NaN
30.5,1,NaN
30.5,3,NaN
30.5,5,NaN
30.5,7,NaN
30.5,9,NaN
30.5,11,NaN
30.5,13,NaN
30.5,15,NaN
30.5,17,NaN
30.5,19,18.92922363
30.5,21,NaN
30.5,23,NaN
30.5,25,NaN
30.5,27,NaN
30.5,29,NaN
30.5,31,NaN
30.5,33,NaN
30.5,35,NaN
30.5,37,NaN
30.5,39,NaN
30.5,41,NaN
30.5,43,NaN
30.5,45,NaN
30.5,47,NaN
30.5,49,NaN
30.5,51,NaN
30.5,53,NaN
30.5,55,NaN
30.5,57,NaN
30.5,59,NaN
30.5,61,NaN
30.5,63,NaN
30.5,65,NaN
30.5,67,NaN
30.5,69,NaN
30.5,71,NaN
30.5,73,NaN
30.5,75,NaN
30.5,77,NaN
30.5,79,NaN
30.5,81,NaN
30.5,83,NaN
30.5,85,NaN
30.5,87,NaN
30.5,89,NaN
30.5,91,NaN
30.5,93,NaN
30.5,95,NaN
30.5,97,NaN
30.5,99,NaN
30.5,101,NaN
30.5,103,NaN
30.5,105,NaN
30.5,107,NaN
30.5,109,NaN
30.5,111,NaN
30.5,113,NaN
30.5,115,NaN
30.5,117,NaN
30.5,119,NaN
30.5,121,NaN
30.5,123,4.278222656
30.5,125,9.926904297
30.5,127,18.16170654
30.5,129,20.31304321
30.5,131,19.61696777
30.5,133,20.15044556
30.5,135,20.99749146
30.5,137,21.29458008
30.5,139,21.22719727
30.5,141,20.9520813
30.5,143,20.52687988
30.5,145,20.13930664
30.5,147,19.84682617
30.5,149,19.56188354
30.5,151,19.2907959
30.5,153,19.01229248
30.5,155,18.7713562
30.5,157,18.60192261
30.5,159,18.52694092
30.5,161,18.53240356
30.5,163,18.56731567
30.5,165,18.52886353
30.5,167,18.42299805
30.5,169,18.24138794
30.5,171,17.97545776
30.5,173,17.67223511
30.5,175,17.38601074
30.5,177,17.11104736
30.5,179,16.83141479
30.5,181,16.57021484
30.5,183,16.31850586
30.5,185,16.04604492
30.5,187,15.7383667
30.5,189,15.46517334
30.5,191,15.26918945
30.5,193,15.13948975
30.5,195,15.06688843
30.5,197,15.05666504
30.5,199,15.23973999
30.5,201,15.50734863
30.5,203,15.75841675
30.5,205,16.12685547
30.5,207,16.52044067
30.5,209,16.89589844
30.5,211,17.23397217
30.5,213,17.61867676
30.5,215,18.10308228
30.5,217,18.52141724
30.5,219,18.94234619
30.5,221,19.36040649
30.5,223,19.6463562
30.5,225,19.8053833
30.5,227,19.96172485
30.5,229,19.8232666
30.5,231,19.30062256
30.5,233,18.78045044
30.5,235,18.52529297
30.5,237,18.73128662
30.5,239,19.36791382
30.5,241,20.04802856
30.5,243,20.28612671
30.5,245,NaN
30.5,247,NaN
30.5,249,NaN
30.5,251,NaN
30.5,253,NaN
30.5,255,NaN
30.5,257,NaN
30.5,259,NaN
30.5,261,NaN
30.5,263,NaN
30.5,265,NaN
30.5,267,NaN
30.5,269,NaN
30.5,271,NaN
30.5,273,NaN
30.5,275,NaN
30.5,277,NaN
30.5,279,NaN
30.5,281,24.51027832
30.5,283,24.15456543
30.5,285,22.92992554
30.5,287,22.33132324
30.5,289,22.44292603
30.5,291,22.51030884
30.5,293,22.19841919
30.5,295,21.83638916
30.5,297,21.59703979
30.5,299,21.42363892
30.5,301,21.30883179
30.5,303,21.17781982
30.5,305,21.01625977
30.5,307,20.83971558
30.5,309,20.70028076
30.5,311,20.61333618
30.5,313,20.57198486
30.5,315,20.54836426
30.5,317,20.47069702
30.5,319,20.31484375
30.5,321,20.16222534
30.5,323,20.04088745
30.5,325,20.06456909
30.5,327,20.27456055
30.5,329,20.56817017
30.5,331,20.85454712
30.5,333,21.00322876
30.5,335,21.00267944
30.5,337,20.90270386
30.5,339,20.71871338
30.5,341,20.36828003
30.5,343,19.8237854
30.5,345,19.09606323
30.5,347,18.35094604
30.5,349,17.5956665
30.5,351,NaN
30.5,353,NaN
30.5,355,NaN
30.5,357,NaN
30.5,359,NaN
31.5,1,NaN
31.5,3,NaN
31.5,5,NaN
31.5,7,NaN
31.5,9,NaN
31.5,11,NaN
31.5,13,NaN
31.5,15,NaN
31.5,17,18.24691162
31.5,19,18.60018311
31.5,21,NaN
31.5,23,NaN
31.5,25,NaN
31.5,27,17.43041382
31.5,29,17.11296997
31.5,31,NaN
31.5,33,17.74059448
31.5,35,NaN
31.5,37,NaN
31.5,39,NaN
31.5,41,NaN
31.5,43,NaN
31.5,45,NaN
31.5,47,NaN
31.5,49,NaN
31.5,51,NaN
31.5,53,NaN
31.5,55,NaN
31.5,57,NaN
31.5,59,NaN
31.5,61,NaN
31.5,63,NaN
31.5,65,NaN
31.5,67,NaN
31.5,69,NaN
31.5,71,NaN
31.5,73,NaN
31.5,75,NaN
31.5,77,NaN
31.5,79,NaN
31.5,81,NaN
31.5,83,NaN
31.5,85,NaN
31.5,87,NaN
31.5,89,NaN
31.5,91,NaN
31.5,93,NaN
31.5,95,NaN
31.5,97,NaN
31.5,99,NaN
31.5,101,NaN
31.5,103,NaN
31.5,105,NaN
31.5,107,NaN
31.5,109,NaN
31.5,111,NaN
31.5,113,NaN
31.5,115,NaN
31.5,117,NaN
31.5,119,NaN
31.5,121,NaN
31.5,123,7.714135742
31.5,125,12.67943726
31.5,127,17.16774902
31.5,129,18.83529053
31.5,131,19.09273682
31.5,133,19.86922607
31.5,135,20.23140869
31.5,137,20.73162231
31.5,139,20.79180298
31.5,141,20.76830444
31.5,143,20.37947998
31.5,145,19.92931519
31.5,147,19.62120972
31.5,149,19.4157959
31.5,151,19.21383057
31.5,153,18.88652954
31.5,155,18.50441895
31.5,157,18.16329346
31.5,159,17.92922363
31.5,161,17.82692871
31.5,163,17.81713257
31.5,165,17.79293213
31.5,167,17.74160156
31.5,169,17.63118896
31.5,171,17.42281494
31.5,173,17.12883911
31.5,175,16.8114563
31.5,177,16.47973022
31.5,179,16.1296936
31.5,181,15.80291138
31.5,183,15.49880371
31.5,185,15.19237671
31.5,187,14.8170105
31.5,189,14.44744263
31.5,191,14.18856201
31.5,193,14.02501831
31.5,195,13.9303833
31.5,197,13.87124023
31.5,199,13.97634277
31.5,201,14.16896973
31.5,203,14.34035645
31.5,205,14.64269409
31.5,207,15.04198608
31.5,209,15.45824585
31.5,211,15.83254395
31.5,213,16.26137695
31.5,215,16.7605835
31.5,217,17.19716797
31.5,219,17.72051392
31.5,221,18.32399902
31.5,223,18.80718384
31.5,225,19.11669312
31.5,227,19.35994873
31.5,229,19.17174683
31.5,231,18.55007324
31.5,233,18.00866089
31.5,235,17.81817017
31.5,237,18.17476807
31.5,239,18.93364868
31.5,241,19.56548462
31.5,243,20.05046997
31.5,245,NaN
31.5,247,NaN
31.5,249,NaN
31.5,251,NaN
31.5,253,NaN
31.5,255,NaN
31.5,257,NaN
31.5,259,NaN
31.5,261,NaN
31.5,263,NaN
31.5,265,NaN
31.5,267,NaN
31.5,269,NaN
31.5,271,NaN
31.5,273,NaN
31.5,275,NaN
31.5,277,NaN
31.5,279,NaN
31.5,281,23.44979248
31.5,283,23.87426147
31.5,285,23.53417358
31.5,287,23.00222168
31.5,289,22.7315918
31.5,291,22.62249146
31.5,293,22.3166748
31.5,295,21.86977539
31.5,297,21.48757324
31.5,299,21.19182739
31.5,301,20.97268066
31.5,303,20.76610718
31.5,305,20.5581604
31.5,307,20.34594116
31.5,309,20.14986572
31.5,311,19.98989258
31.5,313,19.90197144
31.5,315,19.8817688
31.5,317,19.84172974
31.5,319,19.69994507
31.5,321,19.48082886
31.5,323,19.21636353
31.5,325,19.09725342
31.5,327,19.22362671
31.5,329,19.5382019
31.5,331,19.95476685
31.5,333,20.23803101
31.5,335,20.35018311
31.5,337,20.40984497
31.5,339,20.40603027
31.5,341,20.2368103
31.5,343,19.91207275
31.5,345,19.38359985
31.5,347,18.76235352
31.5,349,17.97005615
31.5,351,NaN
31.5,353,NaN
31.5,355,NaN
31.5,357,NaN
31.5,359,NaN
32.5,1,NaN
32.5,3,NaN
32.5,5,NaN
32.5,7,NaN
32.5,9,NaN
32.5,11,NaN
32.5,13,NaN
32.5,15,17.79406128
32.5,17,17.69759521
32.5,19,17.89370117
32.5,21,NaN
32.5,23,17.44197998
32.5,25,17.48150024
32.5,27,17.65636597
32.5,29,18.0100647
32.5,31,18.12853394
32.5,33,18.06313477
32.5,35,18.30639038
32.5,37,NaN
32.5,39,NaN
32.5,41,NaN
32.5,43,NaN
32.5,45,NaN
32.5,47,NaN
32.5,49,NaN
32.5,51,NaN
32.5,53,NaN
32.5,55,NaN
32.5,57,NaN
32.5,59,NaN
32.5,61,NaN
32.5,63,NaN
32.5,65,NaN
32.5,67,NaN
32.5,69,NaN
32.5,71,NaN
32.5,73,NaN
32.5,75,NaN
32.5,77,NaN
32.5,79,NaN
32.5,81,NaN
32.5,83,NaN
32.5,85,NaN
32.5,87,NaN
32.5,89,NaN
32.5,91,NaN
32.5,93,NaN
32.5,95,NaN
32.5,97,NaN
32.5,99,NaN
32.5,101,NaN
32.5,103,NaN
32.5,105,NaN
32.5,107,NaN
32.5,109,NaN
32.5,111,NaN
32.5,113,NaN
32.5,115,NaN
32.5,117,NaN
32.5,119,NaN
32.5,121,NaN
32.5,123,9.313989258
32.5,125,13.4477478
32.5,127,16.38436279
32.5,129,17.41680298
32.5,131,NaN
32.5,133,19.16170654
32.5,135,19.5894104
32.5,137,19.82268677
32.5,139,19.87084351
32.5,141,20.11589966
32.5,143,19.83492432
32.5,145,19.37346802
32.5,147,19.01873169
32.5,149,18.87874756
32.5,151,18.81191406
32.5,153,18.53930054
32.5,155,18.11455688
32.5,157,17.66491089
32.5,159,17.29876099
32.5,161,17.08522949
32.5,163,17.00475464
32.5,165,16.96480713
32.5,167,16.94085083
32.5,169,16.88436279
32.5,171,16.72744141
32.5,173,16.45073853
32.5,175,16.12203369
32.5,177,15.76104126
32.5,179,15.37011108
32.5,181,14.99779663
32.5,183,14.65761719
32.5,185,14.3244873
32.5,187,13.89269409
32.5,189,13.45736084
32.5,191,13.16045532
32.5,193,12.98162231
32.5,195,12.89116821
32.5,197,12.81005249
32.5,199,12.8543335
32.5,201,12.98928223
32.5,203,13.09203491
32.5,205,13.30629883
32.5,207,13.67461548
32.5,209,14.11416016
32.5,211,14.52077637
32.5,213,14.97692261
32.5,215,15.47719727
32.5,217,15.92727051
32.5,219,16.51998291
32.5,221,17.24447021
32.5,223,17.8852478
32.5,225,18.35460815
32.5,227,18.7038208
32.5,229,18.51687012
32.5,231,17.86831055
32.5,233,17.34032593
32.5,235,17.2239624
32.5,237,17.69393311
32.5,239,18.45482788
32.5,241,18.9578186
32.5,243,NaN
32.5,245,NaN
32.5,247,NaN
32.5,249,NaN
32.5,251,NaN
32.5,253,NaN
32.5,255,NaN
32.5,257,NaN
32.5,259,NaN
32.5,261,NaN
32.5,263,NaN
32.5,265,NaN
32.5,267,NaN
32.5,269,NaN
32.5,271,NaN
32.5,273,NaN
32.5,275,NaN
32.5,277,NaN
32.5,279,NaN
32.5,281,21.92385254
32.5,283,22.79342041
32.5,285,23.30022583
32.5,287,23.12310181
32.5,289,22.73833618
32.5,291,22.54778442
32.5,293,22.30166016
32.5,295,21.87069092
32.5,297,21.42855225
32.5,299,21.04894409
32.5,301,20.74569092
32.5,303,20.47384033
32.5,305,20.22744141
32.5,307,19.99175415
32.5,309,19.75597534
32.5,311,19.52337036
32.5,313,19.36080322
32.5,315,19.28688965
32.5,317,19.24263916
32.5,319,19.1289917
32.5,321,18.88555298
32.5,323,18.5236145
32.5,325,18.27224121
32.5,327,18.2418457
32.5,329,18.46856079
32.5,331,18.92336426
32.5,333,19.31124268
32.5,335,19.55327759
32.5,337,19.75975952
32.5,339,19.90038452
32.5,341,19.87133179
32.5,343,19.72744141
32.5,345,19.38448486
32.5,347,18.86928711
32.5,349,18.09731445
32.5,351,NaN
32.5,353,NaN
32.5,355,NaN
32.5,357,NaN
32.5,359,NaN
33.5,1,NaN
33.5,3,NaN
33.5,5,NaN
33.5,7,NaN
33.5,9,NaN
33.5,11,NaN
33.5,13,17.07058105
33.5,15,17.34176025
33.5,17,16.8923584
33.5,19,17.06350098
33.5,21,17.06780396
33.5,23,17.12035522
33.5,25,17.11483154
33.5,27,17.29555664
33.5,29,17.44686279
33.5,31,17.42949829
33.5,33,17.52913818
33.5,35,18.05782471
33.5,37,NaN
33.5,39,NaN
33.5,41,NaN
33.5,43,NaN
33.5,45,NaN
33.5,47,NaN
33.5,49,NaN
33.5,51,NaN
33.5,53,NaN
33.5,55,NaN
33.5,57,NaN
33.5,59,NaN
33.5,61,NaN
33.5,63,NaN
33.5,65,NaN
33.5,67,NaN
33.5,69,NaN
33.5,71,NaN
33.5,73,NaN
33.5,75,NaN
33.5,77,NaN
33.5,79,NaN
33.5,81,NaN
33.5,83,NaN
33.5,85,NaN
33.5,87,NaN
33.5,89,NaN
33.5,91,NaN
33.5,93,NaN
33.5,95,NaN
33.5,97,NaN
33.5,99,NaN
33.5,101,NaN
33.5,103,NaN
33.5,105,NaN
33.5,107,NaN
33.5,109,NaN
33.5,111,NaN
33.5,113,NaN
33.5,115,NaN
33.5,117,NaN
33.5,119,NaN
33.5,121,6.877709961
33.5,123,8.919030762
33.5,125,11.84020386
33.5,127,12.53237305
33.5,129,16.27996216
33.5,131,NaN
33.5,133,NaN
33.5,135,NaN
33.5,137,18.57720337
33.5,139,18.47182617
33.5,141,19.02279053
33.5,143,18.91185913
33.5,145,18.46181641
33.5,147,17.97130737
33.5,149,17.84328613
33.5,151,17.97265015
33.5,153,17.86327515
33.5,155,17.51262817
33.5,157,17.03722534
33.5,159,16.58544312
33.5,161,16.27868042
33.5,163,16.11220703
33.5,165,16.02779541
33.5,167,15.98842773
33.5,169,15.94381104
33.5,171,15.80999146
33.5,173,15.54256592
33.5,175,15.21782837
33.5,177,14.86538086
33.5,179,14.48449097
33.5,181,14.10305176
33.5,183,13.75463257
33.5,185,13.39940796
33.5,187,12.91671143
33.5,189,12.45812378
33.5,191,12.15374146
33.5,193,11.96883545
33.5,195,11.89727173
33.5,197,11.81911621
33.5,199,11.82940063
33.5,201,11.95552979
33.5,203,12.03566895
33.5,205,12.14315186
33.5,207,12.43847046
33.5,209,12.88488159
33.5,211,13.3276001
33.5,213,13.80059204
33.5,215,14.29311523
33.5,217,14.75884399
33.5,219,15.37859497
33.5,221,16.13289795
33.5,223,16.87624512
33.5,225,17.51848755
33.5,227,17.99239502
33.5,229,17.85421143
33.5,231,17.26027832
33.5,233,16.78240356
33.5,235,16.7505127
33.5,237,17.30144653
33.5,239,17.91509399
33.5,241,18.6710144
33.5,243,NaN
33.5,245,NaN
33.5,247,NaN
33.5,249,NaN
33.5,251,NaN
33.5,253,NaN
33.5,255,NaN
33.5,257,NaN
33.5,259,NaN
33.5,261,NaN
33.5,263,NaN
33.5,265,NaN
33.5,267,NaN
33.5,269,NaN
33.5,271,NaN
33.5,273,NaN
33.5,275,NaN
33.5,277,NaN
33.5,279,NaN
33.5,281,NaN
33.5,283,20.82769165
33.5,285,22.04845581
33.5,287,22.51931152
33.5,289,22.34862671
33.5,291,22.20418701
33.5,293,22.07457886
33.5,295,21.76943359
33.5,297,21.36580811
33.5,299,20.9522644
33.5,301,20.59304199
33.5,303,20.27559814
33.5,305,20.00542603
33.5,307,19.76964722
33.5,309,19.52816162
33.5,311,19.23647461
33.5,313,18.97683105
33.5,315,18.76897583
33.5,317,18.6524292
33.5,319,18.59429321
33.5,321,18.40322266
33.5,323,18.03933105
33.5,325,17.71801147
33.5,327,17.43657837
33.5,329,17.41002808
33.5,331,17.77398071
33.5,333,18.25032959
33.5,335,18.68538818
33.5,337,19.02453003
33.5,339,19.2473999
33.5,341,19.2836853
33.5,343,19.22307739
33.5,345,18.99520264
33.5,347,18.53273926
33.5,349,17.86019287
33.5,351,17.44152222
33.5,353,NaN
33.5,355,NaN
33.5,357,NaN
33.5,359,NaN
34.5,1,15.65871582
34.5,3,NaN
34.5,5,NaN
34.5,7,NaN
34.5,9,NaN
34.5,11,NaN
34.5,13,16.67556152
34.5,15,16.42659912
34.5,17,16.05623779
34.5,19,16.27993164
34.5,21,16.56429443
34.5,23,16.56682739
34.5,25,16.35601196
34.5,27,16.51543579
34.5,29,16.5597168
34.5,31,16.55132446
34.5,33,16.80462036
34.5,35,17.38787231
34.5,37,NaN
34.5,39,NaN
34.5,41,NaN
34.5,43,NaN
34.5,45,NaN
34.5,47,NaN
34.5,49,NaN
34.5,51,NaN
34.5,53,NaN
34.5,55,NaN
34.5,57,NaN
34.5,59,NaN
34.5,61,NaN
34.5,63,NaN
34.5,65,NaN
34.5,67,NaN
34.5,69,NaN
34.5,71,NaN
34.5,73,NaN
34.5,75,NaN
34.5,77,NaN
34.5,79,NaN
34.5,81,NaN
34.5,83,NaN
34.5,85,NaN
34.5,87,NaN
34.5,89,NaN
34.5,91,NaN
34.5,93,NaN
34.5,95,NaN
34.5,97,NaN
34.5,99,NaN
34.5,101,NaN
34.5,103,NaN
34.5,105,NaN
34.5,107,NaN
34.5,109,NaN
34.5,111,NaN
34.5,113,NaN
34.5,115,NaN
34.5,117,NaN
34.5,119,NaN
34.5,121,6.941278076
34.5,123,7.924615479
34.5,125,7.015161133
34.5,127,10.09389648
34.5,129,16.1803833
34.5,131,15.55996094
34.5,133,NaN
34.5,135,NaN
34.5,137,NaN
34.5,139,17.67901001
34.5,141,17.88796387
34.5,143,18.04934082
34.5,145,17.52782593
34.5,147,16.79570923
34.5,149,16.64574585
34.5,151,16.91161499
34.5,153,16.92711792
34.5,155,16.65194092
34.5,157,16.15065918
34.5,159,15.62789307
34.5,161,15.24651489
34.5,163,15.03374634
34.5,165,14.9374939
34.5,167,14.89544067
34.5,169,14.86119995
34.5,171,14.73696289
34.5,173,14.45546875
34.5,175,14.11876831
34.5,177,13.7796875
34.5,179,13.42995605
34.5,181,13.06893311
34.5,183,12.73278198
34.5,185,12.3774353
34.5,187,11.88668213
34.5,189,11.4447876
34.5,191,11.16100464
34.5,193,10.98961792
34.5,195,10.93508301
34.5,197,10.85915527
34.5,199,10.86773071
34.5,201,11.01098022
34.5,203,11.07677612
34.5,205,11.10323486
34.5,207,11.32094727
34.5,209,11.72478638
34.5,211,12.1486145
34.5,213,12.60042725
34.5,215,13.07714233
34.5,217,13.57836304
34.5,219,14.23504028
34.5,221,15.03011475
34.5,223,15.86629639
34.5,225,16.64324341
34.5,227,17.22417603
34.5,229,17.14849243
34.5,231,16.65471802
34.5,233,16.28374634
34.5,235,16.32613525
34.5,237,16.90355835
34.5,239,17.49727783
34.5,241,NaN
34.5,243,NaN
34.5,245,NaN
34.5,247,NaN
34.5,249,NaN
34.5,251,NaN
34.5,253,NaN
34.5,255,NaN
34.5,257,NaN
34.5,259,NaN
34.5,261,NaN
34.5,263,NaN
34.5,265,NaN
34.5,267,NaN
34.5,269,NaN
34.5,271,NaN
34.5,273,NaN
34.5,275,NaN
34.5,277,NaN
34.5,279,NaN
34.5,281,NaN
34.5,283,20.41994629
34.5,285,21.60045776
34.5,287,21.97246704
34.5,289,21.91204224
34.5,291,21.80535278
34.5,293,21.74837646
34.5,295,21.56820068
34.5,297,21.26879272
34.5,299,20.88955078
34.5,301,20.4979187
34.5,303,20.11672363
34.5,305,19.78966675
34.5,307,19.55269775
34.5,309,19.35057983
34.5,311,19.08251343
34.5,313,18.79564819
34.5,315,18.44490967
34.5,317,18.14177856
34.5,319,18.01384888
34.5,321,17.87359009
34.5,323,17.59746704
34.5,325,17.27132568
34.5,327,16.82836304
34.5,329,16.55004272
34.5,331,16.64614258
34.5,333,17.01049194
34.5,335,17.52263794
34.5,337,18.07021484
34.5,339,18.48430786
34.5,341,18.60036621
34.5,343,18.60131226
34.5,345,18.46260986
34.5,347,18.10372314
34.5,349,17.53966675
34.5,351,17.16881714
34.5,353,NaN
34.5,355,NaN
34.5,357,15.46810303
34.5,359,NaN
35.5,1,15.65871582
35.5,3,NaN
35.5,5,NaN
35.5,7,NaN
35.5,9,NaN
35.5,11,16.31682739
35.5,13,16.08403931
35.5,15,15.65133057
35.5,17,15.59874878
35.5,19,15.90154419
35.5,21,16.1586853
35.5,23,15.90761719
35.5,25,15.60115967
35.5,27,15.73800049
35.5,29,15.80846558
35.5,31,15.94896851
35.5,33,16.19280396
35.5,35,16.62987671
35.5,37,NaN
35.5,39,NaN
35.5,41,NaN
35.5,43,NaN
35.5,45,NaN
35.5,47,NaN
35.5,49,NaN
35.5,51,NaN
35.5,53,NaN
35.5,55,NaN
35.5,57,NaN
35.5,59,NaN
35.5,61,NaN
35.5,63,NaN
35.5,65,NaN
35.5,67,NaN
35.5,69,NaN
35.5,71,NaN
35.5,73,NaN
35.5,75,NaN
35.5,77,NaN
35.5,79,NaN
35.5,81,NaN
35.5,83,NaN
35.5,85,NaN
35.5,87,NaN
35.5,89,NaN
35.5,91,NaN
35.5,93,NaN
35.5,95,NaN
35.5,97,NaN
35.5,99,NaN
35.5,101,NaN
35.5,103,NaN
35.5,105,NaN
35.5,107,NaN
35.5,109,NaN
35.5,111,NaN
35.5,113,NaN
35.5,115,NaN
35.5,117,NaN
35.5,119,NaN
35.5,121,6.964562988
35.5,123,7.053887939
35.5,125,4.265771484
35.5,127,NaN
35.5,129,NaN
35.5,131,14.75466309
35.5,133,14.86864624
35.5,135,NaN
35.5,137,NaN
35.5,139,NaN
35.5,141,17.51952515
35.5,143,17.06401978
35.5,145,16.30309448
35.5,147,15.25994263
35.5,149,15.08184204
35.5,151,15.46380005
35.5,153,15.6027771
35.5,155,15.43114624
35.5,157,14.93309937
35.5,159,14.36553345
35.5,161,13.93398438
35.5,163,13.71120605
35.5,165,13.63591919
35.5,167,13.61049805
35.5,169,13.59658203
35.5,171,13.48293457
35.5,173,13.17971191
35.5,175,12.82738647
35.5,177,12.5133606
35.5,179,12.21813354
35.5,181,11.90584717
35.5,183,11.60775146
35.5,185,11.28191528
35.5,187,10.82512817
35.5,189,10.43825684
35.5,191,10.20116577
35.5,193,10.05953369
35.5,195,10.02800903
35.5,197,9.963433838
35.5,199,9.995935059
35.5,201,10.17699585
35.5,203,10.24190674
35.5,205,10.21166382
35.5,207,10.35631714
35.5,209,10.68889771
35.5,211,11.05849609
35.5,213,11.46227417
35.5,215,11.90740356
35.5,217,12.44466553
35.5,219,13.13546143
35.5,221,13.95897827
35.5,223,14.86818848
35.5,225,15.75219116
35.5,227,16.42424927
35.5,229,16.42131958
35.5,231,16.06542358
35.5,233,15.81447754
35.5,235,15.88182983
35.5,237,16.7774292
35.5,239,17.30684814
35.5,241,NaN
35.5,243,NaN
35.5,245,NaN
35.5,247,NaN
35.5,249,NaN
35.5,251,NaN
35.5,253,NaN
35.5,255,NaN
35.5,257,NaN
35.5,259,NaN
35.5,261,NaN
35.5,263,NaN
35.5,265,NaN
35.5,267,NaN
35.5,269,NaN
35.5,271,NaN
35.5,273,NaN
35.5,275,NaN
35.5,277,NaN
35.5,279,NaN
35.5,281,NaN
35.5,283,NaN
35.5,285,21.52495728
35.5,287,21.35802612
35.5,289,21.3795105
35.5,291,21.30175171
35.5,293,21.2852417
35.5,295,21.22155151
35.5,297,21.05974731
35.5,299,20.76714478
35.5,301,20.37813721
35.5,303,19.93630371
35.5,305,19.51799927
35.5,307,19.23119507
35.5,309,19.06047974
35.5,311,18.90743408
35.5,313,18.70980225
35.5,315,18.26442871
35.5,317,17.71804199
35.5,319,17.40853271
35.5,321,17.28664551
35.5,323,17.16228638
35.5,325,16.90392456
35.5,327,16.38884888
35.5,329,15.88814697
35.5,331,15.61101685
35.5,333,15.71242676
35.5,335,16.17711792
35.5,337,16.93544922
35.5,339,17.60622559
35.5,341,17.82937012
35.5,343,17.88549194
35.5,345,17.82012329
35.5,347,17.60262451
35.5,349,17.18642578
35.5,351,17.05358276
35.5,353,15.28823242
35.5,355,15.28823242
35.5,357,15.53063354
35.5,359,15.65871582
36.5,1,15.87212524
36.5,3,16.0616394
36.5,5,NaN
36.5,7,NaN
36.5,9,NaN
36.5,11,16.15001831
36.5,13,15.49334106
36.5,15,15.21831665
36.5,17,15.52605591
36.5,19,15.88778076
36.5,21,16.03484497
36.5,23,15.43883667
36.5,25,14.99413452
36.5,27,15.27874146
36.5,29,15.55748901
36.5,31,15.94613037
36.5,33,NaN
36.5,35,NaN
36.5,37,NaN
36.5,39,NaN
36.5,41,NaN
36.5,43,NaN
36.5,45,NaN
36.5,47,NaN
36.5,49,NaN
36.5,51,NaN
36.5,53,NaN
36.5,55,NaN
36.5,57,NaN
36.5,59,NaN
36.5,61,NaN
36.5,63,NaN
36.5,65,NaN
36.5,67,NaN
36.5,69,NaN
36.5,71,NaN
36.5,73,NaN
36.5,75,NaN
36.5,77,NaN
36.5,79,NaN
36.5,81,NaN
36.5,83,NaN
36.5,85,NaN
36.5,87,NaN
36.5,89,NaN
36.5,91,NaN
36.5,93,NaN
36.5,95,NaN
36.5,97,NaN
36.5,99,NaN
36.5,101,NaN
36.5,103,NaN
36.5,105,NaN
36.5,107,NaN
36.5,109,NaN
36.5,111,NaN
36.5,113,NaN
36.5,115,NaN
36.5,117,NaN
36.5,119,NaN
36.5,121,NaN
36.5,123,6.628839111
36.5,125,4.393609619
36.5,127,NaN
36.5,129,NaN
36.5,131,12.19283447
36.5,133,12.74227295
36.5,135,13.12453613
36.5,137,13.5057312
36.5,139,NaN
36.5,141,NaN
36.5,143,15.79384766
36.5,145,14.5407959
36.5,147,13.11062012
36.5,149,12.92867432
36.5,151,13.42128906
36.5,153,13.6869751
36.5,155,13.66564331
36.5,157,13.21328125
36.5,159,12.6166626
36.5,161,12.15007935
36.5,163,11.95238647
36.5,165,11.93139038
36.5,167,11.95757446
36.5,169,11.99535522
36.5,171,11.91613159
36.5,173,11.62523804
36.5,175,11.29207764
36.5,177,11.03859863
36.5,179,10.82320557
36.5,181,10.59069214
36.5,183,10.37786255
36.5,185,10.1456543
36.5,187,9.785058594
36.5,189,9.482629395
36.5,191,9.308862305
36.5,193,9.205987549
36.5,195,9.222009277
36.5,197,9.21831665
36.5,199,9.29430542
36.5,201,9.491052246
36.5,203,9.564172363
36.5,205,9.529962158
36.5,207,9.631158447
36.5,209,9.879785156
36.5,211,10.16954956
36.5,213,10.50524292
36.5,215,10.87993774
36.5,217,11.4117981
36.5,219,12.11577759
36.5,221,12.92559204
36.5,223,13.87246094
36.5,225,14.84145508
36.5,227,15.58382568
36.5,229,15.66680298
36.5,231,15.50078735
36.5,233,15.34517822
36.5,235,15.31841431
36.5,237,16.01708374
36.5,239,NaN
36.5,241,NaN
36.5,243,NaN
36.5,245,NaN
36.5,247,NaN
36.5,249,NaN
36.5,251,NaN
36.5,253,NaN
36.5,255,NaN
36.5,257,NaN
36.5,259,NaN
36.5,261,NaN
36.5,263,NaN
36.5,265,NaN
36.5,267,NaN
36.5,269,NaN
36.5,271,NaN
36.5,273,NaN
36.5,275,NaN
36.5,277,NaN
36.5,279,NaN
36.5,281,NaN
36.5,283,NaN
36.5,285,20.50817261
36.5,287,20.54454956
36.5,289,20.70940552
36.5,291,20.65715942
36.5,293,20.62886963
36.5,295,20.63164673
36.5,297,20.58654175
36.5,299,20.42199097
36.5,301,20.09957275
36.5,303,19.65023193
36.5,305,19.1135498
36.5,307,18.60311279
36.5,309,18.28582153
36.5,311,18.40187988
36.5,313,18.52425537
36.5,315,18.17220459
36.5,317,17.50777588
36.5,319,16.85805664
36.5,321,16.56182251
36.5,323,16.55358276
36.5,325,16.44945679
36.5,327,16.00310669
36.5,329,15.46257935
36.5,331,15.00765381
36.5,333,14.84740601
36.5,335,15.01494751
36.5,337,15.62981567
36.5,339,16.47786865
36.5,341,16.96392212
36.5,343,17.13033447
36.5,345,17.13204346
36.5,347,17.09786377
36.5,349,16.92144165
36.5,351,16.51088867
36.5,353,15.84414063
36.5,355,15.30651245
36.5,357,15.28719482
36.5,359,15.44567261
37.5,1,15.67904053
37.5,3,16.17220459
37.5,5,16.39745483
37.5,7,16.16378174
37.5,9,16.02279053
37.5,11,15.95296631
37.5,13,15.44191895
37.5,15,15.23876343
37.5,17,15.5708252
37.5,19,15.92736206
37.5,21,16.14693604
37.5,23,NaN
37.5,25,14.0644165
37.5,27,14.69265137
37.5,29,NaN
37.5,31,NaN
37.5,33,NaN
37.5,35,NaN
37.5,37,NaN
37.5,39,NaN
37.5,41,NaN
37.5,43,NaN
37.5,45,NaN
37.5,47,NaN
37.5,49,NaN
37.5,51,NaN
37.5,53,NaN
37.5,55,NaN
37.5,57,NaN
37.5,59,NaN
37.5,61,NaN
37.5,63,NaN
37.5,65,NaN
37.5,67,NaN
37.5,69,NaN
37.5,71,NaN
37.5,73,NaN
37.5,75,NaN
37.5,77,NaN
37.5,79,NaN
37.5,81,NaN
37.5,83,NaN
37.5,85,NaN
37.5,87,NaN
37.5,89,NaN
37.5,91,NaN
37.5,93,NaN
37.5,95,NaN
37.5,97,NaN
37.5,99,NaN
37.5,101,NaN
37.5,103,NaN
37.5,105,NaN
37.5,107,NaN
37.5,109,NaN
37.5,111,NaN
37.5,113,NaN
37.5,115,NaN
37.5,117,NaN
37.5,119,NaN
37.5,121,5.438378906
37.5,123,5.821557617
37.5,125,4.830560303
37.5,127,NaN
37.5,129,10.87825928
37.5,131,9.332299805
37.5,133,9.978601074
37.5,135,11.99825439
37.5,137,12.37706909
37.5,139,NaN
37.5,141,13.19350586
37.5,143,12.95638428
37.5,145,11.80651245
37.5,147,10.24678955
37.5,149,10.0347229
37.5,151,10.55010376
37.5,153,10.97484741
37.5,155,11.21013794
37.5,157,11.01552734
37.5,159,10.56994019
37.5,161,10.15880737
37.5,163,9.993829346
37.5,165,10.01589355
37.5,167,10.09554443
37.5,169,10.20317993
37.5,171,10.20058594
37.5,173,9.983972168
37.5,175,9.723840332
37.5,177,9.555688477
37.5,179,9.434350586
37.5,181,9.298974609
37.5,183,9.185754395
37.5,185,9.062615967
37.5,187,8.824761963
37.5,189,8.621881104
37.5,191,8.509637451
37.5,193,8.440789795
37.5,195,8.492852783
37.5,197,8.540124512
37.5,199,8.656304932
37.5,201,8.876733398
37.5,203,8.968774414
37.5,205,8.958032227
37.5,207,9.063409424
37.5,209,9.276391602
37.5,211,9.513513184
37.5,213,9.788354492
37.5,215,10.084375
37.5,217,10.57903442
37.5,219,11.26641235
37.5,221,12.05080566
37.5,223,13.01122437
37.5,225,14.01943359
37.5,227,14.79366455
37.5,229,14.94136963
37.5,231,14.95202026
37.5,233,14.91237793
37.5,235,14.76558838
37.5,237,14.87255249
37.5,239,NaN
37.5,241,NaN
37.5,243,NaN
37.5,245,NaN
37.5,247,NaN
37.5,249,NaN
37.5,251,NaN
37.5,253,NaN
37.5,255,NaN
37.5,257,NaN
37.5,259,NaN
37.5,261,NaN
37.5,263,NaN
37.5,265,NaN
37.5,267,NaN
37.5,269,NaN
37.5,271,NaN
37.5,273,NaN
37.5,275,NaN
37.5,277,NaN
37.5,279,NaN
37.5,281,NaN
37.5,283,NaN
37.5,285,19.42293701
37.5,287,19.65059814
37.5,289,19.90233765
37.5,291,19.88192139
37.5,293,19.80489502
37.5,295,19.86852417
37.5,297,19.94020996
37.5,299,19.91259155
37.5,301,19.68151245
37.5,303,19.20922241
37.5,305,18.40825806
37.5,307,17.45534668
37.5,309,16.85784302
37.5,311,17.17061768
37.5,313,17.87981567
37.5,315,17.93847046
37.5,317,17.22203979
37.5,319,16.27459106
37.5,321,15.81057129
37.5,323,15.89727173
37.5,325,15.94506226
37.5,327,15.59203491
37.5,329,15.07488403
37.5,331,14.55385742
37.5,333,14.21907959
37.5,335,14.11861572
37.5,337,14.51186523
37.5,339,15.37615356
37.5,341,16.08486328
37.5,343,16.40541992
37.5,345,16.45598755
37.5,347,16.51390991
37.5,349,16.496698
37.5,351,16.2703186
37.5,353,16.01900635
37.5,355,NaN
37.5,357,15.29049072
37.5,359,15.32741699
38.5,1,15.32570801
38.5,3,15.98702393
38.5,5,16.12072144
38.5,7,15.56661377
38.5,9,15.40706787
38.5,11,15.37075195
38.5,13,15.10695801
38.5,15,NaN
38.5,17,15.45952759
38.5,19,15.70467529
38.5,21,NaN
38.5,23,NaN
38.5,25,12.47670898
38.5,27,13.5190979
38.5,29,NaN
38.5,31,NaN
38.5,33,NaN
38.5,35,NaN
38.5,37,NaN
38.5,39,NaN
38.5,41,NaN
38.5,43,NaN
38.5,45,NaN
38.5,47,NaN
38.5,49,NaN
38.5,51,NaN
38.5,53,NaN
38.5,55,NaN
38.5,57,NaN
38.5,59,NaN
38.5,61,NaN
38.5,63,NaN
38.5,65,NaN
38.5,67,NaN
38.5,69,NaN
38.5,71,NaN
38.5,73,NaN
38.5,75,NaN
38.5,77,NaN
38.5,79,NaN
38.5,81,NaN
38.5,83,NaN
38.5,85,NaN
38.5,87,NaN
38.5,89,NaN
38.5,91,NaN
38.5,93,NaN
38.5,95,NaN
38.5,97,NaN
38.5,99,NaN
38.5,101,NaN
38.5,103,NaN
38.5,105,NaN
38.5,107,NaN
38.5,109,NaN
38.5,111,NaN
38.5,113,NaN
38.5,115,NaN
38.5,117,NaN
38.5,119,NaN
38.5,121,NaN
38.5,123,4.828057861
38.5,125,4.968774414
38.5,127,NaN
38.5,129,7.77199707
38.5,131,6.654016113
38.5,133,7.736077881
38.5,135,10.37682495
38.5,137,11.66155396
38.5,139,11.71813354
38.5,141,NaN
38.5,143,9.773095703
38.5,145,8.558831787
38.5,147,6.826715088
38.5,149,6.612145996
38.5,151,7.12456665
38.5,153,7.678033447
38.5,155,8.206201172
38.5,157,8.432061768
38.5,159,8.312463379
38.5,161,8.053033447
38.5,163,7.924554443
38.5,165,7.96529541
38.5,167,8.084832764
38.5,169,8.269921875
38.5,171,8.391778564
38.5,173,8.329797363
38.5,175,8.213433838
38.5,177,8.153833008
38.5,179,8.137628174
38.5,181,8.113671875
38.5,183,8.099511719
38.5,185,8.07756958
38.5,187,7.980828857
38.5,189,7.886834717
38.5,191,7.818841553
38.5,193,7.767205811
38.5,195,7.824060059
38.5,197,7.890435791
38.5,199,8.034570313
38.5,201,8.295953369
38.5,203,8.4175354
38.5,205,8.455255127
38.5,207,8.622125244
38.5,209,8.860894775
38.5,211,9.084039307
38.5,213,9.311700439
38.5,215,9.519036865
38.5,217,9.944421387
38.5,219,10.58309326
38.5,221,11.32735596
38.5,223,12.28148804
38.5,225,13.29006348
38.5,227,14.06420288
38.5,229,14.25353394
38.5,231,14.43538818
38.5,233,14.50957642
38.5,235,14.15587769
38.5,237,14.33135376
38.5,239,NaN
38.5,241,NaN
38.5,243,NaN
38.5,245,NaN
38.5,247,NaN
38.5,249,NaN
38.5,251,NaN
38.5,253,NaN
38.5,255,NaN
38.5,257,NaN
38.5,259,NaN
38.5,261,NaN
38.5,263,NaN
38.5,265,NaN
38.5,267,NaN
38.5,269,NaN
38.5,271,NaN
38.5,273,NaN
38.5,275,NaN
38.5,277,NaN
38.5,279,NaN
38.5,281,NaN
38.5,283,NaN
38.5,285,18.76549683
38.5,287,18.45073853
38.5,289,18.81124268
38.5,291,18.78313599
38.5,293,18.73079834
38.5,295,18.91765747
38.5,297,19.13366089
38.5,299,19.23504028
38.5,301,19.06594238
38.5,303,18.49703369
38.5,305,17.29189453
38.5,307,15.71230469
38.5,309,14.70424805
38.5,311,15.07396851
38.5,313,16.65627441
38.5,315,17.50454102
38.5,317,16.7836853
38.5,319,15.61522827
38.5,321,15.03878174
38.5,323,15.21471558
38.5,325,15.38610229
38.5,327,15.09703979
38.5,329,14.61846313
38.5,331,14.14400635
38.5,333,13.79219971
38.5,335,13.58843384
38.5,337,13.76595459
38.5,339,14.39052734
38.5,341,15.22472534
38.5,343,15.7690979
38.5,345,15.82668457
38.5,347,15.80907593
38.5,349,15.84420166
38.5,351,16.05776367
38.5,353,NaN
38.5,355,NaN
38.5,357,NaN
38.5,359,15.26513062
39.5,1,14.8902832
39.5,3,15.50563965
39.5,5,15.53447876
39.5,7,14.87996826
39.5,9,15.40194092
39.5,11,14.87182007
39.5,13,14.8059021
39.5,15,NaN
39.5,17,15.24306641
39.5,19,15.54268799
39.5,21,NaN
39.5,23,10.60152588
39.5,25,10.46233521
39.5,27,NaN
39.5,29,NaN
39.5,31,NaN
39.5,33,NaN
39.5,35,NaN
39.5,37,NaN
39.5,39,NaN
39.5,41,NaN
39.5,43,NaN
39.5,45,NaN
39.5,47,NaN
39.5,49,NaN
39.5,51,NaN
39.5,53,NaN
39.5,55,NaN
39.5,57,NaN
39.5,59,NaN
39.5,61,NaN
39.5,63,NaN
39.5,65,NaN
39.5,67,NaN
39.5,69,NaN
39.5,71,NaN
39.5,73,NaN
39.5,75,NaN
39.5,77,NaN
39.5,79,NaN
39.5,81,NaN
39.5,83,NaN
39.5,85,NaN
39.5,87,NaN
39.5,89,NaN
39.5,91,NaN
39.5,93,NaN
39.5,95,NaN
39.5,97,NaN
39.5,99,NaN
39.5,101,NaN
39.5,103,NaN
39.5,105,NaN
39.5,107,NaN
39.5,109,NaN
39.5,111,NaN
39.5,113,NaN
39.5,115,NaN
39.5,117,NaN
39.5,119,NaN
39.5,121,NaN
39.5,123,NaN
39.5,125,4.183831787
39.5,127,NaN
39.5,129,5.104882813
39.5,131,4.619836426
39.5,133,5.712487793
39.5,135,8.324304199
39.5,137,10.55672607
39.5,139,10.33330688
39.5,141,NaN
39.5,143,7.628991699
39.5,145,5.321496582
39.5,147,2.790460205
39.5,149,2.838433838
39.5,151,3.626794434
39.5,153,4.310754395
39.5,155,5.035821533
39.5,157,5.643579102
39.5,159,5.917871094
39.5,161,5.961328125
39.5,163,6.018823242
39.5,165,6.176629639
39.5,167,6.387200928
39.5,169,6.642114258
39.5,171,6.843438721
39.5,173,6.890985107
39.5,175,6.870294189
39.5,177,6.88527832
39.5,179,6.943811035
39.5,181,6.994439697
39.5,183,7.052667236
39.5,185,7.113702393
39.5,187,7.119195557
39.5,189,7.113549805
39.5,191,7.099664307
39.5,193,7.083734131
39.5,195,7.166619873
39.5,197,7.264154053
39.5,199,7.432336426
39.5,201,7.707421875
39.5,203,7.861077881
39.5,205,7.956079102
39.5,207,8.171228027
39.5,209,8.434014893
39.5,211,8.678125
39.5,213,8.906610107
39.5,215,9.041711426
39.5,217,9.362695313
39.5,219,9.927880859
39.5,221,10.63485107
39.5,223,11.58675537
39.5,225,12.5921875
39.5,227,13.37886963
39.5,229,13.6161438
39.5,231,13.96486816
39.5,233,14.10402832
39.5,235,13.94063721
39.5,237,NaN
39.5,239,NaN
39.5,241,NaN
39.5,243,NaN
39.5,245,NaN
39.5,247,NaN
39.5,249,NaN
39.5,251,NaN
39.5,253,NaN
39.5,255,NaN
39.5,257,NaN
39.5,259,NaN
39.5,261,NaN
39.5,263,NaN
39.5,265,NaN
39.5,267,NaN
39.5,269,NaN
39.5,271,NaN
39.5,273,NaN
39.5,275,NaN
39.5,277,NaN
39.5,279,NaN
39.5,281,NaN
39.5,283,NaN
39.5,285,NaN
39.5,287,17.98677979
39.5,289,17.08376465
39.5,291,16.88555298
39.5,293,17.20018921
39.5,295,17.72490845
39.5,297,18.32409058
39.5,299,18.60872803
39.5,301,18.1725708
39.5,303,16.82174072
39.5,305,15.10042725
39.5,307,13.48031006
39.5,309,12.5395752
39.5,311,13.36376343
39.5,313,15.06102905
39.5,315,16.30120239
39.5,317,16.11898193
39.5,319,14.89415894
39.5,321,14.15493164
39.5,323,14.35167847
39.5,325,14.7098938
39.5,327,14.62139282
39.5,329,14.22869263
39.5,331,13.74889526
39.5,333,13.36956177
39.5,335,13.04311523
39.5,337,12.97347412
39.5,339,13.40267334
39.5,341,14.31749878
39.5,343,15.03572998
39.5,345,15.14855347
39.5,347,15.15822754
39.5,349,15.26342163
39.5,351,NaN
39.5,353,NaN
39.5,355,NaN
39.5,357,NaN
39.5,359,14.803125
40.5,1,NaN
40.5,3,14.88079224
40.5,5,14.85488281
40.5,7,14.42070923
40.5,9,13.61553345
40.5,11,14.54699097
40.5,13,14.56038818
40.5,15,NaN
40.5,17,14.95986328
40.5,19,15.25100098
40.5,21,NaN
40.5,23,8.579431152
40.5,25,NaN
40.5,27,NaN
40.5,29,NaN
40.5,31,NaN
40.5,33,NaN
40.5,35,NaN
40.5,37,NaN
40.5,39,NaN
40.5,41,NaN
40.5,43,NaN
40.5,45,NaN
40.5,47,NaN
40.5,49,NaN
40.5,51,NaN
40.5,53,NaN
40.5,55,NaN
40.5,57,NaN
40.5,59,NaN
40.5,61,NaN
40.5,63,NaN
40.5,65,NaN
40.5,67,NaN
40.5,69,NaN
40.5,71,NaN
40.5,73,NaN
40.5,75,NaN
40.5,77,NaN
40.5,79,NaN
40.5,81,NaN
40.5,83,NaN
40.5,85,NaN
40.5,87,NaN
40.5,89,NaN
40.5,91,NaN
40.5,93,NaN
40.5,95,NaN
40.5,97,NaN
40.5,99,NaN
40.5,101,NaN
40.5,103,NaN
40.5,105,NaN
40.5,107,NaN
40.5,109,NaN
40.5,111,NaN
40.5,113,NaN
40.5,115,NaN
40.5,117,NaN
40.5,119,NaN
40.5,121,NaN
40.5,123,NaN
40.5,125,NaN
40.5,127,NaN
40.5,129,NaN
40.5,131,3.731774902
40.5,133,4.267236328
40.5,135,6.301538086
40.5,137,8.630639648
40.5,139,9.249291992
40.5,141,NaN
40.5,143,5.641229248
40.5,145,3.096185303
40.5,147,1.077935791
40.5,149,1.572351074
40.5,151,2.158380127
40.5,153,2.555505371
40.5,155,3.098840332
40.5,157,3.723504639
40.5,159,4.154412842
40.5,161,4.389886475
40.5,163,4.600457764
40.5,165,4.850488281
40.5,167,5.113427734
40.5,169,5.386193848
40.5,171,5.60970459
40.5,173,5.719873047
40.5,175,5.762475586
40.5,177,5.834619141
40.5,179,5.949761963
40.5,181,6.045220947
40.5,183,6.143182373
40.5,185,6.254754639
40.5,187,6.324914551
40.5,189,6.385705566
40.5,191,6.425775146
40.5,193,6.453881836
40.5,195,6.570703125
40.5,197,6.701074219
40.5,199,6.886804199
40.5,201,7.161798096
40.5,203,7.351708984
40.5,205,7.51583252
40.5,207,7.783654785
40.5,209,8.077508545
40.5,211,8.357263184
40.5,213,8.60012207
40.5,215,8.690454102
40.5,217,8.928460693
40.5,219,9.412866211
40.5,221,10.06578979
40.5,223,10.98409424
40.5,225,11.97295532
40.5,227,12.77480469
40.5,229,13.04418335
40.5,231,13.48583374
40.5,233,13.66835938
40.5,235,13.19075928
40.5,237,NaN
40.5,239,NaN
40.5,241,NaN
40.5,243,NaN
40.5,245,NaN
40.5,247,NaN
40.5,249,NaN
40.5,251,NaN
40.5,253,NaN
40.5,255,NaN
40.5,257,NaN
40.5,259,NaN
40.5,261,NaN
40.5,263,NaN
40.5,265,NaN
40.5,267,NaN
40.5,269,NaN
40.5,271,NaN
40.5,273,NaN
40.5,275,NaN
40.5,277,NaN
40.5,279,NaN
40.5,281,NaN
40.5,283,NaN
40.5,285,NaN
40.5,287,NaN
40.5,289,13.48153076
40.5,291,13.42873535
40.5,293,15.33553467
40.5,295,16.63994751
40.5,297,16.82976685
40.5,299,16.39849243
40.5,301,15.5944458
40.5,303,14.07027588
40.5,305,12.50945435
40.5,307,11.12856445
40.5,309,10.32479248
40.5,311,11.43700562
40.5,313,13.09240112
40.5,315,14.60997925
40.5,317,15.06710205
40.5,319,14.00701294
40.5,321,13.1743103
40.5,323,13.34853516
40.5,325,13.89455566
40.5,327,14.09255371
40.5,329,13.84542236
40.5,331,13.36434326
40.5,333,12.96343384
40.5,335,12.53640137
40.5,337,12.24889526
40.5,339,12.49596558
40.5,341,13.42687378
40.5,343,14.26574097
40.5,345,14.46447144
40.5,347,14.55480347
40.5,349,14.71407471
40.5,351,NaN
40.5,353,NaN
40.5,355,NaN
40.5,357,NaN
40.5,359,NaN
41.5,1,NaN
41.5,3,14.39315186
41.5,5,14.35964355
41.5,7,14.0130249
41.5,9,13.61553345
41.5,11,14.32460938
41.5,13,NaN
41.5,15,NaN
41.5,17,14.43358765
41.5,19,14.82177124
41.5,21,NaN
41.5,23,NaN
41.5,25,NaN
41.5,27,NaN
41.5,29,NaN
41.5,31,NaN
41.5,33,NaN
41.5,35,NaN
41.5,37,NaN
41.5,39,NaN
41.5,41,NaN
41.5,43,NaN
41.5,45,NaN
41.5,47,NaN
41.5,49,NaN
41.5,51,NaN
41.5,53,NaN
41.5,55,NaN
41.5,57,NaN
41.5,59,NaN
41.5,61,NaN
41.5,63,NaN
41.5,65,NaN
41.5,67,NaN
41.5,69,NaN
41.5,71,NaN
41.5,73,NaN
41.5,75,NaN
41.5,77,NaN
41.5,79,NaN
41.5,81,NaN
41.5,83,NaN
41.5,85,NaN
41.5,87,NaN
41.5,89,NaN
41.5,91,NaN
41.5,93,NaN
41.5,95,NaN
41.5,97,NaN
41.5,99,NaN
41.5,101,NaN
41.5,103,NaN
41.5,105,NaN
41.5,107,NaN
41.5,109,NaN
41.5,111,NaN
41.5,113,NaN
41.5,115,NaN
41.5,117,NaN
41.5,119,NaN
41.5,121,NaN
41.5,123,NaN
41.5,125,NaN
41.5,127,NaN
41.5,129,NaN
41.5,131,3.49074707
41.5,133,3.560021973
41.5,135,4.617730713
41.5,137,6.276605225
41.5,139,7.363427734
41.5,141,NaN
41.5,143,4.497857666
41.5,145,2.335473633
41.5,147,0.851800537
41.5,149,1.881951904
41.5,151,2.264825439
41.5,153,2.350396729
41.5,155,2.562097168
41.5,157,2.95723877
41.5,159,3.319360352
41.5,161,3.603234863
41.5,163,3.903863525
41.5,165,4.186456299
41.5,167,4.414849854
41.5,169,4.616296387
41.5,171,4.778283691
41.5,173,4.889978027
41.5,175,4.981713867
41.5,177,5.130761719
41.5,179,5.318170166
41.5,181,5.4409729
41.5,183,5.534997559
41.5,185,5.635552979
41.5,187,5.713616943
41.5,189,5.806359863
41.5,191,5.888604736
41.5,193,5.958642578
41.5,195,6.098413086
41.5,197,6.247796631
41.5,199,6.432763672
41.5,201,6.695703125
41.5,203,6.929925537
41.5,205,7.178674316
41.5,207,7.503930664
41.5,209,7.827905273
41.5,211,8.140161133
41.5,213,8.387597656
41.5,215,8.458673096
41.5,217,8.651025391
41.5,219,9.048638916
41.5,221,9.627191162
41.5,223,10.47658691
41.5,225,11.43526611
41.5,227,12.25258789
41.5,229,12.53017578
41.5,231,13.02630005
41.5,233,13.29958496
41.5,235,12.77886353
41.5,237,NaN
41.5,239,NaN
41.5,241,NaN
41.5,243,NaN
41.5,245,NaN
41.5,247,NaN
41.5,249,NaN
41.5,251,NaN
41.5,253,NaN
41.5,255,NaN
41.5,257,NaN
41.5,259,NaN
41.5,261,NaN
41.5,263,NaN
41.5,265,NaN
41.5,267,NaN
41.5,269,NaN
41.5,271,NaN
41.5,273,NaN
41.5,275,NaN
41.5,277,NaN
41.5,279,NaN
41.5,281,NaN
41.5,283,NaN
41.5,285,NaN
41.5,287,NaN
41.5,289,7.911523438
41.5,291,10.07314453
41.5,293,13.36205444
41.5,295,15.20186768
41.5,297,14.34099731
41.5,299,12.5069519
41.5,301,11.22811279
41.5,303,10.35613403
41.5,305,9.843896484
41.5,307,8.892053223
41.5,309,8.131707764
41.5,311,8.964929199
41.5,313,10.76470337
41.5,315,12.47341309
41.5,317,13.35137329
41.5,319,12.84942017
41.5,321,12.13546143
41.5,323,12.20644531
41.5,325,12.82268677
41.5,327,13.37328491
41.5,329,13.37944946
41.5,331,12.97527466
41.5,333,12.55925903
41.5,335,12.12841187
41.5,337,11.80294189
41.5,339,11.86586914
41.5,341,12.63225708
41.5,343,13.47860107
41.5,345,13.80916748
41.5,347,14.02434692
41.5,349,14.18996582
41.5,351,14.45803223
41.5,353,NaN
41.5,355,NaN
41.5,357,NaN
41.5,359,NaN
42.5,1,NaN
42.5,3,14.24807129
42.5,5,14.13335571
42.5,7,13.66341553
42.5,9,12.96315918
42.5,11,NaN
42.5,13,NaN
42.5,15,13.05254517
42.5,17,13.8383728
42.5,19,NaN
42.5,21,NaN
42.5,23,NaN
42.5,25,NaN
42.5,27,NaN
42.5,29,NaN
42.5,31,NaN
42.5,33,NaN
42.5,35,NaN
42.5,37,NaN
42.5,39,NaN
42.5,41,NaN
42.5,43,NaN
42.5,45,NaN
42.5,47,NaN
42.5,49,NaN
42.5,51,NaN
42.5,53,NaN
42.5,55,NaN
42.5,57,NaN
42.5,59,NaN
42.5,61,NaN
42.5,63,NaN
42.5,65,NaN
42.5,67,NaN
42.5,69,NaN
42.5,71,NaN
42.5,73,NaN
42.5,75,NaN
42.5,77,NaN
42.5,79,NaN
42.5,81,NaN
42.5,83,NaN
42.5,85,NaN
42.5,87,NaN
42.5,89,NaN
42.5,91,NaN
42.5,93,NaN
42.5,95,NaN
42.5,97,NaN
42.5,99,NaN
42.5,101,NaN
42.5,103,NaN
42.5,105,NaN
42.5,107,NaN
42.5,109,NaN
42.5,111,NaN
42.5,113,NaN
42.5,115,NaN
42.5,117,NaN
42.5,119,NaN
42.5,121,NaN
42.5,123,NaN
42.5,125,NaN
42.5,127,NaN
42.5,129,NaN
42.5,131,NaN
42.5,133,NaN
42.5,135,3.583032227
42.5,137,4.263330078
42.5,139,4.825097656
42.5,141,NaN
42.5,143,NaN
42.5,145,2.012689209
42.5,147,0.75927124
42.5,149,1.497216797
42.5,151,2.017266846
42.5,153,2.124200439
42.5,155,2.158349609
42.5,157,2.456506348
42.5,159,2.710961914
42.5,161,2.991693115
42.5,163,3.321466064
42.5,165,3.618249512
42.5,167,3.85668335
42.5,169,4.029290771
42.5,171,4.143426514
42.5,173,4.250970459
42.5,175,4.386590576
42.5,177,4.597283936
42.5,179,4.824090576
42.5,181,4.95168457
42.5,183,5.036004639
42.5,185,5.132836914
42.5,187,5.229760742
42.5,189,5.355401611
42.5,191,5.464440918
42.5,193,5.556329346
42.5,195,5.70949707
42.5,197,5.882653809
42.5,199,6.091973877
42.5,201,6.344537354
42.5,203,6.588922119
42.5,205,6.881188965
42.5,207,7.231530762
42.5,209,7.57076416
42.5,211,7.902337646
42.5,213,8.152703857
42.5,215,8.208947754
42.5,217,8.397515869
42.5,219,8.758630371
42.5,221,9.257684326
42.5,223,10.03878174
42.5,225,10.96450195
42.5,227,11.80510864
42.5,229,12.05779419
42.5,231,12.59719238
42.5,233,13.10088501
42.5,235,12.70256958
42.5,237,NaN
42.5,239,NaN
42.5,241,NaN
42.5,243,NaN
42.5,245,NaN
42.5,247,NaN
42.5,249,NaN
42.5,251,NaN
42.5,253,NaN
42.5,255,NaN
42.5,257,NaN
42.5,259,NaN
42.5,261,NaN
42.5,263,NaN
42.5,265,NaN
42.5,267,NaN
42.5,269,NaN
42.5,271,NaN
42.5,273,NaN
42.5,275,NaN
42.5,277,NaN
42.5,279,NaN
42.5,281,NaN
42.5,283,NaN
42.5,285,NaN
42.5,287,NaN
42.5,289,8.347009277
42.5,291,10.15322266
42.5,293,11.6050354
42.5,295,11.29143677
42.5,297,10.0725647
42.5,299,8.733056641
42.5,301,7.364678955
42.5,303,7.184381104
42.5,305,7.452020264
42.5,307,6.787103271
42.5,309,6.612939453
42.5,311,7.908013916
42.5,313,9.58538208
42.5,315,11.0694519
42.5,317,11.99050293
42.5,319,11.76040039
42.5,321,11.20739136
42.5,323,11.26873169
42.5,325,11.94011841
42.5,327,12.68407593
42.5,329,12.87359009
42.5,331,12.57335815
42.5,333,12.15792236
42.5,335,11.71199951
42.5,337,11.35256348
42.5,339,11.29403076
42.5,341,11.92635498
42.5,343,12.74416504
42.5,345,13.20211182
42.5,347,13.55553589
42.5,349,13.72219238
42.5,351,13.82610474
42.5,353,NaN
42.5,355,NaN
42.5,357,NaN
42.5,359,NaN
43.5,1,NaN
43.5,3,NaN
43.5,5,NaN
43.5,7,NaN
43.5,9,11.97469482
43.5,11,NaN
43.5,13,NaN
43.5,15,12.38308105
43.5,17,NaN
43.5,19,NaN
43.5,21,NaN
43.5,23,NaN
43.5,25,NaN
43.5,27,NaN
43.5,29,NaN
43.5,31,NaN
43.5,33,NaN
43.5,35,NaN
43.5,37,NaN
43.5,39,NaN
43.5,41,NaN
43.5,43,NaN
43.5,45,NaN
43.5,47,NaN
43.5,49,NaN
43.5,51,NaN
43.5,53,NaN
43.5,55,NaN
43.5,57,NaN
43.5,59,NaN
43.5,61,NaN
43.5,63,NaN
43.5,65,NaN
43.5,67,NaN
43.5,69,NaN
43.5,71,NaN
43.5,73,NaN
43.5,75,NaN
43.5,77,NaN
43.5,79,NaN
43.5,81,NaN
43.5,83,NaN
43.5,85,NaN
43.5,87,NaN
43.5,89,NaN
43.5,91,NaN
43.5,93,NaN
43.5,95,NaN
43.5,97,NaN
43.5,99,NaN
43.5,101,NaN
43.5,103,NaN
43.5,105,NaN
43.5,107,NaN
43.5,109,NaN
43.5,111,NaN
43.5,113,NaN
43.5,115,NaN
43.5,117,NaN
43.5,119,NaN
43.5,121,NaN
43.5,123,NaN
43.5,125,NaN
43.5,127,NaN
43.5,129,NaN
43.5,131,NaN
43.5,133,NaN
43.5,135,NaN
43.5,137,3.448297119
43.5,139,4.013513184
43.5,141,NaN
43.5,143,NaN
43.5,145,NaN
43.5,147,0.820123291
43.5,149,0.971520996
43.5,151,1.649224854
43.5,153,2.092340088
43.5,155,2.155023193
43.5,157,2.408685303
43.5,159,2.524835205
43.5,161,2.756799316
43.5,163,3.040155029
43.5,165,3.288171387
43.5,167,3.502679443
43.5,169,3.652520752
43.5,171,3.740869141
43.5,173,3.850152588
43.5,175,4.014154053
43.5,177,4.250299072
43.5,179,4.472497559
43.5,181,4.581781006
43.5,183,4.656915283
43.5,185,4.765161133
43.5,187,4.894769287
43.5,189,5.050500488
43.5,191,5.166223145
43.5,193,5.257196045
43.5,195,5.410974121
43.5,197,5.601647949
43.5,199,5.83727417
43.5,201,6.075189209
43.5,203,6.311791992
43.5,205,6.620324707
43.5,207,6.97008667
43.5,209,7.308770752
43.5,211,7.646569824
43.5,213,7.903039551
43.5,215,7.958795166
43.5,217,8.161035156
43.5,219,8.527124023
43.5,221,8.983972168
43.5,223,9.707879639
43.5,225,10.58483276
43.5,227,11.39016113
43.5,229,11.580896
43.5,231,12.05953369
43.5,233,12.75759277
43.5,235,12.50115356
43.5,237,NaN
43.5,239,NaN
43.5,241,NaN
43.5,243,NaN
43.5,245,NaN
43.5,247,NaN
43.5,249,NaN
43.5,251,NaN
43.5,253,NaN
43.5,255,NaN
43.5,257,NaN
43.5,259,NaN
43.5,261,NaN
43.5,263,NaN
43.5,265,NaN
43.5,267,NaN
43.5,269,NaN
43.5,271,NaN
43.5,273,NaN
43.5,275,NaN
43.5,277,NaN
43.5,279,NaN
43.5,281,NaN
43.5,283,NaN
43.5,285,NaN
43.5,287,NaN
43.5,289,NaN
43.5,291,9.090966797
43.5,293,9.532128906
43.5,295,9.479394531
43.5,297,7.235437012
43.5,299,5.70836792
43.5,301,4.765130615
43.5,303,5.219689941
43.5,305,5.701470947
43.5,307,4.919824219
43.5,309,5.161401367
43.5,311,6.763116455
43.5,313,8.147607422
43.5,315,9.436791992
43.5,317,10.43016968
43.5,319,10.48800049
43.5,321,10.20229492
43.5,323,10.33052979
43.5,325,11.03347168
43.5,327,11.91546021
43.5,329,12.28994141
43.5,331,12.13533936
43.5,333,11.75170288
43.5,335,11.29110107
43.5,337,10.90325317
43.5,339,10.76680908
43.5,341,11.28106079
43.5,343,12.03670654
43.5,345,12.61641846
43.5,347,13.13244019
43.5,349,13.31075439
43.5,351,13.14040527
43.5,353,NaN
43.5,355,12.40505371
43.5,357,NaN
43.5,359,NaN
44.5,1,NaN
44.5,3,NaN
44.5,5,NaN
44.5,7,NaN
44.5,9,NaN
44.5,11,NaN
44.5,13,NaN
44.5,15,NaN
44.5,17,NaN
44.5,19,NaN
44.5,21,NaN
44.5,23,NaN
44.5,25,NaN
44.5,27,NaN
44.5,29,NaN
44.5,31,NaN
44.5,33,NaN
44.5,35,NaN
44.5,37,NaN
44.5,39,NaN
44.5,41,NaN
44.5,43,NaN
44.5,45,NaN
44.5,47,NaN
44.5,49,NaN
44.5,51,NaN
44.5,53,NaN
44.5,55,NaN
44.5,57,NaN
44.5,59,NaN
44.5,61,NaN
44.5,63,NaN
44.5,65,NaN
44.5,67,NaN
44.5,69,NaN
44.5,71,NaN
44.5,73,NaN
44.5,75,NaN
44.5,77,NaN
44.5,79,NaN
44.5,81,NaN
44.5,83,NaN
44.5,85,NaN
44.5,87,NaN
44.5,89,NaN
44.5,91,NaN
44.5,93,NaN
44.5,95,NaN
44.5,97,NaN
44.5,99,NaN
44.5,101,NaN
44.5,103,NaN
44.5,105,NaN
44.5,107,NaN
44.5,109,NaN
44.5,111,NaN
44.5,113,NaN
44.5,115,NaN
44.5,117,NaN
44.5,119,NaN
44.5,121,NaN
44.5,123,NaN
44.5,125,NaN
44.5,127,NaN
44.5,129,NaN
44.5,131,NaN
44.5,133,NaN
44.5,135,NaN
44.5,137,2.765252686
44.5,139,2.691918945
44.5,141,1.592034912
44.5,143,NaN
44.5,145,2.358270264
44.5,147,NaN
44.5,149,0.464471436
44.5,151,1.260003662
44.5,153,2.128656006
44.5,155,2.421075439
44.5,157,2.705316162
44.5,159,2.73470459
44.5,161,2.94866333
44.5,163,3.165185547
44.5,165,3.309747314
44.5,167,3.413537598
44.5,169,3.525323486
44.5,171,3.662652588
44.5,173,3.836053467
44.5,175,4.007867432
44.5,177,4.183374023
44.5,179,4.324212646
44.5,181,4.396813965
44.5,183,4.485528564
44.5,185,4.637200928
44.5,187,4.798638916
44.5,189,4.943780518
44.5,191,5.02300415
44.5,193,5.081048584
44.5,195,5.216912842
44.5,197,5.389123535
44.5,199,5.604821777
44.5,201,5.829309082
44.5,203,6.073388672
44.5,205,6.383447266
44.5,207,6.713616943
44.5,209,7.039758301
44.5,211,7.375054932
44.5,213,7.648675537
44.5,215,7.726098633
44.5,217,7.951531982
44.5,219,8.339349365
44.5,221,8.782006836
44.5,223,9.462884521
44.5,225,10.28704224
44.5,227,11.03896484
44.5,229,11.18511353
44.5,231,11.55245361
44.5,233,12.32219849
44.5,235,12.25750122
44.5,237,NaN
44.5,239,NaN
44.5,241,NaN
44.5,243,NaN
44.5,245,NaN
44.5,247,NaN
44.5,249,NaN
44.5,251,NaN
44.5,253,NaN
44.5,255,NaN
44.5,257,NaN
44.5,259,NaN
44.5,261,NaN
44.5,263,NaN
44.5,265,NaN
44.5,267,NaN
44.5,269,NaN
44.5,271,NaN
44.5,273,NaN
44.5,275,NaN
44.5,277,NaN
44.5,279,NaN
44.5,281,NaN
44.5,283,NaN
44.5,285,NaN
44.5,287,NaN
44.5,289,NaN
44.5,291,7.885949707
44.5,293,NaN
44.5,295,NaN
44.5,297,NaN
44.5,299,3.841149902
44.5,301,3.712518311
44.5,303,4.466210938
44.5,305,4.593103027
44.5,307,3.306512451
44.5,309,3.427178955
44.5,311,4.493218994
44.5,313,5.181573486
44.5,315,6.437677002
44.5,317,7.885919189
44.5,319,8.501000977
44.5,321,8.703729248
44.5,323,8.90279541
44.5,325,9.489862061
44.5,327,10.68285522
44.5,329,11.47875366
44.5,331,11.56694946
44.5,333,11.33226929
44.5,335,10.9270874
44.5,337,10.55614624
44.5,339,10.33782349
44.5,341,10.64962158
44.5,343,11.27852783
44.5,345,11.96038208
44.5,347,12.7098938
44.5,349,12.98574219
44.5,351,12.94118652
44.5,353,12.56707153
44.5,355,12.41283569
44.5,357,12.36412964
44.5,359,12.36412964
45.5,1,NaN
45.5,3,NaN
45.5,5,NaN
45.5,7,NaN
45.5,9,NaN
45.5,11,NaN
45.5,13,NaN
45.5,15,NaN
45.5,17,NaN
45.5,19,NaN
45.5,21,NaN
45.5,23,NaN
45.5,25,NaN
45.5,27,NaN
45.5,29,NaN
45.5,31,NaN
45.5,33,NaN
45.5,35,NaN
45.5,37,NaN
45.5,39,NaN
45.5,41,NaN
45.5,43,NaN
45.5,45,NaN
45.5,47,NaN
45.5,49,NaN
45.5,51,NaN
45.5,53,NaN
45.5,55,NaN
45.5,57,NaN
45.5,59,NaN
45.5,61,NaN
45.5,63,NaN
45.5,65,NaN
45.5,67,NaN
45.5,69,NaN
45.5,71,NaN
45.5,73,NaN
45.5,75,NaN
45.5,77,NaN
45.5,79,NaN
45.5,81,NaN
45.5,83,NaN
45.5,85,NaN
45.5,87,NaN
45.5,89,NaN
45.5,91,NaN
45.5,93,NaN
45.5,95,NaN
45.5,97,NaN
45.5,99,NaN
45.5,101,NaN
45.5,103,NaN
45.5,105,NaN
45.5,107,NaN
45.5,109,NaN
45.5,111,NaN
45.5,113,NaN
45.5,115,NaN
45.5,117,NaN
45.5,119,NaN
45.5,121,NaN
45.5,123,NaN
45.5,125,NaN
45.5,127,NaN
45.5,129,NaN
45.5,131,NaN
45.5,133,NaN
45.5,135,NaN
45.5,137,NaN
45.5,139,1.3215271
45.5,141,0.320672607
45.5,143,NaN
45.5,145,1.967706299
45.5,147,0.781335449
45.5,149,NaN
45.5,151,0.88137207
45.5,153,1.973809814
45.5,155,2.586602783
45.5,157,2.858911133
45.5,159,2.83651123
45.5,161,3.136651611
45.5,163,3.262994385
45.5,165,3.300042725
45.5,167,3.370050049
45.5,169,3.510461426
45.5,171,3.710443115
45.5,173,3.925744629
45.5,175,4.089562988
45.5,177,4.21605835
45.5,179,4.313043213
45.5,181,4.387109375
45.5,183,4.497521973
45.5,185,4.672998047
45.5,187,4.844781494
45.5,189,4.973443604
45.5,191,5.014337158
45.5,193,5.028436279
45.5,195,5.131921387
45.5,197,5.276116943
45.5,199,5.478143311
45.5,201,5.686273193
45.5,203,5.917199707
45.5,205,6.21541748
45.5,207,6.546624756
45.5,209,6.8684021
45.5,211,7.209863281
45.5,213,7.510186768
45.5,215,7.613946533
45.5,217,7.833184814
45.5,219,8.177453613
45.5,221,8.602166748
45.5,223,9.273583984
45.5,225,10.05455933
45.5,227,10.77562866
45.5,229,10.94838867
45.5,231,11.2262207
45.5,233,11.96730957
45.5,235,11.97234497
45.5,237,NaN
45.5,239,NaN
45.5,241,NaN
45.5,243,NaN
45.5,245,NaN
45.5,247,NaN
45.5,249,NaN
45.5,251,NaN
45.5,253,NaN
45.5,255,NaN
45.5,257,NaN
45.5,259,NaN
45.5,261,NaN
45.5,263,NaN
45.5,265,NaN
45.5,267,NaN
45.5,269,NaN
45.5,271,NaN
45.5,273,NaN
45.5,275,NaN
45.5,277,NaN
45.5,279,NaN
45.5,281,NaN
45.5,283,NaN
45.5,285,NaN
45.5,287,NaN
45.5,289,NaN
45.5,291,NaN
45.5,293,NaN
45.5,295,NaN
45.5,297,NaN
45.5,299,NaN
45.5,301,3.727258301
45.5,303,3.952752686
45.5,305,3.161859131
45.5,307,2.119317627
45.5,309,2.329400635
45.5,311,2.775872803
45.5,313,2.979302979
45.5,315,4.343408203
45.5,317,6.01494751
45.5,319,6.977197266
45.5,321,7.442376709
45.5,323,7.688775635
45.5,325,8.204919434
45.5,327,9.528436279
45.5,329,10.57622681
45.5,331,10.88167725
45.5,333,10.79778442
45.5,335,10.45647583
45.5,337,10.11165771
45.5,339,9.843133545
45.5,341,10.04415283
45.5,343,10.60473022
45.5,345,11.29580078
45.5,347,12.18203125
45.5,349,12.56228027
45.5,351,12.58797607
45.5,353,12.38997803
45.5,355,12.26369629
45.5,357,12.29720459
45.5,359,12.24718628
46.5,1,NaN
46.5,3,NaN
46.5,5,NaN
46.5,7,NaN
46.5,9,NaN
46.5,11,NaN
46.5,13,NaN
46.5,15,NaN
46.5,17,NaN
46.5,19,NaN
46.5,21,NaN
46.5,23,NaN
46.5,25,NaN
46.5,27,NaN
46.5,29,NaN
46.5,31,NaN
46.5,33,NaN
46.5,35,NaN
46.5,37,NaN
46.5,39,NaN
46.5,41,NaN
46.5,43,NaN
46.5,45,NaN
46.5,47,NaN
46.5,49,NaN
46.5,51,NaN
46.5,53,NaN
46.5,55,NaN
46.5,57,NaN
46.5,59,NaN
46.5,61,NaN
46.5,63,NaN
46.5,65,NaN
46.5,67,NaN
46.5,69,NaN
46.5,71,NaN
46.5,73,NaN
46.5,75,NaN
46.5,77,NaN
46.5,79,NaN
46.5,81,NaN
46.5,83,NaN
46.5,85,NaN
46.5,87,NaN
46.5,89,NaN
46.5,91,NaN
46.5,93,NaN
46.5,95,NaN
46.5,97,NaN
46.5,99,NaN
46.5,101,NaN
46.5,103,NaN
46.5,105,NaN
46.5,107,NaN
46.5,109,NaN
46.5,111,NaN
46.5,113,NaN
46.5,115,NaN
46.5,117,NaN
46.5,119,NaN
46.5,121,NaN
46.5,123,NaN
46.5,125,NaN
46.5,127,NaN
46.5,129,NaN
46.5,131,NaN
46.5,133,NaN
46.5,135,NaN
46.5,137,NaN
46.5,139,0.213098145
46.5,141,0.077081299
46.5,143,NaN
46.5,145,0.887353516
46.5,147,0.041162109
46.5,149,0.014123535
46.5,151,0.859002686
46.5,153,2.011010742
46.5,155,2.708093262
46.5,157,2.955773926
46.5,159,2.890802002
46.5,161,3.26885376
46.5,163,3.398217773
46.5,165,3.350915527
46.5,167,3.410089111
46.5,169,3.595635986
46.5,171,3.841088867
46.5,173,4.065362549
46.5,175,4.211114502
46.5,177,4.309747314
46.5,179,4.400079346
46.5,181,4.504876709
46.5,183,4.639764404
46.5,185,4.81697998
46.5,187,4.976037598
46.5,189,5.084588623
46.5,191,5.094934082
46.5,193,5.069268799
46.5,195,5.1362854
46.5,197,5.245477295
46.5,199,5.433099365
46.5,201,5.614129639
46.5,203,5.808221436
46.5,205,6.060479736
46.5,207,6.361260986
46.5,209,6.650720215
46.5,211,6.97713623
46.5,213,7.306512451
46.5,215,7.454095459
46.5,217,7.691491699
46.5,219,8.008050537
46.5,221,8.426416016
46.5,223,9.122338867
46.5,225,9.907434082
46.5,227,10.63735352
46.5,229,10.93416748
46.5,231,11.31261597
46.5,233,11.94109497
46.5,235,11.35634766
46.5,237,NaN
46.5,239,NaN
46.5,241,NaN
46.5,243,NaN
46.5,245,NaN
46.5,247,NaN
46.5,249,NaN
46.5,251,NaN
46.5,253,NaN
46.5,255,NaN
46.5,257,NaN
46.5,259,NaN
46.5,261,NaN
46.5,263,NaN
46.5,265,NaN
46.5,267,NaN
46.5,269,NaN
46.5,271,NaN
46.5,273,NaN
46.5,275,NaN
46.5,277,NaN
46.5,279,NaN
46.5,281,NaN
46.5,283,NaN
46.5,285,NaN
46.5,287,NaN
46.5,289,NaN
46.5,291,NaN
46.5,293,NaN
46.5,295,NaN
46.5,297,NaN
46.5,299,NaN
46.5,301,3.655725098
46.5,303,4.008111572
46.5,305,3.225610352
46.5,307,1.768151855
46.5,309,1.641442871
46.5,311,1.664422607
46.5,313,1.604058838
46.5,315,2.862481689
46.5,317,4.388635254
46.5,319,5.490197754
46.5,321,6.125756836
46.5,323,6.514642334
46.5,325,7.058740234
46.5,327,8.415979004
46.5,329,9.603173828
46.5,331,10.10765991
46.5,333,10.17531738
46.5,335,9.90657959
46.5,337,9.599542236
46.5,339,9.307366943
46.5,341,9.459039307
46.5,343,9.999383545
46.5,345,10.66057739
46.5,347,11.60311279
46.5,349,12.08306274
46.5,351,12.22402344
46.5,353,12.14644775
46.5,355,12.06298218
46.5,357,12.24718628
46.5,359,NaN
47.5,1,NaN
47.5,3,NaN
47.5,5,NaN
47.5,7,NaN
47.5,9,NaN
47.5,11,NaN
47.5,13,NaN
47.5,15,NaN
47.5,17,NaN
47.5,19,NaN
47.5,21,NaN
47.5,23,NaN
47.5,25,NaN
47.5,27,NaN
47.5,29,NaN
47.5,31,NaN
47.5,33,NaN
47.5,35,NaN
47.5,37,NaN
47.5,39,NaN
47.5,41,NaN
47.5,43,NaN
47.5,45,NaN
47.5,47,NaN
47.5,49,NaN
47.5,51,NaN
47.5,53,NaN
47.5,55,NaN
47.5,57,NaN
47.5,59,NaN
47.5,61,NaN
47.5,63,NaN
47.5,65,NaN
47.5,67,NaN
47.5,69,NaN
47.5,71,NaN
47.5,73,NaN
47.5,75,NaN
47.5,77,NaN
47.5,79,NaN
47.5,81,NaN
47.5,83,NaN
47.5,85,NaN
47.5,87,NaN
47.5,89,NaN
47.5,91,NaN
47.5,93,NaN
47.5,95,NaN
47.5,97,NaN
47.5,99,NaN
47.5,101,NaN
47.5,103,NaN
47.5,105,NaN
47.5,107,NaN
47.5,109,NaN
47.5,111,NaN
47.5,113,NaN
47.5,115,NaN
47.5,117,NaN
47.5,119,NaN
47.5,121,NaN
47.5,123,NaN
47.5,125,NaN
47.5,127,NaN
47.5,129,NaN
47.5,131,NaN
47.5,133,NaN
47.5,135,NaN
47.5,137,NaN
47.5,139,0.51293335
47.5,141,0.904046631
47.5,143,NaN
47.5,145,0.261437988
47.5,147,-0.141516113
47.5,149,0.112207031
47.5,151,0.946038818
47.5,153,1.993920898
47.5,155,2.718530273
47.5,157,3.063531494
47.5,159,2.918603516
47.5,161,3.313287354
47.5,163,3.593560791
47.5,165,3.493493652
47.5,167,3.548059082
47.5,169,3.775415039
47.5,171,4.023919678
47.5,173,4.210473633
47.5,175,4.335748291
47.5,177,4.442346191
47.5,179,4.542199707
47.5,181,4.650689697
47.5,183,4.794396973
47.5,185,4.958184814
47.5,187,5.074395752
47.5,189,5.150018311
47.5,191,5.159875488
47.5,193,5.141015625
47.5,195,5.188928223
47.5,197,5.263330078
47.5,199,5.429681396
47.5,201,5.576257324
47.5,203,5.717797852
47.5,205,5.899804688
47.5,207,6.14385376
47.5,209,6.398797607
47.5,211,6.716455078
47.5,213,7.082971191
47.5,215,7.282647705
47.5,217,7.556665039
47.5,219,7.860162354
47.5,221,8.270562744
47.5,223,8.962182617
47.5,225,9.714715576
47.5,227,10.45006714
47.5,229,10.93816528
47.5,231,11.37276611
47.5,233,11.25951538
47.5,235,10.09383545
47.5,237,NaN
47.5,239,NaN
47.5,241,NaN
47.5,243,NaN
47.5,245,NaN
47.5,247,NaN
47.5,249,NaN
47.5,251,NaN
47.5,253,NaN
47.5,255,NaN
47.5,257,NaN
47.5,259,NaN
47.5,261,NaN
47.5,263,NaN
47.5,265,NaN
47.5,267,NaN
47.5,269,NaN
47.5,271,NaN
47.5,273,NaN
47.5,275,NaN
47.5,277,NaN
47.5,279,NaN
47.5,281,NaN
47.5,283,NaN
47.5,285,NaN
47.5,287,NaN
47.5,289,NaN
47.5,291,NaN
47.5,293,NaN
47.5,295,NaN
47.5,297,NaN
47.5,299,NaN
47.5,301,3.47512207
47.5,303,4.229302979
47.5,305,4.296105957
47.5,307,1.280725098
47.5,309,1.241357422
47.5,311,1.152307129
47.5,313,1.092797852
47.5,315,1.84395752
47.5,317,2.666314697
47.5,319,3.501062012
47.5,321,4.225
47.5,323,4.901544189
47.5,325,5.649560547
47.5,327,7.120843506
47.5,329,8.507562256
47.5,331,9.287835693
47.5,333,9.572290039
47.5,335,9.442315674
47.5,337,9.199029541
47.5,339,8.876824951
47.5,341,8.88338623
47.5,343,9.39901123
47.5,345,10.1222168
47.5,347,11.04232178
47.5,349,11.59349976
47.5,351,11.83132324
47.5,353,11.88128052
47.5,355,11.71468506
47.5,357,11.57515869
47.5,359,NaN
48.5,1,NaN
48.5,3,NaN
48.5,5,NaN
48.5,7,NaN
48.5,9,NaN
48.5,11,NaN
48.5,13,NaN
48.5,15,NaN
48.5,17,NaN
48.5,19,NaN
48.5,21,NaN
48.5,23,NaN
48.5,25,NaN
48.5,27,NaN
48.5,29,NaN
48.5,31,NaN
48.5,33,NaN
48.5,35,NaN
48.5,37,NaN
48.5,39,NaN
48.5,41,NaN
48.5,43,NaN
48.5,45,NaN
48.5,47,NaN
48.5,49,NaN
48.5,51,NaN
48.5,53,NaN
48.5,55,NaN
48.5,57,NaN
48.5,59,NaN
48.5,61,NaN
48.5,63,NaN
48.5,65,NaN
48.5,67,NaN
48.5,69,NaN
48.5,71,NaN
48.5,73,NaN
48.5,75,NaN
48.5,77,NaN
48.5,79,NaN
48.5,81,NaN
48.5,83,NaN
48.5,85,NaN
48.5,87,NaN
48.5,89,NaN
48.5,91,NaN
48.5,93,NaN
48.5,95,NaN
48.5,97,NaN
48.5,99,NaN
48.5,101,NaN
48.5,103,NaN
48.5,105,NaN
48.5,107,NaN
48.5,109,NaN
48.5,111,NaN
48.5,113,NaN
48.5,115,NaN
48.5,117,NaN
48.5,119,NaN
48.5,121,NaN
48.5,123,NaN
48.5,125,NaN
48.5,127,NaN
48.5,129,NaN
48.5,131,NaN
48.5,133,NaN
48.5,135,NaN
48.5,137,NaN
48.5,139,NaN
48.5,141,0.928948975
48.5,143,NaN
48.5,145,0.072442627
48.5,147,-0.070227051
48.5,149,0.4409729
48.5,151,1.132196045
48.5,153,1.938226318
48.5,155,2.647241211
48.5,157,3.249749756
48.5,159,2.989404297
48.5,161,3.2925354
48.5,163,3.803674316
48.5,165,3.595483398
48.5,167,3.648492432
48.5,169,3.85994873
48.5,171,4.072320557
48.5,173,4.248590088
48.5,175,4.400537109
48.5,177,4.542657471
48.5,179,4.639306641
48.5,181,4.741723633
48.5,183,4.891717529
48.5,185,5.055688477
48.5,187,5.178155518
48.5,189,5.267938232
48.5,191,5.306726074
48.5,193,5.312493896
48.5,195,5.348413086
48.5,197,5.394250488
48.5,199,5.537927246
48.5,201,5.66539917
48.5,203,5.79152832
48.5,205,5.951379395
48.5,207,6.165032959
48.5,209,6.38604126
48.5,211,6.669763184
48.5,213,6.991113281
48.5,215,7.176263428
48.5,217,7.466333008
48.5,219,7.756066895
48.5,221,8.152307129
48.5,223,8.807580566
48.5,225,9.491174316
48.5,227,10.21325073
48.5,229,10.82473145
48.5,231,11.10387573
48.5,233,10.53878174
48.5,235,NaN
48.5,237,NaN
48.5,239,NaN
48.5,241,NaN
48.5,243,NaN
48.5,245,NaN
48.5,247,NaN
48.5,249,NaN
48.5,251,NaN
48.5,253,NaN
48.5,255,NaN
48.5,257,NaN
48.5,259,NaN
48.5,261,NaN
48.5,263,NaN
48.5,265,NaN
48.5,267,NaN
48.5,269,NaN
48.5,271,NaN
48.5,273,NaN
48.5,275,NaN
48.5,277,NaN
48.5,279,NaN
48.5,281,NaN
48.5,283,NaN
48.5,285,NaN
48.5,287,NaN
48.5,289,NaN
48.5,291,NaN
48.5,293,NaN
48.5,295,NaN
48.5,297,NaN
48.5,299,NaN
48.5,301,NaN
48.5,303,NaN
48.5,305,NaN
48.5,307,NaN
48.5,309,0.877557373
48.5,311,0.943444824
48.5,313,0.98684082
48.5,315,1.381524658
48.5,317,1.864984131
48.5,319,2.576959229
48.5,321,3.30199585
48.5,323,4.076806641
48.5,325,4.85289917
48.5,327,6.25536499
48.5,329,7.599603271
48.5,331,8.47298584
48.5,333,8.901513672
48.5,335,8.898461914
48.5,337,8.720941162
48.5,339,8.403192139
48.5,341,8.395715332
48.5,343,8.953973389
48.5,345,9.68026123
48.5,347,10.55852661
48.5,349,11.1274353
48.5,351,11.36385498
48.5,353,11.48342285
48.5,355,11.27089844
48.5,357,NaN
48.5,359,NaN
49.5,1,NaN
49.5,3,NaN
49.5,5,NaN
49.5,7,NaN
49.5,9,NaN
49.5,11,NaN
49.5,13,NaN
49.5,15,NaN
49.5,17,NaN
49.5,19,NaN
49.5,21,NaN
49.5,23,NaN
49.5,25,NaN
49.5,27,NaN
49.5,29,NaN
49.5,31,NaN
49.5,33,NaN
49.5,35,NaN
49.5,37,NaN
49.5,39,NaN
49.5,41,NaN
49.5,43,NaN
49.5,45,NaN
49.5,47,NaN
49.5,49,NaN
49.5,51,NaN
49.5,53,NaN
49.5,55,NaN
49.5,57,NaN
49.5,59,NaN
49.5,61,NaN
49.5,63,NaN
49.5,65,NaN
49.5,67,NaN
49.5,69,NaN
49.5,71,NaN
49.5,73,NaN
49.5,75,NaN
49.5,77,NaN
49.5,79,NaN
49.5,81,NaN
49.5,83,NaN
49.5,85,NaN
49.5,87,NaN
49.5,89,NaN
49.5,91,NaN
49.5,93,NaN
49.5,95,NaN
49.5,97,NaN
49.5,99,NaN
49.5,101,NaN
49.5,103,NaN
49.5,105,NaN
49.5,107,NaN
49.5,109,NaN
49.5,111,NaN
49.5,113,NaN
49.5,115,NaN
49.5,117,NaN
49.5,119,NaN
49.5,121,NaN
49.5,123,NaN
49.5,125,NaN
49.5,127,NaN
49.5,129,NaN
49.5,131,NaN
49.5,133,NaN
49.5,135,NaN
49.5,137,NaN
49.5,139,NaN
49.5,141,NaN
49.5,143,NaN
49.5,145,0.030541992
49.5,147,0.064904785
49.5,149,0.797265625
49.5,151,1.439294434
49.5,153,2.111383057
49.5,155,2.824517822
49.5,157,3.442987061
49.5,159,3.00335083
49.5,161,3.084344482
49.5,163,3.94954834
49.5,165,3.67800293
49.5,167,3.732507324
49.5,169,3.884637451
49.5,171,4.03536377
49.5,173,4.19262085
49.5,175,4.362023926
49.5,177,4.53951416
49.5,179,4.640252686
49.5,181,4.732781982
49.5,183,4.900476074
49.5,185,5.100976563
49.5,187,5.284295654
49.5,189,5.448144531
49.5,191,5.565667725
49.5,193,5.631463623
49.5,195,5.666558838
49.5,197,5.682733154
49.5,199,5.77565918
49.5,201,5.873101807
49.5,203,5.956903076
49.5,205,6.093286133
49.5,207,6.2902771
49.5,209,6.4671875
49.5,211,6.694573975
49.5,213,6.963006592
49.5,215,7.115106201
49.5,217,7.400567627
49.5,219,7.69576416
49.5,221,8.084100342
49.5,223,8.68984375
49.5,225,9.285577393
49.5,227,9.988275146
49.5,229,10.66555176
49.5,231,10.72680054
49.5,233,NaN
49.5,235,NaN
49.5,237,NaN
49.5,239,NaN
49.5,241,NaN
49.5,243,NaN
49.5,245,NaN
49.5,247,NaN
49.5,249,NaN
49.5,251,NaN
49.5,253,NaN
49.5,255,NaN
49.5,257,NaN
49.5,259,NaN
49.5,261,NaN
49.5,263,NaN
49.5,265,NaN
49.5,267,NaN
49.5,269,NaN
49.5,271,NaN
49.5,273,NaN
49.5,275,NaN
49.5,277,NaN
49.5,279,NaN
49.5,281,NaN
49.5,283,NaN
49.5,285,NaN
49.5,287,NaN
49.5,289,NaN
49.5,291,NaN
49.5,293,NaN
49.5,295,NaN
49.5,297,NaN
49.5,299,NaN
49.5,301,NaN
49.5,303,NaN
49.5,305,-0.31317749
49.5,307,0.197839355
49.5,309,0.546960449
49.5,311,0.690820313
49.5,313,0.889123535
49.5,315,1.274041748
49.5,317,1.695062256
49.5,319,2.324395752
49.5,321,2.982995605
49.5,323,3.748376465
49.5,325,4.48394165
49.5,327,5.747796631
49.5,329,6.947473145
49.5,331,7.804315186
49.5,333,8.289849854
49.5,335,8.364892578
49.5,337,8.234216309
49.5,339,7.939416504
49.5,341,7.998712158
49.5,343,8.658868408
49.5,345,9.380548096
49.5,347,10.22722778
49.5,349,10.79116211
49.5,351,10.96618042
49.5,353,11.03566895
49.5,355,10.92800293
49.5,357,NaN
49.5,359,NaN
50.5,1,NaN
50.5,3,NaN
50.5,5,NaN
50.5,7,NaN
50.5,9,NaN
50.5,11,NaN
50.5,13,NaN
50.5,15,NaN
50.5,17,NaN
50.5,19,NaN
50.5,21,NaN
50.5,23,NaN
50.5,25,NaN
50.5,27,NaN
50.5,29,NaN
50.5,31,NaN
50.5,33,NaN
50.5,35,NaN
50.5,37,NaN
50.5,39,NaN
50.5,41,NaN
50.5,43,NaN
50.5,45,NaN
50.5,47,NaN
50.5,49,NaN
50.5,51,NaN
50.5,53,NaN
50.5,55,NaN
50.5,57,NaN
50.5,59,NaN
50.5,61,NaN
50.5,63,NaN
50.5,65,NaN
50.5,67,NaN
50.5,69,NaN
50.5,71,NaN
50.5,73,NaN
50.5,75,NaN
50.5,77,NaN
50.5,79,NaN
50.5,81,NaN
50.5,83,NaN
50.5,85,NaN
50.5,87,NaN
50.5,89,NaN
50.5,91,NaN
50.5,93,NaN
50.5,95,NaN
50.5,97,NaN
50.5,99,NaN
50.5,101,NaN
50.5,103,NaN
50.5,105,NaN
50.5,107,NaN
50.5,109,NaN
50.5,111,NaN
50.5,113,NaN
50.5,115,NaN
50.5,117,NaN
50.5,119,NaN
50.5,121,NaN
50.5,123,NaN
50.5,125,NaN
50.5,127,NaN
50.5,129,NaN
50.5,131,NaN
50.5,133,NaN
50.5,135,NaN
50.5,137,NaN
50.5,139,NaN
50.5,141,NaN
50.5,143,NaN
50.5,145,-0.018560791
50.5,147,0.131280518
50.5,149,0.717095947
50.5,151,1.503289795
50.5,153,2.292565918
50.5,155,3.043481445
50.5,157,3.338433838
50.5,159,3.145806885
50.5,161,2.826379395
50.5,163,3.791192627
50.5,165,3.744012451
50.5,167,3.815637207
50.5,169,3.886834717
50.5,171,3.961053467
50.5,173,4.062585449
50.5,175,4.187860107
50.5,177,4.360284424
50.5,179,4.499169922
50.5,181,4.573754883
50.5,183,4.783197021
50.5,185,5.090447998
50.5,187,5.386712646
50.5,189,5.694482422
50.5,191,5.959741211
50.5,193,6.125848389
50.5,195,6.159844971
50.5,197,6.126702881
50.5,199,6.11739502
50.5,201,6.161157227
50.5,203,6.164971924
50.5,205,6.259759521
50.5,207,6.433496094
50.5,209,6.56963501
50.5,211,6.739556885
50.5,213,6.966027832
50.5,215,7.100579834
50.5,217,7.385919189
50.5,219,7.666741943
50.5,221,8.030236816
50.5,223,8.58828125
50.5,225,9.141320801
50.5,227,9.883203125
50.5,229,10.60662231
50.5,231,10.50203857
50.5,233,NaN
50.5,235,NaN
50.5,237,NaN
50.5,239,NaN
50.5,241,NaN
50.5,243,NaN
50.5,245,NaN
50.5,247,NaN
50.5,249,NaN
50.5,251,NaN
50.5,253,NaN
50.5,255,NaN
50.5,257,NaN
50.5,259,NaN
50.5,261,NaN
50.5,263,NaN
50.5,265,NaN
50.5,267,NaN
50.5,269,NaN
50.5,271,NaN
50.5,273,NaN
50.5,275,NaN
50.5,277,NaN
50.5,279,NaN
50.5,281,NaN
50.5,283,NaN
50.5,285,NaN
50.5,287,NaN
50.5,289,NaN
50.5,291,NaN
50.5,293,NaN
50.5,295,NaN
50.5,297,NaN
50.5,299,NaN
50.5,301,NaN
50.5,303,NaN
50.5,305,-0.458135986
50.5,307,-0.056616211
50.5,309,0.382073975
50.5,311,0.706933594
50.5,313,1.017297363
50.5,315,1.500970459
50.5,317,1.961907959
50.5,319,2.512414551
50.5,321,3.032556152
50.5,323,3.690881348
50.5,325,4.356317139
50.5,327,5.501672363
50.5,329,6.617059326
50.5,331,7.463708496
50.5,333,7.920465088
50.5,335,7.985498047
50.5,337,7.853173828
50.5,339,7.566033936
50.5,341,7.704125977
50.5,343,8.489984131
50.5,345,9.243157959
50.5,347,10.08114014
50.5,349,10.56231079
50.5,351,10.73473511
50.5,353,10.56694946
50.5,355,NaN
50.5,357,NaN
50.5,359,NaN
51.5,1,NaN
51.5,3,NaN
51.5,5,NaN
51.5,7,NaN
51.5,9,NaN
51.5,11,NaN
51.5,13,NaN
51.5,15,NaN
51.5,17,NaN
51.5,19,NaN
51.5,21,NaN
51.5,23,NaN
51.5,25,NaN
51.5,27,NaN
51.5,29,NaN
51.5,31,NaN
51.5,33,NaN
51.5,35,NaN
51.5,37,NaN
51.5,39,NaN
51.5,41,NaN
51.5,43,NaN
51.5,45,NaN
51.5,47,NaN
51.5,49,NaN
51.5,51,NaN
51.5,53,NaN
51.5,55,NaN
51.5,57,NaN
51.5,59,NaN
51.5,61,NaN
51.5,63,NaN
51.5,65,NaN
51.5,67,NaN
51.5,69,NaN
51.5,71,NaN
51.5,73,NaN
51.5,75,NaN
51.5,77,NaN
51.5,79,NaN
51.5,81,NaN
51.5,83,NaN
51.5,85,NaN
51.5,87,NaN
51.5,89,NaN
51.5,91,NaN
51.5,93,NaN
51.5,95,NaN
51.5,97,NaN
51.5,99,NaN
51.5,101,NaN
51.5,103,NaN
51.5,105,NaN
51.5,107,NaN
51.5,109,NaN
51.5,111,NaN
51.5,113,NaN
51.5,115,NaN
51.5,117,NaN
51.5,119,NaN
51.5,121,NaN
51.5,123,NaN
51.5,125,NaN
51.5,127,NaN
51.5,129,NaN
51.5,131,NaN
51.5,133,NaN
51.5,135,NaN
51.5,137,NaN
51.5,139,NaN
51.5,141,NaN
51.5,143,NaN
51.5,145,-0.076116943
51.5,147,0.297021484
51.5,149,0.880395508
51.5,151,1.68404541
51.5,153,2.487969971
51.5,155,3.064294434
51.5,157,NaN
51.5,159,3.273828125
51.5,161,2.6597229
51.5,163,3.123620605
51.5,165,3.777032471
51.5,167,3.932305908
51.5,169,3.924584961
51.5,171,3.949121094
51.5,173,3.93972168
51.5,175,4.033135986
51.5,177,4.219354248
51.5,179,4.343713379
51.5,181,4.376062012
51.5,183,4.561151123
51.5,185,4.89284668
51.5,187,5.265405273
51.5,189,5.68404541
51.5,191,6.089654541
51.5,193,6.402886963
51.5,195,6.520227051
51.5,197,6.498773193
51.5,199,6.419030762
51.5,201,6.409265137
51.5,203,6.358605957
51.5,205,6.397302246
51.5,207,6.533746338
51.5,209,6.65657959
51.5,211,6.77590332
51.5,213,6.980645752
51.5,215,7.124047852
51.5,217,7.404260254
51.5,219,7.674371338
51.5,221,8.045953369
51.5,223,8.606988525
51.5,225,9.288812256
51.5,227,10.13417969
51.5,229,10.64803467
51.5,231,9.902001953
51.5,233,NaN
51.5,235,NaN
51.5,237,NaN
51.5,239,NaN
51.5,241,NaN
51.5,243,NaN
51.5,245,NaN
51.5,247,NaN
51.5,249,NaN
51.5,251,NaN
51.5,253,NaN
51.5,255,NaN
51.5,257,NaN
51.5,259,NaN
51.5,261,NaN
51.5,263,NaN
51.5,265,NaN
51.5,267,NaN
51.5,269,NaN
51.5,271,NaN
51.5,273,NaN
51.5,275,NaN
51.5,277,NaN
51.5,279,NaN
51.5,281,NaN
51.5,283,NaN
51.5,285,NaN
51.5,287,NaN
51.5,289,NaN
51.5,291,NaN
51.5,293,NaN
51.5,295,NaN
51.5,297,NaN
51.5,299,NaN
51.5,301,NaN
51.5,303,NaN
51.5,305,-0.499914551
51.5,307,-0.061956787
51.5,309,0.498101807
51.5,311,1.128717041
51.5,313,1.576379395
51.5,315,2.017541504
51.5,317,2.426721191
51.5,319,2.915338135
51.5,321,3.371209717
51.5,323,3.968530273
51.5,325,4.580438232
51.5,327,5.579095459
51.5,329,6.569512939
51.5,331,7.293389893
51.5,333,7.622705078
51.5,335,7.641107178
51.5,337,7.472192383
51.5,339,7.188562012
51.5,341,7.391381836
51.5,343,8.215203857
51.5,345,8.967126465
51.5,347,9.825952148
51.5,349,10.41646729
51.5,351,10.4397522
51.5,353,10.09279785
51.5,355,NaN
51.5,357,NaN
51.5,359,NaN
52.5,1,NaN
52.5,3,6.573571777
52.5,5,6.573571777
52.5,7,NaN
52.5,9,NaN
52.5,11,NaN
52.5,13,NaN
52.5,15,NaN
52.5,17,NaN
52.5,19,NaN
52.5,21,NaN
52.5,23,NaN
52.5,25,NaN
52.5,27,NaN
52.5,29,NaN
52.5,31,NaN
52.5,33,NaN
52.5,35,NaN
52.5,37,NaN
52.5,39,NaN
52.5,41,NaN
52.5,43,NaN
52.5,45,NaN
52.5,47,NaN
52.5,49,NaN
52.5,51,NaN
52.5,53,NaN
52.5,55,NaN
52.5,57,NaN
52.5,59,NaN
52.5,61,NaN
52.5,63,NaN
52.5,65,NaN
52.5,67,NaN
52.5,69,NaN
52.5,71,NaN
52.5,73,NaN
52.5,75,NaN
52.5,77,NaN
52.5,79,NaN
52.5,81,NaN
52.5,83,NaN
52.5,85,NaN
52.5,87,NaN
52.5,89,NaN
52.5,91,NaN
52.5,93,NaN
52.5,95,NaN
52.5,97,NaN
52.5,99,NaN
52.5,101,NaN
52.5,103,NaN
52.5,105,NaN
52.5,107,NaN
52.5,109,NaN
52.5,111,NaN
52.5,113,NaN
52.5,115,NaN
52.5,117,NaN
52.5,119,NaN
52.5,121,NaN
52.5,123,NaN
52.5,125,NaN
52.5,127,NaN
52.5,129,NaN
52.5,131,NaN
52.5,133,NaN
52.5,135,NaN
52.5,137,NaN
52.5,139,NaN
52.5,141,NaN
52.5,143,NaN
52.5,145,-0.058447266
52.5,147,0.351922607
52.5,149,0.950769043
52.5,151,1.802728271
52.5,153,2.622125244
52.5,155,3.203088379
52.5,157,NaN
52.5,159,NaN
52.5,161,2.716241455
52.5,163,2.750024414
52.5,165,3.41640625
52.5,167,4.143945313
52.5,169,3.989678955
52.5,171,3.900354004
52.5,173,3.847314453
52.5,175,3.93404541
52.5,177,4.084893799
52.5,179,4.181420898
52.5,181,4.212731934
52.5,183,4.404748535
52.5,185,4.768487549
52.5,187,5.183770752
52.5,189,5.619439697
52.5,191,6.051568604
52.5,193,6.453820801
52.5,195,6.718103027
52.5,197,6.800866699
52.5,199,6.767114258
52.5,201,6.797906494
52.5,203,6.649468994
52.5,205,6.60592041
52.5,207,6.690332031
52.5,209,6.784906006
52.5,211,6.809777832
52.5,213,6.997674561
52.5,215,7.158532715
52.5,217,7.422784424
52.5,219,7.707086182
52.5,221,8.125878906
52.5,223,8.75612793
52.5,225,9.590386963
52.5,227,10.26903687
52.5,229,9.524713135
52.5,231,8.341943359
52.5,233,NaN
52.5,235,NaN
52.5,237,NaN
52.5,239,NaN
52.5,241,NaN
52.5,243,NaN
52.5,245,NaN
52.5,247,NaN
52.5,249,NaN
52.5,251,NaN
52.5,253,NaN
52.5,255,NaN
52.5,257,NaN
52.5,259,NaN
52.5,261,NaN
52.5,263,NaN
52.5,265,NaN
52.5,267,NaN
52.5,269,NaN
52.5,271,NaN
52.5,273,NaN
52.5,275,NaN
52.5,277,NaN
52.5,279,NaN
52.5,281,NaN
52.5,283,NaN
52.5,285,NaN
52.5,287,NaN
52.5,289,NaN
52.5,291,NaN
52.5,293,NaN
52.5,295,NaN
52.5,297,NaN
52.5,299,NaN
52.5,301,NaN
52.5,303,NaN
52.5,305,-0.525183105
52.5,307,0.387384033
52.5,309,0.853143311
52.5,311,1.477807617
52.5,313,1.955865479
52.5,315,2.436639404
52.5,317,2.846826172
52.5,319,3.298669434
52.5,321,3.744683838
52.5,323,4.353326416
52.5,325,4.948907471
52.5,327,5.793145752
52.5,329,6.592370605
52.5,331,7.128137207
52.5,333,7.325463867
52.5,335,7.303857422
52.5,337,7.116723633
52.5,339,6.852990723
52.5,341,7.080407715
52.5,343,7.865045166
52.5,345,8.576806641
52.5,347,9.504754639
52.5,349,10.12926636
52.5,351,NaN
52.5,353,NaN
52.5,355,NaN
52.5,357,NaN
52.5,359,NaN
53.5,1,6.609338379
53.5,3,6.584588623
53.5,5,6.223931885
53.5,7,NaN
53.5,9,NaN
53.5,11,NaN
53.5,13,NaN
53.5,15,NaN
53.5,17,NaN
53.5,19,NaN
53.5,21,NaN
53.5,23,NaN
53.5,25,NaN
53.5,27,NaN
53.5,29,NaN
53.5,31,NaN
53.5,33,NaN
53.5,35,NaN
53.5,37,NaN
53.5,39,NaN
53.5,41,NaN
53.5,43,NaN
53.5,45,NaN
53.5,47,NaN
53.5,49,NaN
53.5,51,NaN
53.5,53,NaN
53.5,55,NaN
53.5,57,NaN
53.5,59,NaN
53.5,61,NaN
53.5,63,NaN
53.5,65,NaN
53.5,67,NaN
53.5,69,NaN
53.5,71,NaN
53.5,73,NaN
53.5,75,NaN
53.5,77,NaN
53.5,79,NaN
53.5,81,NaN
53.5,83,NaN
53.5,85,NaN
53.5,87,NaN
53.5,89,NaN
53.5,91,NaN
53.5,93,NaN
53.5,95,NaN
53.5,97,NaN
53.5,99,NaN
53.5,101,NaN
53.5,103,NaN
53.5,105,NaN
53.5,107,NaN
53.5,109,NaN
53.5,111,NaN
53.5,113,NaN
53.5,115,NaN
53.5,117,NaN
53.5,119,NaN
53.5,121,NaN
53.5,123,NaN
53.5,125,NaN
53.5,127,NaN
53.5,129,NaN
53.5,131,NaN
53.5,133,NaN
53.5,135,NaN
53.5,137,NaN
53.5,139,NaN
53.5,141,NaN
53.5,143,NaN
53.5,145,-0.00458374
53.5,147,0.330773926
53.5,149,0.922906494
53.5,151,1.72197876
53.5,153,2.610528564
53.5,155,3.247766113
53.5,157,NaN
53.5,159,NaN
53.5,161,2.792382813
53.5,163,2.538659668
53.5,165,2.913049316
53.5,167,4.1546875
53.5,169,4.103051758
53.5,171,3.89864502
53.5,173,3.828973389
53.5,175,3.91439209
53.5,177,3.999688721
53.5,179,4.073999023
53.5,181,4.162194824
53.5,183,4.423577881
53.5,185,4.849206543
53.5,187,5.27376709
53.5,189,5.630212402
53.5,191,5.973413086
53.5,193,6.385400391
53.5,195,6.805505371
53.5,197,7.040582275
53.5,199,7.0090271
53.5,201,7.140527344
53.5,203,7.059075928
53.5,205,6.883477783
53.5,207,6.93996582
53.5,209,7.013391113
53.5,211,6.845239258
53.5,213,6.981286621
53.5,215,7.144281006
53.5,217,7.427575684
53.5,219,7.777398682
53.5,221,8.284661865
53.5,223,8.994866943
53.5,225,9.72008667
53.5,227,9.477929688
53.5,229,NaN
53.5,231,NaN
53.5,233,NaN
53.5,235,NaN
53.5,237,NaN
53.5,239,NaN
53.5,241,NaN
53.5,243,NaN
53.5,245,NaN
53.5,247,NaN
53.5,249,NaN
53.5,251,NaN
53.5,253,NaN
53.5,255,NaN
53.5,257,NaN
53.5,259,NaN
53.5,261,NaN
53.5,263,NaN
53.5,265,NaN
53.5,267,NaN
53.5,269,NaN
53.5,271,NaN
53.5,273,NaN
53.5,275,NaN
53.5,277,NaN
53.5,279,NaN
53.5,281,NaN
53.5,283,NaN
53.5,285,NaN
53.5,287,NaN
53.5,289,NaN
53.5,291,NaN
53.5,293,NaN
53.5,295,NaN
53.5,297,NaN
53.5,299,NaN
53.5,301,NaN
53.5,303,NaN
53.5,305,-0.470495605
53.5,307,0.115411377
53.5,309,0.679467773
53.5,311,1.426263428
53.5,313,2.08135376
53.5,315,2.648706055
53.5,317,3.102838135
53.5,319,3.565423584
53.5,321,4.014978027
53.5,323,4.653466797
53.5,325,5.259698486
53.5,327,5.954644775
53.5,329,6.513696289
53.5,331,6.831140137
53.5,333,6.933343506
53.5,335,6.916589355
53.5,337,6.766687012
53.5,339,6.55892334
53.5,341,6.77678833
53.5,343,7.480462646
53.5,345,8.147363281
53.5,347,9.14977417
53.5,349,9.891473389
53.5,351,NaN
53.5,353,NaN
53.5,355,NaN
53.5,357,NaN
53.5,359,NaN
54.5,1,6.453820801
54.5,3,6.387261963
54.5,5,6.037316895
54.5,7,5.655541992
54.5,9,NaN
54.5,11,NaN
54.5,13,NaN
54.5,15,NaN
54.5,17,NaN
54.5,19,NaN
54.5,21,NaN
54.5,23,NaN
54.5,25,NaN
54.5,27,NaN
54.5,29,NaN
54.5,31,NaN
54.5,33,NaN
54.5,35,NaN
54.5,37,NaN
54.5,39,NaN
54.5,41,NaN
54.5,43,NaN
54.5,45,NaN
54.5,47,NaN
54.5,49,NaN
54.5,51,NaN
54.5,53,NaN
54.5,55,NaN
54.5,57,NaN
54.5,59,NaN
54.5,61,NaN
54.5,63,NaN
54.5,65,NaN
54.5,67,NaN
54.5,69,NaN
54.5,71,NaN
54.5,73,NaN
54.5,75,NaN
54.5,77,NaN
54.5,79,NaN
54.5,81,NaN
54.5,83,NaN
54.5,85,NaN
54.5,87,NaN
54.5,89,NaN
54.5,91,NaN
54.5,93,NaN
54.5,95,NaN
54.5,97,NaN
54.5,99,NaN
54.5,101,NaN
54.5,103,NaN
54.5,105,NaN
54.5,107,NaN
54.5,109,NaN
54.5,111,NaN
54.5,113,NaN
54.5,115,NaN
54.5,117,NaN
54.5,119,NaN
54.5,121,NaN
54.5,123,NaN
54.5,125,NaN
54.5,127,NaN
54.5,129,NaN
54.5,131,NaN
54.5,133,NaN
54.5,135,NaN
54.5,137,NaN
54.5,139,NaN
54.5,141,-0.479711914
54.5,143,-0.365057373
54.5,145,-0.144354248
54.5,147,0.154290771
54.5,149,0.77388916
54.5,151,1.385888672
54.5,153,2.351373291
54.5,155,3.040032959
54.5,157,NaN
54.5,159,NaN
54.5,161,NaN
54.5,163,2.560449219
54.5,165,2.485131836
54.5,167,3.829034424
54.5,169,4.248925781
54.5,171,4.009362793
54.5,173,3.906762695
54.5,175,3.986383057
54.5,177,4.069085693
54.5,179,4.152429199
54.5,181,4.325189209
54.5,183,4.677606201
54.5,185,5.135766602
54.5,187,5.536920166
54.5,189,5.81105957
54.5,191,6.042504883
54.5,193,NaN
54.5,195,NaN
54.5,197,7.123376465
54.5,199,7.102258301
54.5,201,7.285699463
54.5,203,7.386682129
54.5,205,7.276177979
54.5,207,7.330987549
54.5,209,7.337915039
54.5,211,7.008416748
54.5,213,7.037896729
54.5,215,7.219842529
54.5,217,7.530847168
54.5,219,7.957757568
54.5,221,8.556359863
54.5,223,9.216241455
54.5,225,9.412835693
54.5,227,8.785455322
54.5,229,NaN
54.5,231,NaN
54.5,233,NaN
54.5,235,NaN
54.5,237,NaN
54.5,239,NaN
54.5,241,NaN
54.5,243,NaN
54.5,245,NaN
54.5,247,NaN
54.5,249,NaN
54.5,251,NaN
54.5,253,NaN
54.5,255,NaN
54.5,257,NaN
54.5,259,NaN
54.5,261,NaN
54.5,263,NaN
54.5,265,NaN
54.5,267,NaN
54.5,269,NaN
54.5,271,NaN
54.5,273,NaN
54.5,275,NaN
54.5,277,NaN
54.5,279,NaN
54.5,281,NaN
54.5,283,NaN
54.5,285,NaN
54.5,287,NaN
54.5,289,NaN
54.5,291,NaN
54.5,293,NaN
54.5,295,NaN
54.5,297,NaN
54.5,299,NaN
54.5,301,-0.522375488
54.5,303,-0.48480835
54.5,305,-0.376898193
54.5,307,0.040917969
54.5,309,0.688562012
54.5,311,1.479882813
54.5,313,2.264367676
54.5,315,2.853845215
54.5,317,3.290856934
54.5,319,3.717675781
54.5,321,4.138818359
54.5,323,4.725518799
54.5,325,5.315789795
54.5,327,5.856958008
54.5,329,6.167077637
54.5,331,6.254327393
54.5,333,6.292443848
54.5,335,6.360437012
54.5,337,6.342675781
54.5,339,6.240197754
54.5,341,6.46227417
54.5,343,7.144616699
54.5,345,7.827294922
54.5,347,8.833337402
54.5,349,9.668054199
54.5,351,NaN
54.5,353,NaN
54.5,355,NaN
54.5,357,NaN
54.5,359,6.404962158
55.5,1,6.267358398
55.5,3,6.052880859
55.5,5,5.392297363
55.5,7,4.455682373
55.5,9,NaN
55.5,11,NaN
55.5,13,NaN
55.5,15,NaN
55.5,17,NaN
55.5,19,NaN
55.5,21,NaN
55.5,23,NaN
55.5,25,NaN
55.5,27,NaN
55.5,29,NaN
55.5,31,NaN
55.5,33,NaN
55.5,35,NaN
55.5,37,NaN
55.5,39,NaN
55.5,41,NaN
55.5,43,NaN
55.5,45,NaN
55.5,47,NaN
55.5,49,NaN
55.5,51,NaN
55.5,53,NaN
55.5,55,NaN
55.5,57,NaN
55.5,59,NaN
55.5,61,NaN
55.5,63,NaN
55.5,65,NaN
55.5,67,NaN
55.5,69,NaN
55.5,71,NaN
55.5,73,NaN
55.5,75,NaN
55.5,77,NaN
55.5,79,NaN
55.5,81,NaN
55.5,83,NaN
55.5,85,NaN
55.5,87,NaN
55.5,89,NaN
55.5,91,NaN
55.5,93,NaN
55.5,95,NaN
55.5,97,NaN
55.5,99,NaN
55.5,101,NaN
55.5,103,NaN
55.5,105,NaN
55.5,107,NaN
55.5,109,NaN
55.5,111,NaN
55.5,113,NaN
55.5,115,NaN
55.5,117,NaN
55.5,119,NaN
55.5,121,NaN
55.5,123,NaN
55.5,125,NaN
55.5,127,NaN
55.5,129,NaN
55.5,131,NaN
55.5,133,NaN
55.5,135,NaN
55.5,137,NaN
55.5,139,-0.39710083
55.5,141,-0.329382324
55.5,143,-0.358221436
55.5,145,-0.306524658
55.5,147,-0.050024414
55.5,149,0.464440918
55.5,151,0.872094727
55.5,153,1.773065186
55.5,155,2.315667725
55.5,157,NaN
55.5,159,NaN
55.5,161,NaN
55.5,163,2.739312744
55.5,165,2.248376465
55.5,167,3.328851318
55.5,169,4.165338135
55.5,171,3.960656738
55.5,173,3.970880127
55.5,175,4.079553223
55.5,177,4.137109375
55.5,179,4.287286377
55.5,181,4.560327148
55.5,183,4.965661621
55.5,185,5.435388184
55.5,187,5.839807129
55.5,189,6.117028809
55.5,191,6.337579346
55.5,193,6.611322021
55.5,195,NaN
55.5,197,NaN
55.5,199,NaN
55.5,201,7.209832764
55.5,203,7.342279053
55.5,205,7.64989624
55.5,207,7.791497803
55.5,209,7.744134521
55.5,211,7.37911377
55.5,213,7.317956543
55.5,215,7.529534912
55.5,217,7.886499023
55.5,219,8.361230469
55.5,221,8.894464111
55.5,223,9.182519531
55.5,225,8.849542236
55.5,227,8.51293335
55.5,229,NaN
55.5,231,NaN
55.5,233,NaN
55.5,235,NaN
55.5,237,NaN
55.5,239,NaN
55.5,241,NaN
55.5,243,NaN
55.5,245,NaN
55.5,247,NaN
55.5,249,NaN
55.5,251,NaN
55.5,253,NaN
55.5,255,NaN
55.5,257,NaN
55.5,259,NaN
55.5,261,NaN
55.5,263,NaN
55.5,265,NaN
55.5,267,NaN
55.5,269,NaN
55.5,271,NaN
55.5,273,NaN
55.5,275,NaN
55.5,277,NaN
55.5,279,NaN
55.5,281,NaN
55.5,283,NaN
55.5,285,NaN
55.5,287,NaN
55.5,289,NaN
55.5,291,NaN
55.5,293,NaN
55.5,295,NaN
55.5,297,NaN
55.5,299,NaN
55.5,301,-0.494299316
55.5,303,-0.434210205
55.5,305,-0.431921387
55.5,307,-0.028173828
55.5,309,0.768457031
55.5,311,1.665826416
55.5,313,2.55022583
55.5,315,3.138970947
55.5,317,3.522454834
55.5,319,3.845147705
55.5,321,4.293756104
55.5,323,4.695153809
55.5,325,5.183618164
55.5,327,5.58348999
55.5,329,5.693719482
55.5,331,5.658135986
55.5,333,5.777093506
55.5,335,5.963098145
55.5,337,6.025994873
55.5,339,5.981011963
55.5,341,6.214440918
55.5,343,6.942956543
55.5,345,7.669702148
55.5,347,8.641412354
55.5,349,9.39208374
55.5,351,9.503442383
55.5,353,NaN
55.5,355,NaN
55.5,357,NaN
55.5,359,6.305169678
56.5,1,6.080133057
56.5,3,5.801965332
56.5,5,4.894616699
56.5,7,3.865777588
56.5,9,NaN
56.5,11,NaN
56.5,13,NaN
56.5,15,NaN
56.5,17,NaN
56.5,19,NaN
56.5,21,NaN
56.5,23,NaN
56.5,25,NaN
56.5,27,NaN
56.5,29,NaN
56.5,31,NaN
56.5,33,NaN
56.5,35,NaN
56.5,37,NaN
56.5,39,NaN
56.5,41,NaN
56.5,43,NaN
56.5,45,NaN
56.5,47,NaN
56.5,49,NaN
56.5,51,NaN
56.5,53,NaN
56.5,55,NaN
56.5,57,NaN
56.5,59,NaN
56.5,61,NaN
56.5,63,NaN
56.5,65,NaN
56.5,67,NaN
56.5,69,NaN
56.5,71,NaN
56.5,73,NaN
56.5,75,NaN
56.5,77,NaN
56.5,79,NaN
56.5,81,NaN
56.5,83,NaN
56.5,85,NaN
56.5,87,NaN
56.5,89,NaN
56.5,91,NaN
56.5,93,NaN
56.5,95,NaN
56.5,97,NaN
56.5,99,NaN
56.5,101,NaN
56.5,103,NaN
56.5,105,NaN
56.5,107,NaN
56.5,109,NaN
56.5,111,NaN
56.5,113,NaN
56.5,115,NaN
56.5,117,NaN
56.5,119,NaN
56.5,121,NaN
56.5,123,NaN
56.5,125,NaN
56.5,127,NaN
56.5,129,NaN
56.5,131,NaN
56.5,133,NaN
56.5,135,NaN
56.5,137,NaN
56.5,139,-0.321325684
56.5,141,-0.164984131
56.5,143,-0.139471436
56.5,145,-0.278173828
56.5,147,-0.106939697
56.5,149,0.138543701
56.5,151,0.422052002
56.5,153,0.903894043
56.5,155,0.542718506
56.5,157,NaN
56.5,159,NaN
56.5,161,NaN
56.5,163,2.372979736
56.5,165,2.180718994
56.5,167,2.81206665
56.5,169,3.881402588
56.5,171,3.841241455
56.5,173,3.996362305
56.5,175,4.212426758
56.5,177,4.272637939
56.5,179,4.464624023
56.5,181,4.776544189
56.5,183,5.167901611
56.5,185,5.565270996
56.5,187,5.886254883
56.5,189,6.139276123
56.5,191,6.397363281
56.5,193,6.638604736
56.5,195,6.683953857
56.5,197,6.274804688
56.5,199,NaN
56.5,201,NaN
56.5,203,7.140557861
56.5,205,7.523461914
56.5,207,7.995629883
56.5,209,8.068444824
56.5,211,7.853356934
56.5,213,7.805505371
56.5,215,7.983789063
56.5,217,8.27364502
56.5,219,8.596002197
56.5,221,8.791314697
56.5,223,8.580102539
56.5,225,NaN
56.5,227,NaN
56.5,229,NaN
56.5,231,NaN
56.5,233,NaN
56.5,235,NaN
56.5,237,NaN
56.5,239,NaN
56.5,241,NaN
56.5,243,NaN
56.5,245,NaN
56.5,247,NaN
56.5,249,NaN
56.5,251,NaN
56.5,253,NaN
56.5,255,NaN
56.5,257,NaN
56.5,259,NaN
56.5,261,NaN
56.5,263,NaN
56.5,265,NaN
56.5,267,NaN
56.5,269,NaN
56.5,271,NaN
56.5,273,-0.322271729
56.5,275,-0.244696045
56.5,277,-0.117407227
56.5,279,-0.129705811
56.5,281,NaN
56.5,283,NaN
56.5,285,NaN
56.5,287,NaN
56.5,289,NaN
56.5,291,NaN
56.5,293,NaN
56.5,295,NaN
56.5,297,NaN
56.5,299,-0.570349121
56.5,301,-0.530554199
56.5,303,-0.529852295
56.5,305,-0.438482666
56.5,307,0.076196289
56.5,309,0.93190918
56.5,311,1.831384277
56.5,313,2.618493652
56.5,315,3.035028076
56.5,317,3.222131348
56.5,319,3.545617676
56.5,321,4.363336182
56.5,323,4.657922363
56.5,325,5.010125732
56.5,327,5.257531738
56.5,329,5.264916992
56.5,331,5.164544678
56.5,333,5.366387939
56.5,335,5.635308838
56.5,337,5.778039551
56.5,339,5.842889404
56.5,341,6.182702637
56.5,343,7.057733154
56.5,345,7.830316162
56.5,347,8.750909424
56.5,349,9.409295654
56.5,351,9.38225708
56.5,353,NaN
56.5,355,NaN
56.5,357,NaN
56.5,359,6.196496582
57.5,1,6.270684814
57.5,3,5.835748291
57.5,5,4.352227783
57.5,7,3.620477295
57.5,9,NaN
57.5,11,NaN
57.5,13,NaN
57.5,15,NaN
57.5,17,NaN
57.5,19,NaN
57.5,21,NaN
57.5,23,NaN
57.5,25,NaN
57.5,27,NaN
57.5,29,NaN
57.5,31,NaN
57.5,33,NaN
57.5,35,NaN
57.5,37,NaN
57.5,39,NaN
57.5,41,NaN
57.5,43,NaN
57.5,45,NaN
57.5,47,NaN
57.5,49,NaN
57.5,51,NaN
57.5,53,NaN
57.5,55,NaN
57.5,57,NaN
57.5,59,NaN
57.5,61,NaN
57.5,63,NaN
57.5,65,NaN
57.5,67,NaN
57.5,69,NaN
57.5,71,NaN
57.5,73,NaN
57.5,75,NaN
57.5,77,NaN
57.5,79,NaN
57.5,81,NaN
57.5,83,NaN
57.5,85,NaN
57.5,87,NaN
57.5,89,NaN
57.5,91,NaN
57.5,93,NaN
57.5,95,NaN
57.5,97,NaN
57.5,99,NaN
57.5,101,NaN
57.5,103,NaN
57.5,105,NaN
57.5,107,NaN
57.5,109,NaN
57.5,111,NaN
57.5,113,NaN
57.5,115,NaN
57.5,117,NaN
57.5,119,NaN
57.5,121,NaN
57.5,123,NaN
57.5,125,NaN
57.5,127,NaN
57.5,129,NaN
57.5,131,NaN
57.5,133,NaN
57.5,135,NaN
57.5,137,NaN
57.5,139,-0.25256958
57.5,141,0.104211426
57.5,143,0.030877686
57.5,145,-0.187475586
57.5,147,-0.076239014
57.5,149,0.114923096
57.5,151,0.256585693
57.5,153,0.205651855
57.5,155,-0.330053711
57.5,157,-0.475653076
57.5,159,NaN
57.5,161,NaN
57.5,163,NaN
57.5,165,2.074761963
57.5,167,2.478601074
57.5,169,3.409173584
57.5,171,3.607019043
57.5,173,3.901971436
57.5,175,4.304711914
57.5,177,4.406213379
57.5,179,4.633477783
57.5,181,4.942041016
57.5,183,5.284509277
57.5,185,5.559838867
57.5,187,5.755609131
57.5,189,5.987084961
57.5,191,6.207269287
57.5,193,6.216699219
57.5,195,6.189294434
57.5,197,5.797357178
57.5,199,4.994500732
57.5,201,NaN
57.5,203,NaN
57.5,205,NaN
57.5,207,7.426690674
57.5,209,7.801324463
57.5,211,7.961968994
57.5,213,8.095605469
57.5,215,8.179681396
57.5,217,8.283135986
57.5,219,8.408013916
57.5,221,8.258813477
57.5,223,7.64876709
57.5,225,NaN
57.5,227,NaN
57.5,229,NaN
57.5,231,NaN
57.5,233,NaN
57.5,235,NaN
57.5,237,NaN
57.5,239,NaN
57.5,241,NaN
57.5,243,NaN
57.5,245,NaN
57.5,247,NaN
57.5,249,NaN
57.5,251,NaN
57.5,253,NaN
57.5,255,NaN
57.5,257,NaN
57.5,259,NaN
57.5,261,NaN
57.5,263,NaN
57.5,265,NaN
57.5,267,-0.355383301
57.5,269,-0.351904297
57.5,271,-0.311102295
57.5,273,-0.20859375
57.5,275,-0.181311035
57.5,277,-0.220343018
57.5,279,-0.222387695
57.5,281,-0.211248779
57.5,283,NaN
57.5,285,NaN
57.5,287,NaN
57.5,289,NaN
57.5,291,NaN
57.5,293,NaN
57.5,295,NaN
57.5,297,NaN
57.5,299,-0.58182373
57.5,301,-0.570379639
57.5,303,-0.583837891
57.5,305,-0.348028564
57.5,307,0.351220703
57.5,309,1.244805908
57.5,311,1.958734131
57.5,313,2.264093018
57.5,315,2.247216797
57.5,317,2.27791748
57.5,319,2.7043396
57.5,321,3.915490723
57.5,323,4.572442627
57.5,325,4.820825195
57.5,327,4.884332275
57.5,329,4.863702393
57.5,331,4.788049316
57.5,333,5.087792969
57.5,335,5.436639404
57.5,337,5.695977783
57.5,339,5.926568604
57.5,341,6.394586182
57.5,343,7.350366211
57.5,345,8.110406494
57.5,347,8.960656738
57.5,349,9.357995605
57.5,351,9.264978027
57.5,353,8.799768066
57.5,355,NaN
57.5,357,NaN
57.5,359,6.160913086
58.5,1,6.308618164
58.5,3,5.824517822
58.5,5,3.825524902
58.5,7,NaN
58.5,9,NaN
58.5,11,NaN
58.5,13,NaN
58.5,15,NaN
58.5,17,NaN
58.5,19,NaN
58.5,21,NaN
58.5,23,NaN
58.5,25,NaN
58.5,27,NaN
58.5,29,NaN
58.5,31,NaN
58.5,33,NaN
58.5,35,NaN
58.5,37,NaN
58.5,39,NaN
58.5,41,NaN
58.5,43,NaN
58.5,45,NaN
58.5,47,NaN
58.5,49,NaN
58.5,51,NaN
58.5,53,NaN
58.5,55,NaN
58.5,57,NaN
58.5,59,NaN
58.5,61,NaN
58.5,63,NaN
58.5,65,NaN
58.5,67,NaN
58.5,69,NaN
58.5,71,NaN
58.5,73,NaN
58.5,75,NaN
58.5,77,NaN
58.5,79,NaN
58.5,81,NaN
58.5,83,NaN
58.5,85,NaN
58.5,87,NaN
58.5,89,NaN
58.5,91,NaN
58.5,93,NaN
58.5,95,NaN
58.5,97,NaN
58.5,99,NaN
58.5,101,NaN
58.5,103,NaN
58.5,105,NaN
58.5,107,NaN
58.5,109,NaN
58.5,111,NaN
58.5,113,NaN
58.5,115,NaN
58.5,117,NaN
58.5,119,NaN
58.5,121,NaN
58.5,123,NaN
58.5,125,NaN
58.5,127,NaN
58.5,129,NaN
58.5,131,NaN
58.5,133,NaN
58.5,135,NaN
58.5,137,NaN
58.5,139,NaN
58.5,141,NaN
58.5,143,0.054681396
58.5,145,-0.240423584
58.5,147,-0.348577881
58.5,149,-0.229711914
58.5,151,-0.058081055
58.5,153,-0.025152588
58.5,155,-0.499975586
58.5,157,-0.514746094
58.5,159,NaN
58.5,161,NaN
58.5,163,NaN
58.5,165,2.053735352
58.5,167,2.334436035
58.5,169,2.943109131
58.5,171,3.310906982
58.5,173,3.631066895
58.5,175,4.229455566
58.5,177,4.390252686
58.5,179,4.7144104
58.5,181,5.047479248
58.5,183,5.383203125
58.5,185,5.585290527
58.5,187,5.713525391
58.5,189,5.899438477
58.5,191,5.774194336
58.5,193,5.243829346
58.5,195,5.209619141
58.5,197,4.63225708
58.5,199,4.479455566
58.5,201,NaN
58.5,203,NaN
58.5,205,NaN
58.5,207,NaN
58.5,209,6.401452637
58.5,211,6.84407959
58.5,213,7.37041626
58.5,215,7.416497803
58.5,217,7.279901123
58.5,219,7.115106201
58.5,221,NaN
58.5,223,NaN
58.5,225,NaN
58.5,227,NaN
58.5,229,NaN
58.5,231,NaN
58.5,233,NaN
58.5,235,NaN
58.5,237,NaN
58.5,239,NaN
58.5,241,NaN
58.5,243,NaN
58.5,245,NaN
58.5,247,NaN
58.5,249,NaN
58.5,251,NaN
58.5,253,NaN
58.5,255,NaN
58.5,257,NaN
58.5,259,NaN
58.5,261,NaN
58.5,263,NaN
58.5,265,NaN
58.5,267,-0.362890625
58.5,269,-0.314306641
58.5,271,-0.182592773
58.5,273,-0.217321777
58.5,275,-0.286108398
58.5,277,-0.293829346
58.5,279,-0.269171143
58.5,281,-0.257971191
58.5,283,NaN
58.5,285,NaN
58.5,287,NaN
58.5,289,NaN
58.5,291,NaN
58.5,293,NaN
58.5,295,NaN
58.5,297,-0.483618164
58.5,299,-0.570349121
58.5,301,-0.595037842
58.5,303,-0.599829102
58.5,305,-0.265936279
58.5,307,0.482904053
58.5,309,1.178277588
58.5,311,1.551690674
58.5,313,1.50222168
58.5,315,1.29720459
58.5,317,1.266229248
58.5,319,1.635858154
58.5,321,2.887078857
58.5,323,4.124169922
58.5,325,4.521051025
58.5,327,4.443078613
58.5,329,4.420678711
58.5,331,4.505609131
58.5,333,4.993707275
58.5,335,5.514489746
58.5,337,5.959222412
58.5,339,6.333978271
58.5,341,6.770471191
58.5,343,7.545709229
58.5,345,8.24440918
58.5,347,9.016809082
58.5,349,9.301660156
58.5,351,9.27666626
58.5,353,9.286248779
58.5,355,9.329095459
58.5,357,NaN
58.5,359,6.517541504
59.5,1,7.032556152
59.5,3,5.624475098
59.5,5,NaN
59.5,7,NaN
59.5,9,NaN
59.5,11,NaN
59.5,13,NaN
59.5,15,NaN
59.5,17,NaN
59.5,19,NaN
59.5,21,NaN
59.5,23,NaN
59.5,25,NaN
59.5,27,NaN
59.5,29,NaN
59.5,31,NaN
59.5,33,NaN
59.5,35,NaN
59.5,37,NaN
59.5,39,NaN
59.5,41,NaN
59.5,43,NaN
59.5,45,NaN
59.5,47,NaN
59.5,49,NaN
59.5,51,NaN
59.5,53,NaN
59.5,55,NaN
59.5,57,NaN
59.5,59,NaN
59.5,61,NaN
59.5,63,NaN
59.5,65,NaN
59.5,67,NaN
59.5,69,NaN
59.5,71,NaN
59.5,73,NaN
59.5,75,NaN
59.5,77,NaN
59.5,79,NaN
59.5,81,NaN
59.5,83,NaN
59.5,85,NaN
59.5,87,NaN
59.5,89,NaN
59.5,91,NaN
59.5,93,NaN
59.5,95,NaN
59.5,97,NaN
59.5,99,NaN
59.5,101,NaN
59.5,103,NaN
59.5,105,NaN
59.5,107,NaN
59.5,109,NaN
59.5,111,NaN
59.5,113,NaN
59.5,115,NaN
59.5,117,NaN
59.5,119,NaN
59.5,121,NaN
59.5,123,NaN
59.5,125,NaN
59.5,127,NaN
59.5,129,NaN
59.5,131,NaN
59.5,133,NaN
59.5,135,NaN
59.5,137,NaN
59.5,139,NaN
59.5,141,NaN
59.5,143,NaN
59.5,145,NaN
59.5,147,NaN
59.5,149,NaN
59.5,151,NaN
59.5,153,NaN
59.5,155,-0.524816895
59.5,157,-0.551123047
59.5,159,-0.578771973
59.5,161,NaN
59.5,163,NaN
59.5,165,NaN
59.5,167,2.351800537
59.5,169,2.751031494
59.5,171,3.094049072
59.5,173,3.204217529
59.5,175,3.902124023
59.5,177,4.132653809
59.5,179,4.566644287
59.5,181,4.861688232
59.5,183,5.107324219
59.5,185,5.283624268
59.5,187,5.257867432
59.5,189,4.969689941
59.5,191,4.424035645
59.5,193,3.908319092
59.5,195,3.610437012
59.5,197,NaN
59.5,199,3.256738281
59.5,201,NaN
59.5,203,NaN
59.5,205,NaN
59.5,207,NaN
59.5,209,5.805444336
59.5,211,5.220635986
59.5,213,5.484124756
59.5,215,6.015924072
59.5,217,6.370446777
59.5,219,6.498773193
59.5,221,NaN
59.5,223,NaN
59.5,225,NaN
59.5,227,NaN
59.5,229,NaN
59.5,231,NaN
59.5,233,NaN
59.5,235,NaN
59.5,237,NaN
59.5,239,NaN
59.5,241,NaN
59.5,243,NaN
59.5,245,NaN
59.5,247,NaN
59.5,249,NaN
59.5,251,NaN
59.5,253,NaN
59.5,255,NaN
59.5,257,NaN
59.5,259,NaN
59.5,261,NaN
59.5,263,NaN
59.5,265,NaN
59.5,267,-0.341986084
59.5,269,-0.262518311
59.5,271,-0.267095947
59.5,273,-0.320471191
59.5,275,-0.346868896
59.5,277,-0.331243896
59.5,279,-0.30411377
59.5,281,-0.26315918
59.5,283,NaN
59.5,285,NaN
59.5,287,NaN
59.5,289,NaN
59.5,291,NaN
59.5,293,NaN
59.5,295,-0.428808594
59.5,297,-0.481787109
59.5,299,-0.517767334
59.5,301,-0.605963135
59.5,303,-0.609869385
59.5,305,-0.193640137
59.5,307,0.679437256
59.5,309,1.275811768
59.5,311,1.474572754
59.5,313,1.259576416
59.5,315,1.03371582
59.5,317,NaN
59.5,319,0.649987793
59.5,321,1.571496582
59.5,323,3.020623779
59.5,325,3.920404053
59.5,327,3.96505127
59.5,329,4.048120117
59.5,331,4.396264648
59.5,333,5.028741455
59.5,335,5.635491943
59.5,337,6.173120117
59.5,339,6.615289307
59.5,341,7.078607178
59.5,343,7.833734131
59.5,345,8.307977295
59.5,347,8.871270752
59.5,349,9.274713135
59.5,351,9.311669922
59.5,353,9.334680176
59.5,355,9.407952881
59.5,357,8.073815918
59.5,359,7.223291016
60.5,1,7.859399414
60.5,3,6.040490723
60.5,5,NaN
60.5,7,NaN
60.5,9,NaN
60.5,11,NaN
60.5,13,NaN
60.5,15,NaN
60.5,17,NaN
60.5,19,NaN
60.5,21,NaN
60.5,23,NaN
60.5,25,NaN
60.5,27,NaN
60.5,29,NaN
60.5,31,NaN
60.5,33,NaN
60.5,35,NaN
60.5,37,NaN
60.5,39,NaN
60.5,41,NaN
60.5,43,NaN
60.5,45,NaN
60.5,47,NaN
60.5,49,NaN
60.5,51,NaN
60.5,53,NaN
60.5,55,NaN
60.5,57,NaN
60.5,59,NaN
60.5,61,NaN
60.5,63,NaN
60.5,65,NaN
60.5,67,NaN
60.5,69,NaN
60.5,71,NaN
60.5,73,NaN
60.5,75,NaN
60.5,77,NaN
60.5,79,NaN
60.5,81,NaN
60.5,83,NaN
60.5,85,NaN
60.5,87,NaN
60.5,89,NaN
60.5,91,NaN
60.5,93,NaN
60.5,95,NaN
60.5,97,NaN
60.5,99,NaN
60.5,101,NaN
60.5,103,NaN
60.5,105,NaN
60.5,107,NaN
60.5,109,NaN
60.5,111,NaN
60.5,113,NaN
60.5,115,NaN
60.5,117,NaN
60.5,119,NaN
60.5,121,NaN
60.5,123,NaN
60.5,125,NaN
60.5,127,NaN
60.5,129,NaN
60.5,131,NaN
60.5,133,NaN
60.5,135,NaN
60.5,137,NaN
60.5,139,NaN
60.5,141,NaN
60.5,143,NaN
60.5,145,NaN
60.5,147,NaN
60.5,149,NaN
60.5,151,NaN
60.5,153,NaN
60.5,155,NaN
60.5,157,-0.583837891
60.5,159,-0.599737549
60.5,161,NaN
60.5,163,NaN
60.5,165,NaN
60.5,167,NaN
60.5,169,NaN
60.5,171,NaN
60.5,173,2.949060059
60.5,175,3.251184082
60.5,177,3.208825684
60.5,179,4.043572998
60.5,181,4.483850098
60.5,183,4.721337891
60.5,185,4.857385254
60.5,187,4.811578369
60.5,189,4.551385498
60.5,191,4.049951172
60.5,193,3.840631104
60.5,195,3.615777588
60.5,197,NaN
60.5,199,NaN
60.5,201,NaN
60.5,203,NaN
60.5,205,NaN
60.5,207,NaN
60.5,209,NaN
60.5,211,NaN
60.5,213,NaN
60.5,215,NaN
60.5,217,NaN
60.5,219,NaN
60.5,221,NaN
60.5,223,NaN
60.5,225,NaN
60.5,227,NaN
60.5,229,NaN
60.5,231,NaN
60.5,233,NaN
60.5,235,NaN
60.5,237,NaN
60.5,239,NaN
60.5,241,NaN
60.5,243,NaN
60.5,245,NaN
60.5,247,NaN
60.5,249,NaN
60.5,251,NaN
60.5,253,NaN
60.5,255,NaN
60.5,257,NaN
60.5,259,NaN
60.5,261,NaN
60.5,263,NaN
60.5,265,NaN
60.5,267,-0.252813721
60.5,269,-0.309088135
60.5,271,-0.370184326
60.5,273,-0.381384277
60.5,275,-0.372930908
60.5,277,-0.35690918
60.5,279,-0.334631348
60.5,281,-0.314428711
60.5,283,NaN
60.5,285,NaN
60.5,287,NaN
60.5,289,NaN
60.5,291,NaN
60.5,293,-0.437628174
60.5,295,-0.44006958
60.5,297,-0.415197754
60.5,299,-0.558325195
60.5,301,-0.638037109
60.5,303,-0.607305908
60.5,305,-0.209631348
60.5,307,0.784265137
60.5,309,1.201745605
60.5,311,1.186853027
60.5,313,NaN
60.5,315,NaN
60.5,317,NaN
60.5,319,0.019921875
60.5,321,0.533105469
60.5,323,1.63137207
60.5,325,2.87947998
60.5,327,3.34899292
60.5,329,3.660882568
60.5,331,4.2121521
60.5,333,5.048455811
60.5,335,6.009515381
60.5,337,6.748162842
60.5,339,7.224328613
60.5,341,7.641107178
60.5,343,8.10189209
60.5,345,8.462884521
60.5,347,8.93380127
60.5,349,9.332696533
60.5,351,9.457269287
60.5,353,9.492944336
60.5,355,9.546868896
60.5,357,9.163415527
60.5,359,8.051782227
61.5,1,8.263452148
61.5,3,6.774285889
61.5,5,5.879602051
61.5,7,NaN
61.5,9,NaN
61.5,11,NaN
61.5,13,NaN
61.5,15,NaN
61.5,17,NaN
61.5,19,NaN
61.5,21,NaN
61.5,23,NaN
61.5,25,NaN
61.5,27,NaN
61.5,29,NaN
61.5,31,NaN
61.5,33,NaN
61.5,35,NaN
61.5,37,NaN
61.5,39,NaN
61.5,41,NaN
61.5,43,NaN
61.5,45,NaN
61.5,47,NaN
61.5,49,NaN
61.5,51,NaN
61.5,53,NaN
61.5,55,NaN
61.5,57,NaN
61.5,59,NaN
61.5,61,NaN
61.5,63,NaN
61.5,65,NaN
61.5,67,NaN
61.5,69,NaN
61.5,71,NaN
61.5,73,NaN
61.5,75,NaN
61.5,77,NaN
61.5,79,NaN
61.5,81,NaN
61.5,83,NaN
61.5,85,NaN
61.5,87,NaN
61.5,89,NaN
61.5,91,NaN
61.5,93,NaN
61.5,95,NaN
61.5,97,NaN
61.5,99,NaN
61.5,101,NaN
61.5,103,NaN
61.5,105,NaN
61.5,107,NaN
61.5,109,NaN
61.5,111,NaN
61.5,113,NaN
61.5,115,NaN
61.5,117,NaN
61.5,119,NaN
61.5,121,NaN
61.5,123,NaN
61.5,125,NaN
61.5,127,NaN
61.5,129,NaN
61.5,131,NaN
61.5,133,NaN
61.5,135,NaN
61.5,137,NaN
61.5,139,NaN
61.5,141,NaN
61.5,143,NaN
61.5,145,NaN
61.5,147,NaN
61.5,149,NaN
61.5,151,NaN
61.5,153,NaN
61.5,155,NaN
61.5,157,-0.600775146
61.5,159,NaN
61.5,161,NaN
61.5,163,NaN
61.5,165,NaN
61.5,167,NaN
61.5,169,NaN
61.5,171,NaN
61.5,173,NaN
61.5,175,2.593896484
61.5,177,2.390924072
61.5,179,3.241998291
61.5,181,3.925164795
61.5,183,4.288598633
61.5,185,4.375085449
61.5,187,4.217553711
61.5,189,3.920007324
61.5,191,3.056878662
61.5,193,2.3706604
61.5,195,NaN
61.5,197,NaN
61.5,199,NaN
61.5,201,NaN
61.5,203,NaN
61.5,205,NaN
61.5,207,NaN
61.5,209,NaN
61.5,211,NaN
61.5,213,NaN
61.5,215,NaN
61.5,217,NaN
61.5,219,NaN
61.5,221,NaN
61.5,223,NaN
61.5,225,NaN
61.5,227,NaN
61.5,229,NaN
61.5,231,NaN
61.5,233,NaN
61.5,235,NaN
61.5,237,NaN
61.5,239,NaN
61.5,241,NaN
61.5,243,NaN
61.5,245,NaN
61.5,247,NaN
61.5,249,NaN
61.5,251,NaN
61.5,253,NaN
61.5,255,NaN
61.5,257,NaN
61.5,259,NaN
61.5,261,NaN
61.5,263,NaN
61.5,265,NaN
61.5,267,-0.279547119
61.5,269,-0.35513916
61.5,271,-0.40012207
61.5,273,-0.405187988
61.5,275,-0.395666504
61.5,277,-0.376257324
61.5,279,-0.369543457
61.5,281,-0.331213379
61.5,283,NaN
61.5,285,NaN
61.5,287,-0.434912109
61.5,289,-0.443151855
61.5,291,-0.459143066
61.5,293,-0.489782715
61.5,295,-0.54855957
61.5,297,-0.6137146
61.5,299,-0.64029541
61.5,301,-0.659124756
61.5,303,-0.621374512
61.5,305,-0.291540527
61.5,307,0.457543945
61.5,309,0.786920166
61.5,311,NaN
61.5,313,NaN
61.5,315,NaN
61.5,317,NaN
61.5,319,-0.265753174
61.5,321,0.078546143
61.5,323,0.961206055
61.5,325,1.95723877
61.5,327,2.633172607
61.5,329,3.275811768
61.5,331,4.079766846
61.5,333,5.358331299
61.5,335,6.528771973
61.5,337,7.255548096
61.5,339,7.66338501
61.5,341,8.01986084
61.5,343,8.345178223
61.5,345,8.678918457
61.5,347,9.030877686
61.5,349,9.302331543
61.5,351,9.13604126
61.5,353,8.946405029
61.5,355,9.120080566
61.5,357,9.106500244
61.5,359,8.68782959
62.5,1,8.276086426
62.5,3,7.238153076
62.5,5,5.860162354
62.5,7,NaN
62.5,9,NaN
62.5,11,NaN
62.5,13,NaN
62.5,15,NaN
62.5,17,NaN
62.5,19,NaN
62.5,21,NaN
62.5,23,NaN
62.5,25,NaN
62.5,27,NaN
62.5,29,NaN
62.5,31,NaN
62.5,33,NaN
62.5,35,NaN
62.5,37,NaN
62.5,39,NaN
62.5,41,NaN
62.5,43,NaN
62.5,45,NaN
62.5,47,NaN
62.5,49,NaN
62.5,51,NaN
62.5,53,NaN
62.5,55,NaN
62.5,57,NaN
62.5,59,NaN
62.5,61,NaN
62.5,63,NaN
62.5,65,NaN
62.5,67,NaN
62.5,69,NaN
62.5,71,NaN
62.5,73,NaN
62.5,75,NaN
62.5,77,NaN
62.5,79,NaN
62.5,81,NaN
62.5,83,NaN
62.5,85,NaN
62.5,87,NaN
62.5,89,NaN
62.5,91,NaN
62.5,93,NaN
62.5,95,NaN
62.5,97,NaN
62.5,99,NaN
62.5,101,NaN
62.5,103,NaN
62.5,105,NaN
62.5,107,NaN
62.5,109,NaN
62.5,111,NaN
62.5,113,NaN
62.5,115,NaN
62.5,117,NaN
62.5,119,NaN
62.5,121,NaN
62.5,123,NaN
62.5,125,NaN
62.5,127,NaN
62.5,129,NaN
62.5,131,NaN
62.5,133,NaN
62.5,135,NaN
62.5,137,NaN
62.5,139,NaN
62.5,141,NaN
62.5,143,NaN
62.5,145,NaN
62.5,147,NaN
62.5,149,NaN
62.5,151,NaN
62.5,153,NaN
62.5,155,NaN
62.5,157,NaN
62.5,159,NaN
62.5,161,NaN
62.5,163,NaN
62.5,165,NaN
62.5,167,NaN
62.5,169,NaN
62.5,171,NaN
62.5,173,NaN
62.5,175,NaN
62.5,177,1.954095459
62.5,179,1.956140137
62.5,181,3.020806885
62.5,183,3.731561279
62.5,185,3.816674805
62.5,187,3.371453857
62.5,189,2.720513916
62.5,191,2.291467285
62.5,193,1.48192749
62.5,195,1.263299561
62.5,197,NaN
62.5,199,NaN
62.5,201,NaN
62.5,203,NaN
62.5,205,NaN
62.5,207,NaN
62.5,209,NaN
62.5,211,NaN
62.5,213,NaN
62.5,215,NaN
62.5,217,NaN
62.5,219,NaN
62.5,221,NaN
62.5,223,NaN
62.5,225,NaN
62.5,227,NaN
62.5,229,NaN
62.5,231,NaN
62.5,233,NaN
62.5,235,NaN
62.5,237,NaN
62.5,239,NaN
62.5,241,NaN
62.5,243,NaN
62.5,245,NaN
62.5,247,NaN
62.5,249,NaN
62.5,251,NaN
62.5,253,NaN
62.5,255,NaN
62.5,257,NaN
62.5,259,NaN
62.5,261,NaN
62.5,263,NaN
62.5,265,NaN
62.5,267,NaN
62.5,269,-0.368139648
62.5,271,-0.396612549
62.5,273,-0.401312256
62.5,275,-0.396795654
62.5,277,-0.395300293
62.5,279,-0.379431152
62.5,281,-0.361364746
62.5,283,-0.383612061
62.5,285,-0.420935059
62.5,287,-0.42532959
62.5,289,-0.423864746
62.5,291,-0.416876221
62.5,293,-0.478186035
62.5,295,-0.601904297
62.5,297,-0.660528564
62.5,299,-0.679937744
62.5,301,-0.672735596
62.5,303,-0.634588623
62.5,305,-0.378851318
62.5,307,0.161462402
62.5,309,0.592126465
62.5,311,NaN
62.5,313,NaN
62.5,315,NaN
62.5,317,NaN
62.5,319,-0.495581055
62.5,321,-0.249182129
62.5,323,0.4777771
62.5,325,1.236779785
62.5,327,1.869775391
62.5,329,2.870233154
62.5,331,4.083276367
62.5,333,5.799279785
62.5,335,6.875421143
62.5,337,7.406304932
62.5,339,7.727532959
62.5,341,8.068292236
62.5,343,8.395806885
62.5,345,8.732202148
62.5,347,8.938806152
62.5,349,9.069390869
62.5,351,8.944116211
62.5,353,8.765710449
62.5,355,8.752618408
62.5,357,8.614526367
62.5,359,8.427697754
63.5,1,7.920617676
63.5,3,7.389581299
63.5,5,6.191003418
63.5,7,5.961114502
63.5,9,NaN
63.5,11,NaN
63.5,13,NaN
63.5,15,NaN
63.5,17,NaN
63.5,19,NaN
63.5,21,NaN
63.5,23,NaN
63.5,25,NaN
63.5,27,NaN
63.5,29,NaN
63.5,31,NaN
63.5,33,NaN
63.5,35,NaN
63.5,37,NaN
63.5,39,NaN
63.5,41,NaN
63.5,43,NaN
63.5,45,NaN
63.5,47,NaN
63.5,49,NaN
63.5,51,NaN
63.5,53,NaN
63.5,55,NaN
63.5,57,NaN
63.5,59,NaN
63.5,61,NaN
63.5,63,NaN
63.5,65,NaN
63.5,67,NaN
63.5,69,NaN
63.5,71,NaN
63.5,73,NaN
63.5,75,NaN
63.5,77,NaN
63.5,79,NaN
63.5,81,NaN
63.5,83,NaN
63.5,85,NaN
63.5,87,NaN
63.5,89,NaN
63.5,91,NaN
63.5,93,NaN
63.5,95,NaN
63.5,97,NaN
63.5,99,NaN
63.5,101,NaN
63.5,103,NaN
63.5,105,NaN
63.5,107,NaN
63.5,109,NaN
63.5,111,NaN
63.5,113,NaN
63.5,115,NaN
63.5,117,NaN
63.5,119,NaN
63.5,121,NaN
63.5,123,NaN
63.5,125,NaN
63.5,127,NaN
63.5,129,NaN
63.5,131,NaN
63.5,133,NaN
63.5,135,NaN
63.5,137,NaN
63.5,139,NaN
63.5,141,NaN
63.5,143,NaN
63.5,145,NaN
63.5,147,NaN
63.5,149,NaN
63.5,151,NaN
63.5,153,NaN
63.5,155,NaN
63.5,157,NaN
63.5,159,NaN
63.5,161,NaN
63.5,163,NaN
63.5,165,NaN
63.5,167,NaN
63.5,169,NaN
63.5,171,NaN
63.5,173,NaN
63.5,175,NaN
63.5,177,NaN
63.5,179,NaN
63.5,181,1.780908203
63.5,183,2.892572021
63.5,185,3.016870117
63.5,187,2.233239746
63.5,189,1.267053223
63.5,191,0.984460449
63.5,193,0.653009033
63.5,195,0.423120117
63.5,197,NaN
63.5,199,NaN
63.5,201,NaN
63.5,203,NaN
63.5,205,NaN
63.5,207,NaN
63.5,209,NaN
63.5,211,NaN
63.5,213,NaN
63.5,215,NaN
63.5,217,NaN
63.5,219,NaN
63.5,221,NaN
63.5,223,NaN
63.5,225,NaN
63.5,227,NaN
63.5,229,NaN
63.5,231,NaN
63.5,233,NaN
63.5,235,NaN
63.5,237,NaN
63.5,239,NaN
63.5,241,NaN
63.5,243,NaN
63.5,245,NaN
63.5,247,NaN
63.5,249,NaN
63.5,251,NaN
63.5,253,NaN
63.5,255,NaN
63.5,257,NaN
63.5,259,NaN
63.5,261,NaN
63.5,263,NaN
63.5,265,NaN
63.5,267,NaN
63.5,269,NaN
63.5,271,-0.344030762
63.5,273,NaN
63.5,275,NaN
63.5,277,-0.372259521
63.5,279,-0.389074707
63.5,281,-0.385076904
63.5,283,-0.387548828
63.5,285,-0.416113281
63.5,287,-0.420721436
63.5,289,-0.413702393
63.5,291,-0.414007568
63.5,293,-0.414007568
63.5,295,-0.65491333
63.5,297,-0.662268066
63.5,299,-0.670172119
63.5,301,-0.677954102
63.5,303,-0.652410889
63.5,305,-0.431402588
63.5,307,-0.123907471
63.5,309,NaN
63.5,311,NaN
63.5,313,NaN
63.5,315,NaN
63.5,317,NaN
63.5,319,-0.541571045
63.5,321,-0.419775391
63.5,323,0.042932129
63.5,325,0.544458008
63.5,327,1.134362793
63.5,329,2.382562256
63.5,331,4.364038086
63.5,333,6.037194824
63.5,335,6.803338623
63.5,337,7.04631958
63.5,339,7.60579834
63.5,341,NaN
63.5,343,NaN
63.5,345,8.287042236
63.5,347,8.582818604
63.5,349,8.713067627
63.5,351,8.627435303
63.5,353,8.389459229
63.5,355,8.19173584
63.5,357,7.997583008
63.5,359,7.898950195
64.5,1,7.310388184
64.5,3,7.320123291
64.5,5,6.387445068
64.5,7,6.021844482
64.5,9,5.882318115
64.5,11,NaN
64.5,13,NaN
64.5,15,NaN
64.5,17,NaN
64.5,19,NaN
64.5,21,NaN
64.5,23,NaN
64.5,25,NaN
64.5,27,NaN
64.5,29,NaN
64.5,31,NaN
64.5,33,NaN
64.5,35,NaN
64.5,37,NaN
64.5,39,NaN
64.5,41,NaN
64.5,43,NaN
64.5,45,NaN
64.5,47,NaN
64.5,49,NaN
64.5,51,NaN
64.5,53,NaN
64.5,55,NaN
64.5,57,NaN
64.5,59,NaN
64.5,61,NaN
64.5,63,NaN
64.5,65,NaN
64.5,67,NaN
64.5,69,NaN
64.5,71,NaN
64.5,73,NaN
64.5,75,NaN
64.5,77,NaN
64.5,79,NaN
64.5,81,NaN
64.5,83,NaN
64.5,85,NaN
64.5,87,NaN
64.5,89,NaN
64.5,91,NaN
64.5,93,NaN
64.5,95,NaN
64.5,97,NaN
64.5,99,NaN
64.5,101,NaN
64.5,103,NaN
64.5,105,NaN
64.5,107,NaN
64.5,109,NaN
64.5,111,NaN
64.5,113,NaN
64.5,115,NaN
64.5,117,NaN
64.5,119,NaN
64.5,121,NaN
64.5,123,NaN
64.5,125,NaN
64.5,127,NaN
64.5,129,NaN
64.5,131,NaN
64.5,133,NaN
64.5,135,NaN
64.5,137,NaN
64.5,139,NaN
64.5,141,NaN
64.5,143,NaN
64.5,145,NaN
64.5,147,NaN
64.5,149,NaN
64.5,151,NaN
64.5,153,NaN
64.5,155,NaN
64.5,157,NaN
64.5,159,NaN
64.5,161,NaN
64.5,163,NaN
64.5,165,NaN
64.5,167,NaN
64.5,169,NaN
64.5,171,NaN
64.5,173,NaN
64.5,175,NaN
64.5,177,NaN
64.5,179,NaN
64.5,181,1.055474854
64.5,183,1.560998535
64.5,185,1.901940918
64.5,187,1.083001709
64.5,189,0.32265625
64.5,191,0.166192627
64.5,193,-0.028753662
64.5,195,-0.140722656
64.5,197,NaN
64.5,199,NaN
64.5,201,NaN
64.5,203,NaN
64.5,205,NaN
64.5,207,NaN
64.5,209,NaN
64.5,211,NaN
64.5,213,NaN
64.5,215,NaN
64.5,217,NaN
64.5,219,NaN
64.5,221,NaN
64.5,223,NaN
64.5,225,NaN
64.5,227,NaN
64.5,229,NaN
64.5,231,NaN
64.5,233,NaN
64.5,235,NaN
64.5,237,NaN
64.5,239,NaN
64.5,241,NaN
64.5,243,NaN
64.5,245,NaN
64.5,247,NaN
64.5,249,NaN
64.5,251,NaN
64.5,253,NaN
64.5,255,NaN
64.5,257,NaN
64.5,259,NaN
64.5,261,NaN
64.5,263,NaN
64.5,265,NaN
64.5,267,NaN
64.5,269,NaN
64.5,271,NaN
64.5,273,NaN
64.5,275,NaN
64.5,277,-0.466101074
64.5,279,-0.436621094
64.5,281,-0.438330078
64.5,283,-0.400732422
64.5,285,-0.436865234
64.5,287,NaN
64.5,289,NaN
64.5,291,NaN
64.5,293,NaN
64.5,295,NaN
64.5,297,-0.655493164
64.5,299,-0.664373779
64.5,301,-0.681677246
64.5,303,-0.645544434
64.5,305,-0.475683594
64.5,307,-0.420080566
64.5,309,NaN
64.5,311,NaN
64.5,313,NaN
64.5,315,NaN
64.5,317,NaN
64.5,319,-0.578466797
64.5,321,-0.533300781
64.5,323,-0.352331543
64.5,325,-0.069891357
64.5,327,0.497796631
64.5,329,1.980065918
64.5,331,4.84786377
64.5,333,5.96151123
64.5,335,6.229364014
64.5,337,NaN
64.5,339,NaN
64.5,341,NaN
64.5,343,NaN
64.5,345,7.665155029
64.5,347,7.768426514
64.5,349,8.196313477
64.5,351,7.997216797
64.5,353,7.605859375
64.5,355,7.359735107
64.5,357,7.203149414
64.5,359,7.198388672
65.5,1,6.591546631
65.5,3,6.882501221
65.5,5,6.60390625
65.5,7,6.160760498
65.5,9,5.695001221
65.5,11,5.590081787
65.5,13,NaN
65.5,15,NaN
65.5,17,NaN
65.5,19,NaN
65.5,21,NaN
65.5,23,NaN
65.5,25,NaN
65.5,27,NaN
65.5,29,NaN
65.5,31,NaN
65.5,33,NaN
65.5,35,NaN
65.5,37,NaN
65.5,39,NaN
65.5,41,NaN
65.5,43,NaN
65.5,45,NaN
65.5,47,NaN
65.5,49,NaN
65.5,51,NaN
65.5,53,NaN
65.5,55,NaN
65.5,57,NaN
65.5,59,NaN
65.5,61,NaN
65.5,63,NaN
65.5,65,NaN
65.5,67,NaN
65.5,69,NaN
65.5,71,NaN
65.5,73,NaN
65.5,75,NaN
65.5,77,NaN
65.5,79,NaN
65.5,81,NaN
65.5,83,NaN
65.5,85,NaN
65.5,87,NaN
65.5,89,NaN
65.5,91,NaN
65.5,93,NaN
65.5,95,NaN
65.5,97,NaN
65.5,99,NaN
65.5,101,NaN
65.5,103,NaN
65.5,105,NaN
65.5,107,NaN
65.5,109,NaN
65.5,111,NaN
65.5,113,NaN
65.5,115,NaN
65.5,117,NaN
65.5,119,NaN
65.5,121,NaN
65.5,123,NaN
65.5,125,NaN
65.5,127,NaN
65.5,129,NaN
65.5,131,NaN
65.5,133,NaN
65.5,135,NaN
65.5,137,NaN
65.5,139,NaN
65.5,141,NaN
65.5,143,NaN
65.5,145,NaN
65.5,147,NaN
65.5,149,NaN
65.5,151,NaN
65.5,153,NaN
65.5,155,NaN
65.5,157,NaN
65.5,159,NaN
65.5,161,NaN
65.5,163,NaN
65.5,165,NaN
65.5,167,NaN
65.5,169,NaN
65.5,171,NaN
65.5,173,NaN
65.5,175,NaN
65.5,177,NaN
65.5,179,NaN
65.5,181,0.586297607
65.5,183,1.565606689
65.5,185,NaN
65.5,187,NaN
65.5,189,-0.484106445
65.5,191,-0.367010498
65.5,193,-0.440679932
65.5,195,-0.652807617
65.5,197,NaN
65.5,199,NaN
65.5,201,NaN
65.5,203,NaN
65.5,205,NaN
65.5,207,NaN
65.5,209,NaN
65.5,211,NaN
65.5,213,NaN
65.5,215,NaN
65.5,217,NaN
65.5,219,NaN
65.5,221,NaN
65.5,223,NaN
65.5,225,NaN
65.5,227,NaN
65.5,229,NaN
65.5,231,NaN
65.5,233,NaN
65.5,235,NaN
65.5,237,NaN
65.5,239,NaN
65.5,241,NaN
65.5,243,NaN
65.5,245,NaN
65.5,247,NaN
65.5,249,NaN
65.5,251,NaN
65.5,253,NaN
65.5,255,NaN
65.5,257,NaN
65.5,259,NaN
65.5,261,NaN
65.5,263,NaN
65.5,265,NaN
65.5,267,NaN
65.5,269,NaN
65.5,271,NaN
65.5,273,NaN
65.5,275,NaN
65.5,277,-0.435522461
65.5,279,-0.457342529
65.5,281,-0.468695068
65.5,283,NaN
65.5,285,NaN
65.5,287,NaN
65.5,289,NaN
65.5,291,NaN
65.5,293,NaN
65.5,295,NaN
65.5,297,-0.676672363
65.5,299,-0.680853271
65.5,301,-0.688665771
65.5,303,-0.640539551
65.5,305,-0.58862915
65.5,307,NaN
65.5,309,NaN
65.5,311,NaN
65.5,313,NaN
65.5,315,NaN
65.5,317,NaN
65.5,319,NaN
65.5,321,-0.587774658
65.5,323,-0.555029297
65.5,325,-0.422338867
65.5,327,0.038568115
65.5,329,1.681573486
65.5,331,4.333154297
65.5,333,5.554284668
65.5,335,4.45168457
65.5,337,4.529626465
65.5,339,NaN
65.5,341,NaN
65.5,343,NaN
65.5,345,NaN
65.5,347,3.86260376
65.5,349,6.559381104
65.5,351,6.207116699
65.5,353,5.811242676
65.5,355,5.625238037
65.5,357,5.759729004
65.5,359,6.17409668
66.5,1,5.697900391
66.5,3,6.313043213
66.5,5,6.475549316
66.5,7,6.257165527
66.5,9,5.678308105
66.5,11,5.534967041
66.5,13,5.490167236
66.5,15,NaN
66.5,17,NaN
66.5,19,NaN
66.5,21,NaN
66.5,23,NaN
66.5,25,NaN
66.5,27,NaN
66.5,29,NaN
66.5,31,NaN
66.5,33,NaN
66.5,35,NaN
66.5,37,NaN
66.5,39,NaN
66.5,41,NaN
66.5,43,NaN
66.5,45,NaN
66.5,47,NaN
66.5,49,NaN
66.5,51,NaN
66.5,53,NaN
66.5,55,NaN
66.5,57,NaN
66.5,59,NaN
66.5,61,NaN
66.5,63,NaN
66.5,65,NaN
66.5,67,NaN
66.5,69,NaN
66.5,71,NaN
66.5,73,NaN
66.5,75,NaN
66.5,77,NaN
66.5,79,NaN
66.5,81,NaN
66.5,83,NaN
66.5,85,NaN
66.5,87,NaN
66.5,89,NaN
66.5,91,NaN
66.5,93,NaN
66.5,95,NaN
66.5,97,NaN
66.5,99,NaN
66.5,101,NaN
66.5,103,NaN
66.5,105,NaN
66.5,107,NaN
66.5,109,NaN
66.5,111,NaN
66.5,113,NaN
66.5,115,NaN
66.5,117,NaN
66.5,119,NaN
66.5,121,NaN
66.5,123,NaN
66.5,125,NaN
66.5,127,NaN
66.5,129,NaN
66.5,131,NaN
66.5,133,NaN
66.5,135,NaN
66.5,137,NaN
66.5,139,NaN
66.5,141,NaN
66.5,143,NaN
66.5,145,NaN
66.5,147,NaN
66.5,149,NaN
66.5,151,NaN
66.5,153,NaN
66.5,155,NaN
66.5,157,NaN
66.5,159,NaN
66.5,161,NaN
66.5,163,NaN
66.5,165,NaN
66.5,167,NaN
66.5,169,NaN
66.5,171,NaN
66.5,173,NaN
66.5,175,NaN
66.5,177,NaN
66.5,179,NaN
66.5,181,NaN
66.5,183,NaN
66.5,185,NaN
66.5,187,NaN
66.5,189,-0.594122314
66.5,191,-0.565405273
66.5,193,-0.590704346
66.5,195,-0.661108398
66.5,197,NaN
66.5,199,NaN
66.5,201,NaN
66.5,203,NaN
66.5,205,NaN
66.5,207,NaN
66.5,209,NaN
66.5,211,NaN
66.5,213,NaN
66.5,215,NaN
66.5,217,NaN
66.5,219,NaN
66.5,221,NaN
66.5,223,NaN
66.5,225,NaN
66.5,227,NaN
66.5,229,NaN
66.5,231,NaN
66.5,233,NaN
66.5,235,NaN
66.5,237,NaN
66.5,239,NaN
66.5,241,NaN
66.5,243,NaN
66.5,245,NaN
66.5,247,NaN
66.5,249,NaN
66.5,251,NaN
66.5,253,NaN
66.5,255,NaN
66.5,257,NaN
66.5,259,NaN
66.5,261,NaN
66.5,263,NaN
66.5,265,NaN
66.5,267,NaN
66.5,269,NaN
66.5,271,NaN
66.5,273,NaN
66.5,275,NaN
66.5,277,NaN
66.5,279,NaN
66.5,281,NaN
66.5,283,NaN
66.5,285,NaN
66.5,287,NaN
66.5,289,NaN
66.5,291,NaN
66.5,293,NaN
66.5,295,NaN
66.5,297,-0.695349121
66.5,299,-0.695532227
66.5,301,-0.69284668
66.5,303,-0.657446289
66.5,305,-0.668066406
66.5,307,NaN
66.5,309,NaN
66.5,311,NaN
66.5,313,NaN
66.5,315,NaN
66.5,317,NaN
66.5,319,NaN
66.5,321,NaN
66.5,323,NaN
66.5,325,-0.69800415
66.5,327,-0.666845703
66.5,329,-0.422186279
66.5,331,0.196954346
66.5,333,0.553491211
66.5,335,0.14473877
66.5,337,0.286035156
66.5,339,-0.627020264
66.5,341,-0.588446045
66.5,343,NaN
66.5,345,NaN
66.5,347,1.252709961
66.5,349,0.953851318
66.5,351,1.554284668
66.5,353,2.097924805
66.5,355,2.702355957
66.5,357,3.564569092
66.5,359,4.714746094
67.5,1,4.739648438
67.5,3,5.718835449
67.5,5,6.147851563
67.5,7,6.176019287
67.5,9,5.795129395
67.5,11,5.421289063
67.5,13,5.349359131
67.5,15,NaN
67.5,17,NaN
67.5,19,NaN
67.5,21,NaN
67.5,23,NaN
67.5,25,NaN
67.5,27,NaN
67.5,29,NaN
67.5,31,NaN
67.5,33,NaN
67.5,35,NaN
67.5,37,NaN
67.5,39,NaN
67.5,41,NaN
67.5,43,NaN
67.5,45,NaN
67.5,47,NaN
67.5,49,NaN
67.5,51,NaN
67.5,53,NaN
67.5,55,NaN
67.5,57,NaN
67.5,59,NaN
67.5,61,NaN
67.5,63,NaN
67.5,65,NaN
67.5,67,NaN
67.5,69,NaN
67.5,71,NaN
67.5,73,NaN
67.5,75,NaN
67.5,77,NaN
67.5,79,NaN
67.5,81,NaN
67.5,83,NaN
67.5,85,NaN
67.5,87,NaN
67.5,89,NaN
67.5,91,NaN
67.5,93,NaN
67.5,95,NaN
67.5,97,NaN
67.5,99,NaN
67.5,101,NaN
67.5,103,NaN
67.5,105,NaN
67.5,107,NaN
67.5,109,NaN
67.5,111,NaN
67.5,113,NaN
67.5,115,NaN
67.5,117,NaN
67.5,119,NaN
67.5,121,NaN
67.5,123,NaN
67.5,125,NaN
67.5,127,NaN
67.5,129,NaN
67.5,131,NaN
67.5,133,NaN
67.5,135,NaN
67.5,137,NaN
67.5,139,NaN
67.5,141,NaN
67.5,143,NaN
67.5,145,NaN
67.5,147,NaN
67.5,149,NaN
67.5,151,NaN
67.5,153,NaN
67.5,155,NaN
67.5,157,NaN
67.5,159,NaN
67.5,161,NaN
67.5,163,NaN
67.5,165,NaN
67.5,167,NaN
67.5,169,NaN
67.5,171,NaN
67.5,173,NaN
67.5,175,NaN
67.5,177,NaN
67.5,179,NaN
67.5,181,NaN
67.5,183,NaN
67.5,185,NaN
67.5,187,-0.563085937
67.5,189,-0.584753418
67.5,191,-0.612371826
67.5,193,-0.657293701
67.5,195,-0.686254883
67.5,197,NaN
67.5,199,NaN
67.5,201,NaN
67.5,203,NaN
67.5,205,NaN
67.5,207,NaN
67.5,209,NaN
67.5,211,NaN
67.5,213,NaN
67.5,215,NaN
67.5,217,NaN
67.5,219,NaN
67.5,221,NaN
67.5,223,NaN
67.5,225,NaN
67.5,227,NaN
67.5,229,NaN
67.5,231,NaN
67.5,233,NaN
67.5,235,NaN
67.5,237,NaN
67.5,239,NaN
67.5,241,NaN
67.5,243,NaN
67.5,245,NaN
67.5,247,NaN
67.5,249,NaN
67.5,251,NaN
67.5,253,NaN
67.5,255,NaN
67.5,257,NaN
67.5,259,NaN
67.5,261,NaN
67.5,263,NaN
67.5,265,NaN
67.5,267,NaN
67.5,269,NaN
67.5,271,NaN
67.5,273,NaN
67.5,275,NaN
67.5,277,NaN
67.5,279,NaN
67.5,281,NaN
67.5,283,NaN
67.5,285,NaN
67.5,287,NaN
67.5,289,NaN
67.5,291,NaN
67.5,293,NaN
67.5,295,NaN
67.5,297,-0.692877197
67.5,299,-0.692053223
67.5,301,-0.690710449
67.5,303,-0.687078857
67.5,305,-0.699102783
67.5,307,NaN
67.5,309,NaN
67.5,311,NaN
67.5,313,NaN
67.5,315,NaN
67.5,317,NaN
67.5,319,NaN
67.5,321,NaN
67.5,323,NaN
67.5,325,NaN
67.5,327,NaN
67.5,329,-0.682012939
67.5,331,-0.625646973
67.5,333,-0.585119629
67.5,335,-0.752264404
67.5,337,-0.740209961
67.5,339,-0.678717041
67.5,341,-0.640875244
67.5,343,-0.611425781
67.5,345,-0.578985596
67.5,347,-0.473791504
67.5,349,-0.32388916
67.5,351,-0.205480957
67.5,353,-0.166876221
67.5,355,0.407830811
67.5,357,1.62532959
67.5,359,3.291680908
68.5,1,4.101434326
68.5,3,5.235375977
68.5,5,5.822808838
68.5,7,5.998223877
68.5,9,5.825769043
68.5,11,5.41439209
68.5,13,5.389215088
68.5,15,NaN
68.5,17,NaN
68.5,19,NaN
68.5,21,NaN
68.5,23,NaN
68.5,25,NaN
68.5,27,NaN
68.5,29,NaN
68.5,31,NaN
68.5,33,NaN
68.5,35,NaN
68.5,37,NaN
68.5,39,-0.604071045
68.5,41,-0.613562012
68.5,43,-0.669744873
68.5,45,-0.679510498
68.5,47,-0.661444092
68.5,49,-0.677557373
68.5,51,NaN
68.5,53,-0.704595947
68.5,55,NaN
68.5,57,NaN
68.5,59,NaN
68.5,61,NaN
68.5,63,NaN
68.5,65,NaN
68.5,67,NaN
68.5,69,NaN
68.5,71,NaN
68.5,73,NaN
68.5,75,NaN
68.5,77,NaN
68.5,79,NaN
68.5,81,NaN
68.5,83,NaN
68.5,85,NaN
68.5,87,NaN
68.5,89,NaN
68.5,91,NaN
68.5,93,NaN
68.5,95,NaN
68.5,97,NaN
68.5,99,NaN
68.5,101,NaN
68.5,103,NaN
68.5,105,NaN
68.5,107,NaN
68.5,109,NaN
68.5,111,NaN
68.5,113,NaN
68.5,115,NaN
68.5,117,NaN
68.5,119,NaN
68.5,121,NaN
68.5,123,NaN
68.5,125,NaN
68.5,127,NaN
68.5,129,NaN
68.5,131,NaN
68.5,133,NaN
68.5,135,NaN
68.5,137,NaN
68.5,139,NaN
68.5,141,NaN
68.5,143,NaN
68.5,145,NaN
68.5,147,NaN
68.5,149,NaN
68.5,151,NaN
68.5,153,NaN
68.5,155,NaN
68.5,157,NaN
68.5,159,NaN
68.5,161,NaN
68.5,163,NaN
68.5,165,NaN
68.5,167,NaN
68.5,169,NaN
68.5,171,NaN
68.5,173,NaN
68.5,175,NaN
68.5,177,NaN
68.5,179,NaN
68.5,181,NaN
68.5,183,NaN
68.5,185,-0.55020752
68.5,187,-0.57364502
68.5,189,-0.588232422
68.5,191,-0.618963623
68.5,193,-0.650183105
68.5,195,-0.665289307
68.5,197,NaN
68.5,199,NaN
68.5,201,NaN
68.5,203,NaN
68.5,205,NaN
68.5,207,NaN
68.5,209,NaN
68.5,211,NaN
68.5,213,NaN
68.5,215,NaN
68.5,217,NaN
68.5,219,NaN
68.5,221,NaN
68.5,223,NaN
68.5,225,NaN
68.5,227,NaN
68.5,229,NaN
68.5,231,NaN
68.5,233,NaN
68.5,235,NaN
68.5,237,NaN
68.5,239,NaN
68.5,241,NaN
68.5,243,NaN
68.5,245,NaN
68.5,247,NaN
68.5,249,NaN
68.5,251,NaN
68.5,253,NaN
68.5,255,NaN
68.5,257,NaN
68.5,259,NaN
68.5,261,NaN
68.5,263,NaN
68.5,265,NaN
68.5,267,NaN
68.5,269,NaN
68.5,271,NaN
68.5,273,NaN
68.5,275,NaN
68.5,277,NaN
68.5,279,NaN
68.5,281,NaN
68.5,283,NaN
68.5,285,NaN
68.5,287,NaN
68.5,289,NaN
68.5,291,NaN
68.5,293,NaN
68.5,295,-0.694219971
68.5,297,-0.693792725
68.5,299,-0.693823242
68.5,301,-0.694830322
68.5,303,-0.687139893
68.5,305,-0.689398193
68.5,307,NaN
68.5,309,NaN
68.5,311,NaN
68.5,313,NaN
68.5,315,NaN
68.5,317,NaN
68.5,319,NaN
68.5,321,NaN
68.5,323,NaN
68.5,325,NaN
68.5,327,NaN
68.5,329,NaN
68.5,331,-0.672613525
68.5,333,NaN
68.5,335,-0.689428711
68.5,337,-0.703741455
68.5,339,-0.693823242
68.5,341,-0.683966064
68.5,343,-0.661413574
68.5,345,-0.621252441
68.5,347,-0.568121338
68.5,349,-0.522711182
68.5,351,-0.528143311
68.5,353,-0.485449219
68.5,355,-0.103552246
68.5,357,0.893151855
68.5,359,2.542993164
69.5,1,3.983361816
69.5,3,4.954431152
69.5,5,5.541070557
69.5,7,5.794061279
69.5,9,5.780053711
69.5,11,5.592034912
69.5,13,5.378930664
69.5,15,5.281671143
69.5,17,5.175012207
69.5,19,NaN
69.5,21,NaN
69.5,23,NaN
69.5,25,NaN
69.5,27,NaN
69.5,29,NaN
69.5,31,NaN
69.5,33,NaN
69.5,35,-0.559820557
69.5,37,-0.591619873
69.5,39,-0.624487305
69.5,41,-0.657171631
69.5,43,-0.683721924
69.5,45,-0.685888672
69.5,47,-0.690039062
69.5,49,-0.706549072
69.5,51,-0.709692383
69.5,53,-0.701330566
69.5,55,NaN
69.5,57,-0.657293701
69.5,59,NaN
69.5,61,-0.594641113
69.5,63,NaN
69.5,65,NaN
69.5,67,NaN
69.5,69,NaN
69.5,71,NaN
69.5,73,NaN
69.5,75,NaN
69.5,77,NaN
69.5,79,NaN
69.5,81,NaN
69.5,83,NaN
69.5,85,NaN
69.5,87,NaN
69.5,89,NaN
69.5,91,NaN
69.5,93,NaN
69.5,95,NaN
69.5,97,NaN
69.5,99,NaN
69.5,101,NaN
69.5,103,NaN
69.5,105,NaN
69.5,107,NaN
69.5,109,NaN
69.5,111,NaN
69.5,113,NaN
69.5,115,NaN
69.5,117,NaN
69.5,119,NaN
69.5,121,NaN
69.5,123,NaN
69.5,125,NaN
69.5,127,NaN
69.5,129,NaN
69.5,131,NaN
69.5,133,NaN
69.5,135,NaN
69.5,137,NaN
69.5,139,NaN
69.5,141,NaN
69.5,143,NaN
69.5,145,NaN
69.5,147,NaN
69.5,149,NaN
69.5,151,NaN
69.5,153,NaN
69.5,155,NaN
69.5,157,NaN
69.5,159,NaN
69.5,161,NaN
69.5,163,NaN
69.5,165,NaN
69.5,167,NaN
69.5,169,NaN
69.5,171,NaN
69.5,173,-0.557928467
69.5,175,NaN
69.5,177,NaN
69.5,179,-0.541967773
69.5,181,-0.531500244
69.5,183,-0.530950928
69.5,185,-0.563909912
69.5,187,-0.610876465
69.5,189,-0.636114502
69.5,191,-0.655523682
69.5,193,-0.673712158
69.5,195,-0.675695801
69.5,197,-0.679754639
69.5,199,-0.691168213
69.5,201,NaN
69.5,203,NaN
69.5,205,NaN
69.5,207,NaN
69.5,209,NaN
69.5,211,NaN
69.5,213,NaN
69.5,215,NaN
69.5,217,NaN
69.5,219,-0.542822266
69.5,221,NaN
69.5,223,-0.541174316
69.5,225,-0.562841797
69.5,227,-0.568457031
69.5,229,NaN
69.5,231,NaN
69.5,233,NaN
69.5,235,NaN
69.5,237,NaN
69.5,239,NaN
69.5,241,NaN
69.5,243,NaN
69.5,245,NaN
69.5,247,NaN
69.5,249,NaN
69.5,251,NaN
69.5,253,NaN
69.5,255,NaN
69.5,257,NaN
69.5,259,NaN
69.5,261,NaN
69.5,263,NaN
69.5,265,NaN
69.5,267,NaN
69.5,269,NaN
69.5,271,NaN
69.5,273,NaN
69.5,275,NaN
69.5,277,NaN
69.5,279,NaN
69.5,281,NaN
69.5,283,NaN
69.5,285,NaN
69.5,287,NaN
69.5,289,NaN
69.5,291,NaN
69.5,293,-0.705633545
69.5,295,-0.701544189
69.5,297,-0.700170898
69.5,299,-0.702490234
69.5,301,-0.688757324
69.5,303,-0.666998291
69.5,305,-0.679144287
69.5,307,NaN
69.5,309,NaN
69.5,311,NaN
69.5,313,NaN
69.5,315,NaN
69.5,317,NaN
69.5,319,NaN
69.5,321,NaN
69.5,323,NaN
69.5,325,NaN
69.5,327,NaN
69.5,329,NaN
69.5,331,NaN
69.5,333,NaN
69.5,335,NaN
69.5,337,-0.689550781
69.5,339,-0.690679932
69.5,341,-0.693029785
69.5,343,-0.678564453
69.5,345,-0.624517822
69.5,347,-0.52411499
69.5,349,-0.379064941
69.5,351,-0.327520752
69.5,353,-0.213232422
69.5,355,0.146417236
69.5,357,1.210992432
69.5,359,2.612390137
70.5,1,4.057122803
70.5,3,4.796624756
70.5,5,5.286767578
70.5,7,5.550958252
70.5,9,5.648828125
70.5,11,5.603356934
70.5,13,5.432458496
70.5,15,5.260247803
70.5,17,5.097192383
70.5,19,4.849145508
70.5,21,NaN
70.5,23,NaN
70.5,25,NaN
70.5,27,NaN
70.5,29,NaN
70.5,31,0.806787109
70.5,33,0.409051514
70.5,35,-0.37052002
70.5,37,-0.495275879
70.5,39,-0.575018311
70.5,41,-0.630010986
70.5,43,-0.660437012
70.5,45,-0.676672363
70.5,47,-0.69309082
70.5,49,-0.700231934
70.5,51,-0.708929443
70.5,53,-0.710913086
70.5,55,NaN
70.5,57,-0.671759033
70.5,59,-0.658880615
70.5,61,-0.636114502
70.5,63,-0.624090576
70.5,65,NaN
70.5,67,NaN
70.5,69,NaN
70.5,71,NaN
70.5,73,NaN
70.5,75,NaN
70.5,77,NaN
70.5,79,NaN
70.5,81,NaN
70.5,83,NaN
70.5,85,NaN
70.5,87,NaN
70.5,89,NaN
70.5,91,NaN
70.5,93,NaN
70.5,95,NaN
70.5,97,NaN
70.5,99,NaN
70.5,101,NaN
70.5,103,NaN
70.5,105,NaN
70.5,107,NaN
70.5,109,NaN
70.5,111,NaN
70.5,113,NaN
70.5,115,NaN
70.5,117,NaN
70.5,119,NaN
70.5,121,NaN
70.5,123,NaN
70.5,125,NaN
70.5,127,NaN
70.5,129,NaN
70.5,131,NaN
70.5,133,NaN
70.5,135,NaN
70.5,137,NaN
70.5,139,NaN
70.5,141,NaN
70.5,143,NaN
70.5,145,NaN
70.5,147,NaN
70.5,149,NaN
70.5,151,NaN
70.5,153,NaN
70.5,155,NaN
70.5,157,NaN
70.5,159,NaN
70.5,161,-0.538336182
70.5,163,-0.546881104
70.5,165,-0.557409668
70.5,167,-0.564367676
70.5,169,-0.565100098
70.5,171,-0.559545898
70.5,173,-0.557592773
70.5,175,NaN
70.5,177,-0.548529053
70.5,179,-0.561621094
70.5,181,-0.554754639
70.5,183,-0.566717529
70.5,185,-0.603979492
70.5,187,-0.636633301
70.5,189,-0.660162354
70.5,191,-0.676550293
70.5,193,-0.685095215
70.5,195,-0.684637451
70.5,197,-0.684576416
70.5,199,-0.688269043
70.5,201,-0.669500732
70.5,203,NaN
70.5,205,NaN
70.5,207,NaN
70.5,209,NaN
70.5,211,NaN
70.5,213,NaN
70.5,215,-0.574926758
70.5,217,-0.570074463
70.5,219,-0.571508789
70.5,221,-0.577185059
70.5,223,-0.575964355
70.5,225,-0.567572021
70.5,227,-0.561743164
70.5,229,-0.562078857
70.5,231,-0.538244629
70.5,233,-0.531072998
70.5,235,-0.55625
70.5,237,NaN
70.5,239,NaN
70.5,241,NaN
70.5,243,NaN
70.5,245,NaN
70.5,247,NaN
70.5,249,NaN
70.5,251,NaN
70.5,253,NaN
70.5,255,NaN
70.5,257,NaN
70.5,259,NaN
70.5,261,NaN
70.5,263,NaN
70.5,265,NaN
70.5,267,NaN
70.5,269,NaN
70.5,271,NaN
70.5,273,NaN
70.5,275,NaN
70.5,277,NaN
70.5,279,NaN
70.5,281,NaN
70.5,283,NaN
70.5,285,NaN
70.5,287,NaN
70.5,289,NaN
70.5,291,NaN
70.5,293,-0.711126709
70.5,295,-0.708746338
70.5,297,-0.709204102
70.5,299,-0.705633545
70.5,301,-0.681188965
70.5,303,-0.681616211
70.5,305,NaN
70.5,307,NaN
70.5,309,NaN
70.5,311,NaN
70.5,313,NaN
70.5,315,NaN
70.5,317,NaN
70.5,319,NaN
70.5,321,NaN
70.5,323,NaN
70.5,325,NaN
70.5,327,NaN
70.5,329,NaN
70.5,331,NaN
70.5,333,NaN
70.5,335,NaN
70.5,337,NaN
70.5,339,-0.697668457
70.5,341,-0.704168701
70.5,343,-0.682592773
70.5,345,-0.593603516
70.5,347,-0.448675537
70.5,349,-0.283270264
70.5,351,0.037072754
70.5,353,0.510064697
70.5,355,1.072137451
70.5,357,1.999505615
70.5,359,3.042596436
71.5,1,3.95256958
71.5,3,4.550256348
71.5,5,4.959039307
71.5,7,5.198358154
71.5,9,5.312860107
71.5,11,5.346582031
71.5,13,5.295831299
71.5,15,5.192193604
71.5,17,5.030084229
71.5,19,4.834069824
71.5,21,4.592675781
71.5,23,4.348474121
71.5,25,4.068566895
71.5,27,3.63326416
71.5,29,2.768823242
71.5,31,2.098748779
71.5,33,0.945031738
71.5,35,0.076257324
71.5,37,-0.285986328
71.5,39,-0.451940918
71.5,41,-0.54630127
71.5,43,-0.607397461
71.5,45,-0.644445801
71.5,47,-0.67532959
71.5,49,-0.700720215
71.5,51,-0.727911377
71.5,53,NaN
71.5,55,NaN
71.5,57,-0.640966797
71.5,59,-0.63248291
71.5,61,-0.652655029
71.5,63,-0.662756348
71.5,65,-0.671240234
71.5,67,NaN
71.5,69,NaN
71.5,71,NaN
71.5,73,NaN
71.5,75,NaN
71.5,77,NaN
71.5,79,NaN
71.5,81,NaN
71.5,83,NaN
71.5,85,NaN
71.5,87,NaN
71.5,89,NaN
71.5,91,NaN
71.5,93,NaN
71.5,95,NaN
71.5,97,NaN
71.5,99,NaN
71.5,101,NaN
71.5,103,NaN
71.5,105,NaN
71.5,107,NaN
71.5,109,NaN
71.5,111,NaN
71.5,113,NaN
71.5,115,NaN
71.5,117,NaN
71.5,119,NaN
71.5,121,NaN
71.5,123,NaN
71.5,125,NaN
71.5,127,NaN
71.5,129,NaN
71.5,131,NaN
71.5,133,NaN
71.5,135,NaN
71.5,137,NaN
71.5,139,NaN
71.5,141,NaN
71.5,143,NaN
71.5,145,NaN
71.5,147,NaN
71.5,149,NaN
71.5,151,NaN
71.5,153,-0.50647583
71.5,155,-0.526098633
71.5,157,-0.529455566
71.5,159,-0.535223389
71.5,161,-0.543188477
71.5,163,-0.555548096
71.5,165,-0.567236328
71.5,167,-0.57388916
71.5,169,-0.575476074
71.5,171,-0.571112061
71.5,173,-0.561834717
71.5,175,-0.568487549
71.5,177,-0.581121826
71.5,179,-0.5980896
71.5,181,-0.609533691
71.5,183,-0.619818115
71.5,185,-0.629370117
71.5,187,-0.64105835
71.5,189,-0.655371094
71.5,191,-0.672399902
71.5,193,-0.681158447
71.5,195,-0.683813477
71.5,197,-0.680914307
71.5,199,-0.670294189
71.5,201,-0.648260498
71.5,203,-0.625830078
71.5,205,-0.615911865
71.5,207,NaN
71.5,209,-0.600714111
71.5,211,-0.611120605
71.5,213,-0.617437744
71.5,215,-0.619451904
71.5,217,-0.618597412
71.5,219,-0.615301514
71.5,221,-0.607702637
71.5,223,-0.599584961
71.5,225,-0.592901611
71.5,227,-0.586767578
71.5,229,-0.576635742
71.5,231,-0.566412354
71.5,233,-0.570898437
71.5,235,-0.580053711
71.5,237,NaN
71.5,239,NaN
71.5,241,NaN
71.5,243,NaN
71.5,245,NaN
71.5,247,NaN
71.5,249,NaN
71.5,251,NaN
71.5,253,NaN
71.5,255,NaN
71.5,257,NaN
71.5,259,NaN
71.5,261,NaN
71.5,263,NaN
71.5,265,NaN
71.5,267,NaN
71.5,269,NaN
71.5,271,NaN
71.5,273,NaN
71.5,275,NaN
71.5,277,NaN
71.5,279,NaN
71.5,281,NaN
71.5,283,NaN
71.5,285,NaN
71.5,287,NaN
71.5,289,NaN
71.5,291,-0.714849854
71.5,293,-0.713903809
71.5,295,-0.714147949
71.5,297,-0.714147949
71.5,299,-0.706274414
71.5,301,-0.695501709
71.5,303,-0.695684814
71.5,305,NaN
71.5,307,NaN
71.5,309,NaN
71.5,311,NaN
71.5,313,NaN
71.5,315,NaN
71.5,317,NaN
71.5,319,NaN
71.5,321,NaN
71.5,323,NaN
71.5,325,NaN
71.5,327,NaN
71.5,329,NaN
71.5,331,NaN
71.5,333,NaN
71.5,335,NaN
71.5,337,NaN
71.5,339,-0.707159424
71.5,341,-0.708227539
71.5,343,-0.67633667
71.5,345,-0.575079346
71.5,347,-0.406286621
71.5,349,-0.227667236
71.5,351,0.474298096
71.5,353,1.475396729
71.5,355,1.861138916
71.5,357,2.415155029
71.5,359,3.200097656
72.5,1,3.693231201
72.5,3,4.170526123
72.5,5,4.516900635
72.5,7,4.749475098
72.5,9,4.872766113
72.5,11,4.938684082
72.5,13,4.954400635
72.5,15,4.919946289
72.5,17,4.837945557
72.5,19,4.729364014
72.5,21,4.569116211
72.5,23,4.381585693
72.5,25,4.130883789
72.5,27,3.748620605
72.5,29,3.249963379
72.5,31,2.682305908
72.5,33,1.422296143
72.5,35,0.233026123
72.5,37,-0.228460693
72.5,39,-0.423590088
72.5,41,-0.539190674
72.5,43,-0.586035156
72.5,45,-0.618109131
72.5,47,-0.675817871
72.5,49,-0.729162598
72.5,51,-0.735388184
72.5,53,NaN
72.5,55,NaN
72.5,57,-0.636724854
72.5,59,-0.652441406
72.5,61,-0.673956299
72.5,63,-0.679510498
72.5,65,-0.671789551
72.5,67,-0.686743164
72.5,69,NaN
72.5,71,NaN
72.5,73,NaN
72.5,75,NaN
72.5,77,NaN
72.5,79,NaN
72.5,81,NaN
72.5,83,NaN
72.5,85,NaN
72.5,87,NaN
72.5,89,NaN
72.5,91,NaN
72.5,93,NaN
72.5,95,NaN
72.5,97,NaN
72.5,99,NaN
72.5,101,NaN
72.5,103,NaN
72.5,105,NaN
72.5,107,NaN
72.5,109,NaN
72.5,111,NaN
72.5,113,NaN
72.5,115,NaN
72.5,117,NaN
72.5,119,NaN
72.5,121,NaN
72.5,123,NaN
72.5,125,NaN
72.5,127,NaN
72.5,129,NaN
72.5,131,-0.371862793
72.5,133,-0.374731445
72.5,135,-0.387457275
72.5,137,-0.408300781
72.5,139,-0.412908936
72.5,141,NaN
72.5,143,NaN
72.5,145,-0.468786621
72.5,147,NaN
72.5,149,-0.489263916
72.5,151,-0.499761963
72.5,153,-0.513891602
72.5,155,-0.52600708
72.5,157,-0.536749268
72.5,159,-0.546911621
72.5,161,-0.557989502
72.5,163,-0.571264648
72.5,165,-0.581213379
72.5,167,-0.58838501
72.5,169,-0.592993164
72.5,171,-0.590460205
72.5,173,-0.585760498
72.5,175,-0.600775146
72.5,177,-0.616247559
72.5,179,-0.627203369
72.5,181,-0.635168457
72.5,183,-0.639318848
72.5,185,-0.638800049
72.5,187,-0.64206543
72.5,189,-0.648596191
72.5,191,-0.658239746
72.5,193,-0.662207031
72.5,195,-0.661077881
72.5,197,-0.655371094
72.5,199,-0.633306885
72.5,201,-0.612768555
72.5,203,-0.619940186
72.5,205,-0.626989746
72.5,207,-0.633978271
72.5,209,-0.643865967
72.5,211,-0.651739502
72.5,213,-0.654150391
72.5,215,-0.651556396
72.5,217,-0.650152588
72.5,219,-0.648474121
72.5,221,-0.643835449
72.5,223,-0.638372803
72.5,225,-0.629980469
72.5,227,-0.619116211
72.5,229,-0.610723877
72.5,231,-0.608557129
72.5,233,-0.609320068
72.5,235,NaN
72.5,237,NaN
72.5,239,NaN
72.5,241,NaN
72.5,243,NaN
72.5,245,NaN
72.5,247,NaN
72.5,249,NaN
72.5,251,NaN
72.5,253,NaN
72.5,255,NaN
72.5,257,NaN
72.5,259,NaN
72.5,261,NaN
72.5,263,NaN
72.5,265,NaN
72.5,267,NaN
72.5,269,NaN
72.5,271,NaN
72.5,273,NaN
72.5,275,NaN
72.5,277,NaN
72.5,279,NaN
72.5,281,NaN
72.5,283,-0.704931641
72.5,285,-0.708258057
72.5,287,-0.71237793
72.5,289,-0.715216064
72.5,291,-0.716772461
72.5,293,-0.716833496
72.5,295,-0.716345215
72.5,297,-0.712988281
72.5,299,-0.699255371
72.5,301,-0.68717041
72.5,303,-0.690924072
72.5,305,NaN
72.5,307,NaN
72.5,309,NaN
72.5,311,NaN
72.5,313,NaN
72.5,315,NaN
72.5,317,NaN
72.5,319,NaN
72.5,321,NaN
72.5,323,NaN
72.5,325,NaN
72.5,327,NaN
72.5,329,NaN
72.5,331,NaN
72.5,333,NaN
72.5,335,NaN
72.5,337,NaN
72.5,339,NaN
72.5,341,-0.683508301
72.5,343,-0.670782471
72.5,345,-0.600683594
72.5,347,-0.449835205
72.5,349,-0.224707031
72.5,351,0.567346191
72.5,353,1.987634277
72.5,355,2.36071167
72.5,357,2.586541748
72.5,359,3.152764893
73.5,1,3.305352783
73.5,3,3.682092285
73.5,5,3.984643555
73.5,7,4.212426758
73.5,9,4.359124756
73.5,11,4.458612061
73.5,13,4.525384521
73.5,15,4.556176758
73.5,17,4.501824951
73.5,19,4.365991211
73.5,21,4.175592041
73.5,23,3.996392822
73.5,25,3.75447998
73.5,27,3.394769287
73.5,29,2.989007568
73.5,31,2.344476318
73.5,33,0.975640869
73.5,35,0.006585693
73.5,37,-0.311865234
73.5,39,-0.508184814
73.5,41,-0.58737793
73.5,43,-0.61005249
73.5,45,-0.648168945
73.5,47,-0.703436279
73.5,49,-0.731390381
73.5,51,-0.731390381
73.5,53,-0.728948975
73.5,55,NaN
73.5,57,NaN
73.5,59,-0.634863281
73.5,61,-0.64710083
73.5,63,-0.662298584
73.5,65,-0.678381348
73.5,67,-0.704504395
73.5,69,-0.716040039
73.5,71,NaN
73.5,73,-0.576208496
73.5,75,-0.498175049
73.5,77,-0.423620605
73.5,79,NaN
73.5,81,NaN
73.5,83,NaN
73.5,85,NaN
73.5,87,NaN
73.5,89,NaN
73.5,91,NaN
73.5,93,NaN
73.5,95,NaN
73.5,97,NaN
73.5,99,NaN
73.5,101,NaN
73.5,103,NaN
73.5,105,NaN
73.5,107,NaN
73.5,109,NaN
73.5,111,NaN
73.5,113,NaN
73.5,115,NaN
73.5,117,NaN
73.5,119,NaN
73.5,121,-0.505621338
73.5,123,NaN
73.5,125,NaN
73.5,127,NaN
73.5,129,NaN
73.5,131,-0.380651855
73.5,133,-0.388677979
73.5,135,-0.401464844
73.5,137,-0.417608643
73.5,139,-0.429754639
73.5,141,NaN
73.5,143,NaN
73.5,145,-0.467016602
73.5,147,-0.479833984
73.5,149,-0.493444824
73.5,151,-0.509222412
73.5,153,-0.525
73.5,155,-0.539343262
73.5,157,-0.552648926
73.5,159,-0.565588379
73.5,161,-0.578527832
73.5,163,-0.590124512
73.5,165,-0.597875977
73.5,167,-0.604406738
73.5,169,-0.609960937
73.5,171,-0.609899902
73.5,173,-0.609838867
73.5,175,-0.619909668
73.5,177,-0.630163574
73.5,179,-0.637945557
73.5,181,-0.642523193
73.5,183,-0.644842529
73.5,185,-0.645758057
73.5,187,-0.64810791
73.5,189,-0.651373291
73.5,191,-0.654180908
73.5,193,-0.655584717
73.5,195,-0.654577637
73.5,197,-0.650549316
73.5,199,-0.646032715
73.5,201,-0.645330811
73.5,203,-0.648535156
73.5,205,-0.653997803
73.5,207,-0.660467529
73.5,209,-0.666784668
73.5,211,-0.671179199
73.5,213,-0.672674561
73.5,215,-0.673071289
73.5,217,-0.673223877
73.5,219,-0.672918701
73.5,221,-0.671514893
73.5,223,-0.669592285
73.5,225,-0.666876221
73.5,227,-0.662908936
73.5,229,-0.657659912
73.5,231,-0.65302124
73.5,233,-0.65793457
73.5,235,NaN
73.5,237,NaN
73.5,239,NaN
73.5,241,NaN
73.5,243,NaN
73.5,245,NaN
73.5,247,NaN
73.5,249,NaN
73.5,251,NaN
73.5,253,NaN
73.5,255,NaN
73.5,257,NaN
73.5,259,NaN
73.5,261,NaN
73.5,263,NaN
73.5,265,NaN
73.5,267,NaN
73.5,269,NaN
73.5,271,NaN
73.5,273,NaN
73.5,275,NaN
73.5,277,NaN
73.5,279,NaN
73.5,281,-0.709051514
73.5,283,-0.707647705
73.5,285,-0.712713623
73.5,287,-0.71729126
73.5,289,-0.719702148
73.5,291,-0.719641113
73.5,293,-0.719732666
73.5,295,-0.717810059
73.5,297,-0.706365967
73.5,299,-0.695074463
73.5,301,-0.697943115
73.5,303,NaN
73.5,305,NaN
73.5,307,NaN
73.5,309,NaN
73.5,311,NaN
73.5,313,NaN
73.5,315,NaN
73.5,317,NaN
73.5,319,NaN
73.5,321,NaN
73.5,323,NaN
73.5,325,NaN
73.5,327,NaN
73.5,329,NaN
73.5,331,NaN
73.5,333,NaN
73.5,335,NaN
73.5,337,NaN
73.5,339,NaN
73.5,341,-0.676367187
73.5,343,-0.688604736
73.5,345,-0.660498047
73.5,347,-0.572393799
73.5,349,-0.375067139
73.5,351,0.161920166
73.5,353,1.222955322
73.5,355,1.958947754
73.5,357,2.614373779
73.5,359,3.035180664
74.5,1,3.05526123
74.5,3,3.268182373
74.5,5,3.485314941
74.5,7,3.693994141
74.5,9,3.876855469
74.5,11,4.019647217
74.5,13,4.117150879
74.5,15,4.147149658
74.5,17,3.956109619
74.5,19,3.366723633
74.5,21,2.863153076
74.5,23,2.934625244
74.5,25,3.061639404
74.5,27,2.886376953
74.5,29,2.456964111
74.5,31,1.6440979
74.5,33,0.551477051
74.5,35,-0.202368164
74.5,37,-0.441778564
74.5,39,-0.582647705
74.5,41,-0.658209229
74.5,43,-0.678289795
74.5,45,-0.693121338
74.5,47,-0.716162109
74.5,49,-0.730169678
74.5,51,-0.728613281
74.5,53,-0.722052002
74.5,55,-0.718634033
74.5,57,NaN
74.5,59,NaN
74.5,61,-0.633001709
74.5,63,-0.640325928
74.5,65,-0.649298096
74.5,67,-0.687017822
74.5,69,-0.703405762
74.5,71,-0.692907715
74.5,73,-0.644110107
74.5,75,-0.577978516
74.5,77,-0.50269165
74.5,79,-0.424047852
74.5,81,-0.372839355
74.5,83,-0.35022583
74.5,85,-0.348120117
74.5,87,NaN
74.5,89,NaN
74.5,91,NaN
74.5,93,NaN
74.5,95,NaN
74.5,97,NaN
74.5,99,NaN
74.5,101,NaN
74.5,103,NaN
74.5,105,NaN
74.5,107,NaN
74.5,109,NaN
74.5,111,NaN
74.5,113,NaN
74.5,115,NaN
74.5,117,NaN
74.5,119,-0.526373291
74.5,121,-0.51114502
74.5,123,-0.492834473
74.5,125,-0.464910889
74.5,127,-0.434332275
74.5,129,-0.423010254
74.5,131,-0.41751709
74.5,133,-0.418005371
74.5,135,-0.422857666
74.5,137,-0.427191162
74.5,139,-0.43326416
74.5,141,NaN
74.5,143,NaN
74.5,145,-0.481542969
74.5,147,-0.494268799
74.5,149,-0.52121582
74.5,151,-0.524633789
74.5,153,-0.542089844
74.5,155,-0.55524292
74.5,157,-0.569555664
74.5,159,-0.583227539
74.5,161,-0.595983887
74.5,163,-0.606085205
74.5,165,-0.61307373
74.5,167,-0.619482422
74.5,169,-0.624700928
74.5,171,-0.628088379
74.5,173,-0.631079102
74.5,175,-0.634771729
74.5,177,-0.639349365
74.5,179,-0.643865967
74.5,181,-0.647253418
74.5,183,-0.649542236
74.5,185,-0.650976562
74.5,187,-0.652716064
74.5,189,-0.654974365
74.5,191,-0.656713867
74.5,193,-0.657781982
74.5,195,-0.658270264
74.5,197,-0.658544922
74.5,199,-0.658758545
74.5,201,-0.660894775
74.5,203,-0.664587402
74.5,205,-0.669714355
74.5,207,-0.674780273
74.5,209,-0.679327393
74.5,211,-0.682714844
74.5,213,-0.68515625
74.5,215,-0.687261963
74.5,217,-0.688909912
74.5,219,-0.68994751
74.5,221,-0.691046143
74.5,223,-0.692388916
74.5,225,-0.692205811
74.5,227,-0.691564941
74.5,229,-0.689642334
74.5,231,-0.687231445
74.5,233,-0.688574219
74.5,235,-0.691625977
74.5,237,NaN
74.5,239,NaN
74.5,241,NaN
74.5,243,NaN
74.5,245,NaN
74.5,247,NaN
74.5,249,NaN
74.5,251,NaN
74.5,253,NaN
74.5,255,NaN
74.5,257,NaN
74.5,259,NaN
74.5,261,NaN
74.5,263,NaN
74.5,265,NaN
74.5,267,NaN
74.5,269,NaN
74.5,271,NaN
74.5,273,NaN
74.5,275,NaN
74.5,277,NaN
74.5,279,NaN
74.5,281,-0.701055908
74.5,283,-0.705999756
74.5,285,-0.709448242
74.5,287,-0.712072754
74.5,289,-0.712988281
74.5,291,-0.715185547
74.5,293,-0.718023682
74.5,295,-0.716772461
74.5,297,-0.711431885
74.5,299,-0.711920166
74.5,301,-0.713354492
74.5,303,NaN
74.5,305,NaN
74.5,307,NaN
74.5,309,NaN
74.5,311,NaN
74.5,313,NaN
74.5,315,NaN
74.5,317,NaN
74.5,319,NaN
74.5,321,NaN
74.5,323,NaN
74.5,325,NaN
74.5,327,NaN
74.5,329,NaN
74.5,331,NaN
74.5,333,NaN
74.5,335,NaN
74.5,337,NaN
74.5,339,NaN
74.5,341,-0.675115967
74.5,343,-0.691015625
74.5,345,-0.694311523
74.5,347,-0.675817871
74.5,349,-0.561529541
74.5,351,-0.311315918
74.5,353,0.088555908
74.5,355,0.817590332
74.5,357,2.256921387
74.5,359,3.023278809
75.5,1,2.586419678
75.5,3,3.11763916
75.5,5,3.249475098
75.5,7,3.342767334
75.5,9,3.55526123
75.5,11,3.738275146
75.5,13,3.807427979
75.5,15,3.569970703
75.5,17,2.871850586
75.5,19,1.974023438
75.5,21,1.025292969
75.5,23,0.624597168
75.5,25,0.996728516
75.5,27,1.029840088
75.5,29,0.451318359
75.5,31,0.052697754
75.5,33,-0.235968018
75.5,35,-0.445532227
75.5,37,-0.580236816
75.5,39,-0.661413574
75.5,41,-0.700933838
75.5,43,-0.725714111
75.5,45,-0.739813232
75.5,47,-0.747351074
75.5,49,-0.740454102
75.5,51,-0.726171875
75.5,53,-0.712805176
75.5,55,-0.706793213
75.5,57,NaN
75.5,59,NaN
75.5,61,-0.680700684
75.5,63,-0.65
75.5,65,-0.647589111
75.5,67,-0.646948242
75.5,69,-0.627996826
75.5,71,-0.628973389
75.5,73,-0.642553711
75.5,75,-0.623846436
75.5,77,-0.583044434
75.5,79,-0.515783691
75.5,81,-0.457250977
75.5,83,-0.414678955
75.5,85,-0.40088501
75.5,87,-0.40994873
75.5,89,-0.421972656
75.5,91,NaN
75.5,93,NaN
75.5,95,NaN
75.5,97,NaN
75.5,99,NaN
75.5,101,NaN
75.5,103,NaN
75.5,105,NaN
75.5,107,NaN
75.5,109,NaN
75.5,111,NaN
75.5,113,NaN
75.5,115,-0.565252686
75.5,117,-0.55737915
75.5,119,-0.545751953
75.5,121,-0.533148193
75.5,123,-0.519781494
75.5,125,-0.508001709
75.5,127,-0.49777832
75.5,129,-0.487799072
75.5,131,-0.479620361
75.5,133,-0.48706665
75.5,135,-0.484350586
75.5,137,-0.508673096
75.5,139,-0.582678223
75.5,141,NaN
75.5,143,-0.574377441
75.5,145,NaN
75.5,147,NaN
75.5,149,NaN
75.5,151,NaN
75.5,153,NaN
75.5,155,-0.573217773
75.5,157,-0.585699463
75.5,159,-0.597998047
75.5,161,-0.609533691
75.5,163,-0.618566895
75.5,165,-0.625860596
75.5,167,-0.632299805
75.5,169,-0.63727417
75.5,171,-0.640722656
75.5,173,-0.643225098
75.5,175,-0.644628906
75.5,177,-0.647039795
75.5,179,-0.649847412
75.5,181,-0.65177002
75.5,183,-0.653112793
75.5,185,-0.654486084
75.5,187,-0.656072998
75.5,189,-0.658270264
75.5,191,-0.660437012
75.5,193,-0.662664795
75.5,195,-0.665014648
75.5,197,-0.667364502
75.5,199,-0.669866943
75.5,201,-0.672583008
75.5,203,-0.675848389
75.5,205,-0.679388428
75.5,207,-0.683416748
75.5,209,-0.686834717
75.5,211,-0.689489746
75.5,213,-0.691687012
75.5,215,-0.693487549
75.5,217,-0.695196533
75.5,219,-0.696875
75.5,221,-0.698400879
75.5,223,-0.699621582
75.5,225,-0.701086426
75.5,227,-0.701849365
75.5,229,-0.70267334
75.5,231,-0.703009033
75.5,233,-0.701696777
75.5,235,-0.699987793
75.5,237,NaN
75.5,239,NaN
75.5,241,NaN
75.5,243,NaN
75.5,245,NaN
75.5,247,NaN
75.5,249,NaN
75.5,251,NaN
75.5,253,NaN
75.5,255,NaN
75.5,257,NaN
75.5,259,NaN
75.5,261,NaN
75.5,263,NaN
75.5,265,NaN
75.5,267,NaN
75.5,269,NaN
75.5,271,NaN
75.5,273,NaN
75.5,275,NaN
75.5,277,NaN
75.5,279,NaN
75.5,281,-0.698278809
75.5,283,-0.698187256
75.5,285,-0.694555664
75.5,287,-0.687384033
75.5,289,-0.687780762
75.5,291,-0.697698975
75.5,293,-0.704382324
75.5,295,-0.713446045
75.5,297,-0.718969727
75.5,299,-0.717443848
75.5,301,NaN
75.5,303,NaN
75.5,305,NaN
75.5,307,NaN
75.5,309,NaN
75.5,311,NaN
75.5,313,NaN
75.5,315,NaN
75.5,317,NaN
75.5,319,NaN
75.5,321,NaN
75.5,323,NaN
75.5,325,NaN
75.5,327,NaN
75.5,329,NaN
75.5,331,NaN
75.5,333,NaN
75.5,335,NaN
75.5,337,NaN
75.5,339,NaN
75.5,341,NaN
75.5,343,-0.729956055
75.5,345,-0.725958252
75.5,347,-0.711920166
75.5,349,-0.668737793
75.5,351,-0.587774658
75.5,353,-0.442266846
75.5,355,-0.07868042
75.5,357,0.993798828
75.5,359,1.994317627
76.5,1,1.156549072
76.5,3,2.498254395
76.5,5,3.074060059
76.5,7,2.99151001
76.5,9,2.872125244
76.5,11,2.395349121
76.5,13,1.686456299
76.5,15,1.045800781
76.5,17,0.5559021
76.5,19,0.091943359
76.5,21,-0.283575439
76.5,23,-0.573217773
76.5,25,-0.720098877
76.5,27,-0.706884766
76.5,29,-0.63526001
76.5,31,-0.581671143
76.5,33,-0.612585449
76.5,35,-0.66171875
76.5,37,-0.703039551
76.5,39,-0.734625244
76.5,41,-0.751104736
76.5,43,-0.761633301
76.5,45,-0.762915039
76.5,47,-0.758398437
76.5,49,-0.751409912
76.5,51,-0.73416748
76.5,53,-0.709173584
76.5,55,-0.692419434
76.5,57,-0.686499023
76.5,59,-0.687017822
76.5,61,NaN
76.5,63,NaN
76.5,65,NaN
76.5,67,-0.66473999
76.5,69,-0.665533447
76.5,71,-0.660650635
76.5,73,-0.656835937
76.5,75,-0.647131348
76.5,77,-0.625311279
76.5,79,-0.58460083
76.5,81,-0.538183594
76.5,83,-0.490148926
76.5,85,-0.466223145
76.5,87,-0.458044434
76.5,89,-0.467810059
76.5,91,-0.482214355
76.5,93,-0.501409912
76.5,95,-0.514471436
76.5,97,-0.527105713
76.5,99,-0.542425537
76.5,101,NaN
76.5,103,NaN
76.5,105,NaN
76.5,107,NaN
76.5,109,NaN
76.5,111,NaN
76.5,113,NaN
76.5,115,-0.597479248
76.5,117,-0.584265137
76.5,119,-0.573400879
76.5,121,-0.565527344
76.5,123,-0.559698486
76.5,125,-0.556829834
76.5,127,-0.55411377
76.5,129,-0.549169922
76.5,131,-0.544927979
76.5,133,-0.54453125
76.5,135,-0.545385742
76.5,137,-0.567358398
76.5,139,-0.573461914
76.5,141,-0.581304932
76.5,143,-0.579595947
76.5,145,NaN
76.5,147,-0.571295166
76.5,149,NaN
76.5,151,-0.57489624
76.5,153,-0.58157959
76.5,155,-0.590704346
76.5,157,-0.600744629
76.5,159,-0.611547852
76.5,161,-0.62088623
76.5,163,-0.628515625
76.5,165,-0.63538208
76.5,167,-0.641485596
76.5,169,-0.645483398
76.5,171,-0.647314453
76.5,173,-0.648962402
76.5,175,-0.650274658
76.5,177,-0.652044678
76.5,179,-0.654058838
76.5,181,-0.656103516
76.5,183,-0.658087158
76.5,185,-0.660070801
76.5,187,-0.662084961
76.5,189,-0.664312744
76.5,191,-0.666693115
76.5,193,-0.66953125
76.5,195,-0.672277832
76.5,197,-0.674841309
76.5,199,-0.67734375
76.5,201,-0.680090332
76.5,203,-0.682958984
76.5,205,-0.685827637
76.5,207,-0.688604736
76.5,209,-0.691107178
76.5,211,-0.69296875
76.5,213,-0.694311523
76.5,215,-0.695654297
76.5,217,-0.697210693
76.5,219,-0.69876709
76.5,221,-0.700170898
76.5,223,-0.701391602
76.5,225,-0.702856445
76.5,227,-0.704046631
76.5,229,-0.705541992
76.5,231,-0.70670166
76.5,233,-0.707556152
76.5,235,-0.709173584
76.5,237,-0.710882568
76.5,239,NaN
76.5,241,NaN
76.5,243,NaN
76.5,245,NaN
76.5,247,NaN
76.5,249,NaN
76.5,251,NaN
76.5,253,NaN
76.5,255,NaN
76.5,257,NaN
76.5,259,NaN
76.5,261,NaN
76.5,263,NaN
76.5,265,NaN
76.5,267,NaN
76.5,269,NaN
76.5,271,NaN
76.5,273,NaN
76.5,275,NaN
76.5,277,NaN
76.5,279,NaN
76.5,281,-0.708288574
76.5,283,-0.705511475
76.5,285,-0.686895752
76.5,287,-0.674841309
76.5,289,NaN
76.5,291,NaN
76.5,293,NaN
76.5,295,NaN
76.5,297,NaN
76.5,299,NaN
76.5,301,NaN
76.5,303,NaN
76.5,305,NaN
76.5,307,NaN
76.5,309,NaN
76.5,311,NaN
76.5,313,NaN
76.5,315,NaN
76.5,317,NaN
76.5,319,NaN
76.5,321,NaN
76.5,323,NaN
76.5,325,NaN
76.5,327,NaN
76.5,329,NaN
76.5,331,NaN
76.5,333,NaN
76.5,335,NaN
76.5,337,NaN
76.5,339,NaN
76.5,341,-0.732672119
76.5,343,-0.731481934
76.5,345,-0.729620361
76.5,347,-0.7230896
76.5,349,-0.711126709
76.5,351,-0.700109863
76.5,353,-0.627508545
76.5,355,-0.506536865
76.5,357,-0.152288818
76.5,359,0.308343506
77.5,1,-0.139227295
77.5,3,0.536004639
77.5,5,1.066186523
77.5,7,1.372613525
77.5,9,1.570550537
77.5,11,1.092980957
77.5,13,NaN
77.5,15,0.152734375
77.5,17,NaN
77.5,19,-0.557623291
77.5,21,-0.662359619
77.5,23,-0.710089111
77.5,25,-0.794104004
77.5,27,-0.772711182
77.5,29,-0.757879639
77.5,31,-0.752233887
77.5,33,-0.759649658
77.5,35,-0.773931885
77.5,37,-0.776953125
77.5,39,-0.774420166
77.5,41,-0.775061035
77.5,43,-0.769720459
77.5,45,-0.760717773
77.5,47,-0.756079102
77.5,49,-0.753271484
77.5,51,-0.749822998
77.5,53,-0.741278076
77.5,55,-0.727941895
77.5,57,-0.71427002
77.5,59,-0.700292969
77.5,61,-0.691107178
77.5,63,-0.686010742
77.5,65,-0.686651611
77.5,67,-0.70581665
77.5,69,-0.717169189
77.5,71,-0.702215576
77.5,73,-0.6840271
77.5,75,-0.670507812
77.5,77,-0.650183105
77.5,79,-0.619573975
77.5,81,-0.588140869
77.5,83,-0.556646729
77.5,85,-0.536322021
77.5,87,-0.524298096
77.5,89,-0.521948242
77.5,91,-0.524938965
77.5,93,-0.52902832
77.5,95,-0.53394165
77.5,97,-0.539862061
77.5,99,-0.545385742
77.5,101,NaN
77.5,103,NaN
77.5,105,NaN
77.5,107,NaN
77.5,109,-0.61661377
77.5,111,-0.618566895
77.5,113,-0.614263916
77.5,115,-0.607550049
77.5,117,-0.600714111
77.5,119,-0.594732666
77.5,121,-0.59052124
77.5,123,-0.588415527
77.5,125,-0.587164307
77.5,127,-0.585974121
77.5,129,-0.585882568
77.5,131,-0.586187744
77.5,133,-0.585913086
77.5,135,-0.585852051
77.5,137,-0.586859131
77.5,139,-0.588110352
77.5,141,-0.588903809
77.5,143,-0.589941406
77.5,145,-0.589666748
77.5,147,-0.590185547
77.5,149,-0.592108154
77.5,151,-0.595526123
77.5,153,-0.60111084
77.5,155,-0.607824707
77.5,157,-0.614904785
77.5,159,-0.622595215
77.5,161,-0.63034668
77.5,163,-0.637335205
77.5,165,-0.643469238
77.5,167,-0.648565674
77.5,169,-0.651098633
77.5,171,-0.651953125
77.5,173,-0.653967285
77.5,175,-0.656378174
77.5,177,-0.658422852
77.5,179,-0.660162354
77.5,181,-0.662054443
77.5,183,-0.663946533
77.5,185,-0.666052246
77.5,187,-0.668310547
77.5,189,-0.6706604
77.5,191,-0.673101807
77.5,193,-0.675695801
77.5,195,-0.6784729
77.5,197,-0.680883789
77.5,199,-0.682989502
77.5,201,-0.685308838
77.5,203,-0.687719727
77.5,205,-0.689611816
77.5,207,-0.691046143
77.5,209,-0.692358398
77.5,211,-0.693701172
77.5,213,-0.694891357
77.5,215,-0.696081543
77.5,217,-0.697332764
77.5,219,-0.698675537
77.5,221,-0.69989624
77.5,223,-0.701025391
77.5,225,-0.702001953
77.5,227,-0.703039551
77.5,229,-0.704290771
77.5,231,-0.70569458
77.5,233,-0.707373047
77.5,235,-0.709082031
77.5,237,-0.710333252
77.5,239,-0.711553955
77.5,241,-0.713171387
77.5,243,-0.714422607
77.5,245,-0.714788818
77.5,247,NaN
77.5,249,NaN
77.5,251,NaN
77.5,253,NaN
77.5,255,NaN
77.5,257,NaN
77.5,259,NaN
77.5,261,NaN
77.5,263,NaN
77.5,265,NaN
77.5,267,NaN
77.5,269,NaN
77.5,271,NaN
77.5,273,NaN
77.5,275,NaN
77.5,277,NaN
77.5,279,NaN
77.5,281,-0.71072998
77.5,283,-0.705267334
77.5,285,-0.69800415
77.5,287,-0.685308838
77.5,289,NaN
77.5,291,NaN
77.5,293,NaN
77.5,295,NaN
77.5,297,NaN
77.5,299,NaN
77.5,301,NaN
77.5,303,NaN
77.5,305,NaN
77.5,307,NaN
77.5,309,NaN
77.5,311,NaN
77.5,313,NaN
77.5,315,NaN
77.5,317,NaN
77.5,319,NaN
77.5,321,NaN
77.5,323,NaN
77.5,325,NaN
77.5,327,NaN
77.5,329,NaN
77.5,331,NaN
77.5,333,NaN
77.5,335,NaN
77.5,337,NaN
77.5,339,NaN
77.5,341,-0.728094482
77.5,343,-0.727148437
77.5,345,-0.726293945
77.5,347,-0.723150635
77.5,349,-0.718328857
77.5,351,-0.71918335
77.5,353,-0.697271729
77.5,355,-0.678442383
77.5,357,-0.580480957
77.5,359,-0.462072754
78.5,1,-0.526190186
78.5,3,-0.38928833
78.5,5,-0.268103027
78.5,7,-0.154058838
78.5,9,-0.009222412
78.5,11,0.345422363
78.5,13,NaN
78.5,15,NaN
78.5,17,NaN
78.5,19,NaN
78.5,21,NaN
78.5,23,-0.776434326
78.5,25,-0.773596191
78.5,27,-0.765722656
78.5,29,-0.760992432
78.5,31,-0.762640381
78.5,33,-0.767126465
78.5,35,-0.774420166
78.5,37,-0.781225586
78.5,39,-0.784490967
78.5,41,-0.782598877
78.5,43,-0.777838135
78.5,45,-0.773046875
78.5,47,-0.769354248
78.5,49,-0.765875244
78.5,51,-0.762548828
78.5,53,-0.759802246
78.5,55,-0.757421875
78.5,57,-0.753881836
78.5,59,-0.748358154
78.5,61,-0.744970703
78.5,63,-0.743109131
78.5,65,-0.741461182
78.5,67,-0.737677002
78.5,69,-0.728094482
78.5,71,-0.712255859
78.5,73,-0.698828125
78.5,75,-0.686590576
78.5,77,-0.669958496
78.5,79,-0.648504639
78.5,81,-0.626318359
78.5,83,-0.603277588
78.5,85,-0.586096191
78.5,87,-0.574530029
78.5,89,-0.566656494
78.5,91,-0.563330078
78.5,93,-0.564367676
78.5,95,-0.565710449
78.5,97,-0.563604736
78.5,99,-0.552191162
78.5,101,NaN
78.5,103,NaN
78.5,105,-0.614660645
78.5,107,-0.609655762
78.5,109,-0.61862793
78.5,111,-0.623724365
78.5,113,-0.623388672
78.5,115,-0.620733643
78.5,117,-0.617437744
78.5,119,-0.614752197
78.5,121,-0.612463379
78.5,123,-0.610906982
78.5,125,-0.609747314
78.5,127,-0.608892822
78.5,129,-0.607824707
78.5,131,-0.606451416
78.5,133,-0.605596924
78.5,135,-0.60501709
78.5,137,-0.604376221
78.5,139,-0.604864502
78.5,141,-0.606665039
78.5,143,-0.608587646
78.5,145,-0.610266113
78.5,147,-0.612249756
78.5,149,-0.614691162
78.5,151,-0.617468262
78.5,153,-0.621221924
78.5,155,-0.626531982
78.5,157,-0.632177734
78.5,159,-0.637365723
78.5,161,-0.642736816
78.5,163,-0.647680664
78.5,165,-0.65213623
78.5,167,-0.65579834
78.5,169,-0.657995605
78.5,171,-0.659399414
78.5,173,-0.661108398
78.5,175,-0.662817383
78.5,177,-0.664556885
78.5,179,-0.666235352
78.5,181,-0.668066406
78.5,183,-0.669989014
78.5,185,-0.672003174
78.5,187,-0.674200439
78.5,189,-0.676428223
78.5,191,-0.678839111
78.5,193,-0.68112793
78.5,195,-0.683172607
78.5,197,-0.684820557
78.5,199,-0.686621094
78.5,201,-0.688421631
78.5,203,-0.689825439
78.5,205,-0.69083252
78.5,207,-0.691870117
78.5,209,-0.693060303
78.5,211,-0.694189453
78.5,213,-0.695013428
78.5,215,-0.695806885
78.5,217,-0.696813965
78.5,219,-0.697943115
78.5,221,-0.69901123
78.5,223,-0.700048828
78.5,225,-0.701116943
78.5,227,-0.702154541
78.5,229,-0.703192139
78.5,231,-0.704351807
78.5,233,-0.70557251
78.5,235,-0.707220459
78.5,237,-0.708837891
78.5,239,-0.710150146
78.5,241,-0.711523437
78.5,243,-0.713079834
78.5,245,-0.71439209
78.5,247,-0.715063477
78.5,249,NaN
78.5,251,NaN
78.5,253,NaN
78.5,255,NaN
78.5,257,NaN
78.5,259,-0.713415527
78.5,261,NaN
78.5,263,NaN
78.5,265,NaN
78.5,267,NaN
78.5,269,NaN
78.5,271,NaN
78.5,273,NaN
78.5,275,NaN
78.5,277,NaN
78.5,279,NaN
78.5,281,NaN
78.5,283,NaN
78.5,285,NaN
78.5,287,NaN
78.5,289,NaN
78.5,291,NaN
78.5,293,NaN
78.5,295,NaN
78.5,297,NaN
78.5,299,NaN
78.5,301,NaN
78.5,303,NaN
78.5,305,NaN
78.5,307,NaN
78.5,309,NaN
78.5,311,NaN
78.5,313,NaN
78.5,315,NaN
78.5,317,NaN
78.5,319,NaN
78.5,321,NaN
78.5,323,NaN
78.5,325,NaN
78.5,327,NaN
78.5,329,NaN
78.5,331,NaN
78.5,333,NaN
78.5,335,NaN
78.5,337,NaN
78.5,339,NaN
78.5,341,-0.724432373
78.5,343,-0.724005127
78.5,345,-0.724371338
78.5,347,-0.725408936
78.5,349,-0.725683594
78.5,351,-0.728918457
78.5,353,-0.725500488
78.5,355,-0.720587158
78.5,357,-0.697149658
78.5,359,-0.625341797
79.5,1,-0.676855469
79.5,3,-0.648199463
79.5,5,-0.613134766
79.5,7,-0.570318604
79.5,9,-0.536688232
79.5,11,-0.583502197
79.5,13,-0.600195312
79.5,15,NaN
79.5,17,NaN
79.5,19,NaN
79.5,21,NaN
79.5,23,-0.721685791
79.5,25,NaN
79.5,27,-0.758856201
79.5,29,-0.758001709
79.5,31,-0.759039307
79.5,33,-0.761083984
79.5,35,-0.770544434
79.5,37,-0.779486084
79.5,39,-0.783544922
79.5,41,-0.7828125
79.5,43,-0.780645752
79.5,45,-0.778845215
79.5,47,-0.775946045
79.5,49,-0.77322998
79.5,51,-0.77298584
79.5,53,-0.775061035
79.5,55,-0.775762939
79.5,57,-0.775579834
79.5,59,-0.777105713
79.5,61,-0.774176025
79.5,63,-0.764898682
79.5,65,-0.753637695
79.5,67,-0.744085693
79.5,69,-0.733740234
79.5,71,-0.721838379
79.5,73,-0.709814453
79.5,75,-0.697302246
79.5,77,-0.683782959
79.5,79,-0.669165039
79.5,81,-0.652838135
79.5,83,-0.635107422
79.5,85,-0.620397949
79.5,87,-0.610144043
79.5,89,-0.610693359
79.5,91,-0.611853027
79.5,93,NaN
79.5,95,NaN
79.5,97,NaN
79.5,99,-0.646337891
79.5,101,NaN
79.5,103,-0.638677979
79.5,105,-0.637121582
79.5,107,-0.63651123
79.5,109,-0.63626709
79.5,111,-0.636480713
79.5,113,-0.636755371
79.5,115,-0.635656738
79.5,117,-0.633551025
79.5,119,-0.631964111
79.5,121,-0.631201172
79.5,123,-0.630407715
79.5,125,-0.629156494
79.5,127,-0.627661133
79.5,129,-0.626593018
79.5,131,-0.625952148
79.5,133,-0.625189209
79.5,135,-0.624273682
79.5,137,-0.623846436
79.5,139,-0.624151611
79.5,141,-0.625463867
79.5,143,-0.627416992
79.5,145,-0.629431152
79.5,147,-0.631658936
79.5,149,-0.634222412
79.5,151,-0.636999512
79.5,153,-0.640234375
79.5,155,-0.643896484
79.5,157,-0.647680664
79.5,159,-0.651464844
79.5,161,-0.654821777
79.5,163,-0.657568359
79.5,165,-0.659674072
79.5,167,-0.662054443
79.5,169,-0.664526367
79.5,171,-0.666601562
79.5,173,-0.668218994
79.5,175,-0.66953125
79.5,177,-0.671179199
79.5,179,-0.672918701
79.5,181,-0.674658203
79.5,183,-0.67645874
79.5,185,-0.67822876
79.5,187,-0.680273437
79.5,189,-0.682287598
79.5,191,-0.684057617
79.5,193,-0.685491943
79.5,195,-0.686743164
79.5,197,-0.688208008
79.5,199,-0.689611816
79.5,201,-0.690405273
79.5,203,-0.690740967
79.5,205,-0.691290283
79.5,207,-0.692144775
79.5,209,-0.693029785
79.5,211,-0.693731689
79.5,213,-0.694189453
79.5,215,-0.69473877
79.5,217,-0.695593262
79.5,219,-0.696508789
79.5,221,-0.697332764
79.5,223,-0.698309326
79.5,225,-0.699499512
79.5,227,-0.700689697
79.5,229,-0.701849365
79.5,231,-0.703100586
79.5,233,-0.704321289
79.5,235,-0.705511475
79.5,237,-0.706915283
79.5,239,-0.708319092
79.5,241,-0.709753418
79.5,243,-0.711187744
79.5,245,-0.712713623
79.5,247,-0.713903809
79.5,249,-0.714605713
79.5,251,-0.715429687
79.5,253,NaN
79.5,255,-0.720068359
79.5,257,-0.723699951
79.5,259,-0.725012207
79.5,261,-0.720098877
79.5,263,NaN
79.5,265,NaN
79.5,267,NaN
79.5,269,NaN
79.5,271,NaN
79.5,273,NaN
79.5,275,NaN
79.5,277,NaN
79.5,279,NaN
79.5,281,NaN
79.5,283,NaN
79.5,285,NaN
79.5,287,NaN
79.5,289,NaN
79.5,291,NaN
79.5,293,NaN
79.5,295,NaN
79.5,297,NaN
79.5,299,NaN
79.5,301,NaN
79.5,303,NaN
79.5,305,NaN
79.5,307,NaN
79.5,309,NaN
79.5,311,NaN
79.5,313,NaN
79.5,315,NaN
79.5,317,NaN
79.5,319,NaN
79.5,321,NaN
79.5,323,NaN
79.5,325,NaN
79.5,327,NaN
79.5,329,NaN
79.5,331,NaN
79.5,333,NaN
79.5,335,NaN
79.5,337,NaN
79.5,339,NaN
79.5,341,-0.722723389
79.5,343,-0.722723389
79.5,345,-0.724127197
79.5,347,-0.729437256
79.5,349,-0.730352783
79.5,351,-0.732855225
79.5,353,-0.730963135
79.5,355,-0.724951172
79.5,357,-0.718664551
79.5,359,-0.699835205
80.5,1,-0.721411133
80.5,3,-0.716619873
80.5,5,-0.70859375
80.5,7,-0.698156738
80.5,9,-0.688604736
80.5,11,-0.682958984
80.5,13,-0.676733398
80.5,15,-0.66965332
80.5,17,-0.667730713
80.5,19,-0.687414551
80.5,21,-0.697851562
80.5,23,-0.721868896
80.5,25,-0.730688477
80.5,27,-0.736151123
80.5,29,-0.740148926
80.5,31,-0.748052979
80.5,33,-0.751959229
80.5,35,-0.755621338
80.5,37,-0.757025146
80.5,39,-0.758276367
80.5,41,-0.761999512
80.5,43,-0.766485596
80.5,45,-0.77008667
80.5,47,-0.771917725
80.5,49,-0.773840332
80.5,51,-0.778051758
80.5,53,-0.783026123
80.5,55,-0.786566162
80.5,57,-0.789465332
80.5,59,-0.788122559
80.5,61,-0.776983643
80.5,63,-0.759588623
80.5,65,-0.746374512
80.5,67,-0.740423584
80.5,69,-0.735449219
80.5,71,-0.726568604
80.5,73,-0.71427002
80.5,75,-0.702246094
80.5,77,-0.692724609
80.5,79,-0.684088135
80.5,81,-0.673620605
80.5,83,-0.661535645
80.5,85,-0.653540039
80.5,87,-0.654943848
80.5,89,-0.660375977
80.5,91,-0.6605896
80.5,93,-0.662481689
80.5,95,NaN
80.5,97,NaN
80.5,99,-0.659216309
80.5,101,-0.662451172
80.5,103,-0.659918213
80.5,105,-0.65769043
80.5,107,-0.655615234
80.5,109,-0.653753662
80.5,111,-0.651800537
80.5,113,-0.649755859
80.5,115,-0.647802734
80.5,117,-0.645819092
80.5,119,-0.644232178
80.5,121,-0.643347168
80.5,123,-0.642889404
80.5,125,-0.641973877
80.5,127,-0.64029541
80.5,129,-0.639013672
80.5,131,-0.639227295
80.5,133,-0.640264893
80.5,135,-0.641271973
80.5,137,-0.641912842
80.5,139,-0.6421875
80.5,141,-0.642645264
80.5,143,-0.643774414
80.5,145,-0.645635986
80.5,147,-0.647589111
80.5,149,-0.649725342
80.5,151,-0.652319336
80.5,153,-0.655096436
80.5,155,-0.657507324
80.5,157,-0.65982666
80.5,159,-0.662115479
80.5,161,-0.664465332
80.5,163,-0.666601562
80.5,165,-0.66852417
80.5,167,-0.670599365
80.5,169,-0.672583008
80.5,171,-0.67432251
80.5,173,-0.675726318
80.5,175,-0.676947021
80.5,177,-0.678381348
80.5,179,-0.679846191
80.5,181,-0.68125
80.5,183,-0.682806396
80.5,185,-0.684210205
80.5,187,-0.685522461
80.5,189,-0.686529541
80.5,191,-0.687261963
80.5,193,-0.687963867
80.5,195,-0.688696289
80.5,197,-0.689398193
80.5,199,-0.689825439
80.5,201,-0.690100098
80.5,203,-0.690496826
80.5,205,-0.690985107
80.5,207,-0.691473389
80.5,209,-0.692022705
80.5,211,-0.692572021
80.5,213,-0.69309082
80.5,215,-0.693670654
80.5,217,-0.694525146
80.5,219,-0.695501709
80.5,221,-0.696203613
80.5,223,-0.696783447
80.5,225,-0.697668457
80.5,227,-0.69888916
80.5,229,-0.700079346
80.5,231,-0.701452637
80.5,233,-0.702886963
80.5,235,-0.704077148
80.5,237,-0.705236816
80.5,239,-0.706518555
80.5,241,-0.707739258
80.5,243,-0.709020996
80.5,245,-0.710546875
80.5,247,-0.712225342
80.5,249,-0.713934326
80.5,251,-0.715856934
80.5,253,-0.718450928
80.5,255,-0.72244873
80.5,257,-0.723852539
80.5,259,-0.721411133
80.5,261,-0.712713623
80.5,263,-0.697790527
80.5,265,NaN
80.5,267,NaN
80.5,269,NaN
80.5,271,NaN
80.5,273,NaN
80.5,275,NaN
80.5,277,NaN
80.5,279,NaN
80.5,281,NaN
80.5,283,NaN
80.5,285,NaN
80.5,287,NaN
80.5,289,NaN
80.5,291,NaN
80.5,293,NaN
80.5,295,NaN
80.5,297,NaN
80.5,299,NaN
80.5,301,NaN
80.5,303,NaN
80.5,305,NaN
80.5,307,NaN
80.5,309,NaN
80.5,311,NaN
80.5,313,NaN
80.5,315,NaN
80.5,317,NaN
80.5,319,NaN
80.5,321,NaN
80.5,323,NaN
80.5,325,NaN
80.5,327,NaN
80.5,329,NaN
80.5,331,NaN
80.5,333,NaN
80.5,335,NaN
80.5,337,NaN
80.5,339,NaN
80.5,341,NaN
80.5,343,NaN
80.5,345,-0.739782715
80.5,347,-0.737921143
80.5,349,-0.737402344
80.5,351,-0.737036133
80.5,353,-0.733312988
80.5,355,-0.729589844
80.5,357,-0.728216553
80.5,359,-0.726721191
81.5,1,-0.730322266
81.5,3,-0.729772949
81.5,5,-0.729711914
81.5,7,-0.729803467
81.5,9,-0.731268311
81.5,11,-0.73505249
81.5,13,-0.739477539
81.5,15,-0.741033936
81.5,17,-0.740911865
81.5,19,-0.741796875
81.5,21,-0.74375
81.5,23,-0.745428467
81.5,25,-0.74552002
81.5,27,-0.745092773
81.5,29,-0.746130371
81.5,31,-0.748602295
81.5,33,-0.7515625
81.5,35,-0.753637695
81.5,37,-0.754492187
81.5,39,-0.753912354
81.5,41,-0.752935791
81.5,43,-0.752386475
81.5,45,-0.752020264
81.5,47,-0.75244751
81.5,49,-0.753973389
81.5,51,-0.755194092
81.5,53,-0.754248047
81.5,55,-0.751257324
81.5,57,-0.748205566
81.5,59,-0.745977783
81.5,61,-0.743536377
81.5,63,-0.740057373
81.5,65,-0.73682251
81.5,67,-0.734289551
81.5,69,-0.730413818
81.5,71,-0.722753906
81.5,73,-0.713476562
81.5,75,-0.705145264
81.5,77,-0.698095703
81.5,79,-0.691778564
81.5,81,-0.685980225
81.5,83,-0.680975342
81.5,85,-0.677587891
81.5,87,-0.677374268
81.5,89,-0.678961182
81.5,91,-0.679296875
81.5,93,-0.674597168
81.5,95,NaN
81.5,97,-0.666967773
81.5,99,-0.664923096
81.5,101,-0.666326904
81.5,103,-0.667791748
81.5,105,-0.666998291
81.5,107,-0.665258789
81.5,109,-0.663275146
81.5,111,-0.661230469
81.5,113,-0.659063721
81.5,115,-0.656958008
81.5,117,-0.654699707
81.5,119,-0.652716064
81.5,121,-0.65177002
81.5,123,-0.651861572
81.5,125,-0.652258301
81.5,127,-0.652105713
81.5,129,-0.651617432
81.5,131,-0.651068115
81.5,133,-0.651037598
81.5,135,-0.651586914
81.5,137,-0.652685547
81.5,139,-0.65378418
81.5,141,-0.655004883
81.5,143,-0.656439209
81.5,145,-0.657995605
81.5,147,-0.659490967
81.5,149,-0.66083374
81.5,151,-0.662390137
81.5,153,-0.664221191
81.5,155,-0.666174316
81.5,157,-0.668066406
81.5,159,-0.670111084
81.5,161,-0.672369385
81.5,163,-0.674505615
81.5,165,-0.67633667
81.5,167,-0.677954102
81.5,169,-0.67935791
81.5,171,-0.680700684
81.5,173,-0.681890869
81.5,175,-0.682928467
81.5,177,-0.683905029
81.5,179,-0.684637451
81.5,181,-0.68527832
81.5,183,-0.686102295
81.5,185,-0.686834717
81.5,187,-0.687384033
81.5,189,-0.687475586
81.5,191,-0.687353516
81.5,193,-0.687536621
81.5,195,-0.688269043
81.5,197,-0.689276123
81.5,199,-0.690008545
81.5,201,-0.690252686
81.5,203,-0.690222168
81.5,205,-0.69019165
81.5,207,-0.690252686
81.5,209,-0.690466309
81.5,211,-0.690863037
81.5,213,-0.691412354
81.5,215,-0.692205811
81.5,217,-0.693243408
81.5,219,-0.694372559
81.5,221,-0.695318604
81.5,223,-0.696051025
81.5,225,-0.696844482
81.5,227,-0.697851562
81.5,229,-0.698919678
81.5,231,-0.700018311
81.5,233,-0.701208496
81.5,235,-0.702490234
81.5,237,-0.703741455
81.5,239,-0.704962158
81.5,241,-0.706213379
81.5,243,-0.707434082
81.5,245,-0.708807373
81.5,247,-0.710424805
81.5,249,-0.712286377
81.5,251,-0.714117432
81.5,253,-0.716253662
81.5,255,-0.718023682
81.5,257,-0.7175354
81.5,259,-0.714849854
81.5,261,-0.709051514
81.5,263,-0.69989624
81.5,265,-0.694433594
81.5,267,-0.695410156
81.5,269,NaN
81.5,271,NaN
81.5,273,NaN
81.5,275,NaN
81.5,277,-0.701483154
81.5,279,NaN
81.5,281,NaN
81.5,283,NaN
81.5,285,NaN
81.5,287,NaN
81.5,289,NaN
81.5,291,NaN
81.5,293,NaN
81.5,295,NaN
81.5,297,NaN
81.5,299,NaN
81.5,301,NaN
81.5,303,NaN
81.5,305,NaN
81.5,307,-0.723425293
81.5,309,NaN
81.5,311,NaN
81.5,313,NaN
81.5,315,NaN
81.5,317,NaN
81.5,319,NaN
81.5,321,NaN
81.5,323,NaN
81.5,325,NaN
81.5,327,NaN
81.5,329,NaN
81.5,331,NaN
81.5,333,NaN
81.5,335,NaN
81.5,337,NaN
81.5,339,NaN
81.5,341,NaN
81.5,343,NaN
81.5,345,-0.731115723
81.5,347,-0.731329346
81.5,349,-0.732244873
81.5,351,-0.732427979
81.5,353,-0.731237793
81.5,355,-0.730291748
81.5,357,-0.729772949
81.5,359,-0.730230713
82.5,1,-0.730596924
82.5,3,-0.730993652
82.5,5,-0.731756592
82.5,7,-0.733099365
82.5,9,-0.734686279
82.5,11,-0.736456299
82.5,13,-0.738562012
82.5,15,-0.740423584
82.5,17,-0.741461182
82.5,19,-0.74161377
82.5,21,-0.74173584
82.5,23,-0.741888428
82.5,25,-0.742102051
82.5,27,-0.742590332
82.5,29,-0.743048096
82.5,31,-0.743658447
82.5,33,-0.744207764
82.5,35,-0.74463501
82.5,37,-0.744940186
82.5,39,-0.744726562
82.5,41,-0.743505859
82.5,43,-0.741400146
82.5,45,-0.739447021
82.5,47,-0.738531494
82.5,49,-0.738562012
82.5,51,-0.739050293
82.5,53,-0.738989258
82.5,55,-0.737463379
82.5,57,-0.735021973
82.5,59,-0.732122803
82.5,61,-0.729284668
82.5,63,-0.726507568
82.5,65,-0.723974609
82.5,67,-0.721502686
82.5,69,-0.718054199
82.5,71,-0.713659668
82.5,73,-0.70960083
82.5,75,-0.707006836
82.5,77,-0.705725098
82.5,79,-0.704626465
82.5,81,-0.70291748
82.5,83,-0.701116943
82.5,85,-0.698950195
82.5,87,-0.696508789
82.5,89,-0.693823242
82.5,91,-0.690740967
82.5,93,-0.687597656
82.5,95,-0.684515381
82.5,97,-0.681494141
82.5,99,-0.678778076
82.5,101,-0.676641846
82.5,103,-0.674383545
82.5,105,-0.672094727
82.5,107,-0.669897461
82.5,109,-0.667547607
82.5,111,-0.664953613
82.5,113,-0.662268066
82.5,115,-0.65970459
82.5,117,-0.657141113
82.5,119,-0.654852295
82.5,121,-0.653143311
82.5,123,-0.652166748
82.5,125,-0.652227783
82.5,127,-0.653265381
82.5,129,-0.65491333
82.5,131,-0.656774902
82.5,133,-0.658514404
82.5,135,-0.659643555
82.5,137,-0.660559082
82.5,139,-0.661505127
82.5,141,-0.662542725
82.5,143,-0.66385498
82.5,145,-0.665289307
82.5,147,-0.666845703
82.5,149,-0.668463135
82.5,151,-0.669958496
82.5,153,-0.671453857
82.5,155,-0.672888184
82.5,157,-0.67432251
82.5,159,-0.675970459
82.5,161,-0.677557373
82.5,163,-0.678869629
82.5,165,-0.679815674
82.5,167,-0.680548096
82.5,169,-0.681433105
82.5,171,-0.682348633
82.5,173,-0.68314209
82.5,175,-0.683752441
82.5,177,-0.683996582
82.5,179,-0.683782959
82.5,181,-0.683630371
82.5,183,-0.683905029
82.5,185,-0.684667969
82.5,187,-0.685583496
82.5,189,-0.686407471
82.5,191,-0.68717041
82.5,193,-0.68793335
82.5,195,-0.688604736
82.5,197,-0.689031982
82.5,199,-0.689001465
82.5,201,-0.688757324
82.5,203,-0.688543701
82.5,205,-0.688452148
82.5,207,-0.688635254
82.5,209,-0.6890625
82.5,211,-0.689611816
82.5,213,-0.69019165
82.5,215,-0.690863037
82.5,217,-0.691778564
82.5,219,-0.692907715
82.5,221,-0.694036865
82.5,223,-0.69498291
82.5,225,-0.695776367
82.5,227,-0.696630859
82.5,229,-0.697668457
82.5,231,-0.698919678
82.5,233,-0.700109863
82.5,235,-0.701239014
82.5,237,-0.702337646
82.5,239,-0.703497314
82.5,241,-0.704626465
82.5,243,-0.70581665
82.5,245,-0.707250977
82.5,247,-0.708929443
82.5,249,-0.710668945
82.5,251,-0.712408447
82.5,253,-0.714208984
82.5,255,-0.715246582
82.5,257,-0.714971924
82.5,259,-0.71362915
82.5,261,-0.710760498
82.5,263,-0.706091309
82.5,265,-0.702490234
82.5,267,-0.701727295
82.5,269,-0.702032471
82.5,271,-0.702398682
82.5,273,-0.704931641
82.5,275,-0.706121826
82.5,277,-0.709814453
82.5,279,NaN
82.5,281,NaN
82.5,283,NaN
82.5,285,-0.712530518
82.5,287,NaN
82.5,289,NaN
82.5,291,-0.712530518
82.5,293,NaN
82.5,295,NaN
82.5,297,-0.724523926
82.5,299,NaN
82.5,301,-0.724523926
82.5,303,-0.72409668
82.5,305,-0.722265625
82.5,307,-0.723425293
82.5,309,-0.723425293
82.5,311,-0.723425293
82.5,313,NaN
82.5,315,NaN
82.5,317,NaN
82.5,319,NaN
82.5,321,NaN
82.5,323,NaN
82.5,325,-0.72421875
82.5,327,NaN
82.5,329,NaN
82.5,331,NaN
82.5,333,NaN
82.5,335,NaN
82.5,337,NaN
82.5,339,NaN
82.5,341,-0.727514648
82.5,343,-0.727606201
82.5,345,-0.727789307
82.5,347,-0.728277588
82.5,349,-0.728765869
82.5,351,-0.729162598
82.5,353,-0.729467773
82.5,355,-0.729742432
82.5,357,-0.73001709
82.5,359,-0.730291748
83.5,1,-0.729956055
83.5,3,-0.73013916
83.5,5,-0.730413818
83.5,7,-0.730932617
83.5,9,-0.731756592
83.5,11,-0.732733154
83.5,13,-0.733465576
83.5,15,-0.73380127
83.5,17,-0.733587646
83.5,19,-0.7331604
83.5,21,-0.73303833
83.5,23,-0.733343506
83.5,25,-0.73392334
83.5,27,-0.734381104
83.5,29,-0.734320068
83.5,31,-0.733770752
83.5,33,-0.732977295
83.5,35,-0.732244873
83.5,37,-0.732092285
83.5,39,-0.732550049
83.5,41,-0.732733154
83.5,43,-0.732305908
83.5,45,-0.731176758
83.5,47,-0.729589844
83.5,49,-0.728155518
83.5,51,-0.72699585
83.5,53,-0.725927734
83.5,55,-0.724401855
83.5,57,-0.722265625
83.5,59,-0.719335937
83.5,61,-0.715673828
83.5,63,-0.712194824
83.5,65,-0.709570312
83.5,67,-0.707830811
83.5,69,-0.706610107
83.5,71,-0.706030273
83.5,73,-0.706365967
83.5,75,-0.708349609
83.5,77,-0.711523437
83.5,79,-0.714208984
83.5,81,-0.715032959
83.5,83,-0.714453125
83.5,85,-0.712896729
83.5,87,-0.710668945
83.5,89,-0.707983398
83.5,91,-0.704321289
83.5,93,-0.700140381
83.5,95,-0.69598999
83.5,97,-0.691717529
83.5,99,-0.687200928
83.5,101,-0.682867432
83.5,103,-0.678991699
83.5,105,-0.675299072
83.5,107,-0.671789551
83.5,109,-0.668432617
83.5,111,-0.665411377
83.5,113,-0.66272583
83.5,115,-0.660925293
83.5,117,-0.659857178
83.5,119,-0.659216309
83.5,121,-0.658728027
83.5,123,-0.658026123
83.5,125,-0.656896973
83.5,127,-0.655645752
83.5,129,-0.654821777
83.5,131,-0.654547119
83.5,133,-0.655126953
83.5,135,-0.656561279
83.5,137,-0.658361816
83.5,139,-0.660253906
83.5,141,-0.662084961
83.5,143,-0.66373291
83.5,145,-0.665136719
83.5,147,-0.666143799
83.5,149,-0.667059326
83.5,151,-0.668066406
83.5,153,-0.669226074
83.5,155,-0.670294189
83.5,157,-0.671362305
83.5,159,-0.672583008
83.5,161,-0.674017334
83.5,163,-0.675024414
83.5,165,-0.675787354
83.5,167,-0.676367187
83.5,169,-0.676916504
83.5,171,-0.67746582
83.5,173,-0.678076172
83.5,175,-0.678747559
83.5,177,-0.679541016
83.5,179,-0.680578613
83.5,181,-0.681738281
83.5,183,-0.682836914
83.5,185,-0.683813477
83.5,187,-0.684790039
83.5,189,-0.685552979
83.5,191,-0.686102295
83.5,193,-0.686376953
83.5,195,-0.686437988
83.5,197,-0.686346436
83.5,199,-0.686224365
83.5,201,-0.686071777
83.5,203,-0.686071777
83.5,205,-0.686315918
83.5,207,-0.686804199
83.5,209,-0.687384033
83.5,211,-0.687872314
83.5,213,-0.688299561
83.5,215,-0.688879395
83.5,217,-0.689764404
83.5,219,-0.690863037
83.5,221,-0.69196167
83.5,223,-0.69296875
83.5,225,-0.69385376
83.5,227,-0.69473877
83.5,229,-0.695684814
83.5,231,-0.69675293
83.5,233,-0.697912598
83.5,235,-0.69901123
83.5,237,-0.700079346
83.5,239,-0.701177979
83.5,241,-0.702459717
83.5,243,-0.703863525
83.5,245,-0.705419922
83.5,247,-0.707006836
83.5,249,-0.708532715
83.5,251,-0.710089111
83.5,253,-0.711431885
83.5,255,-0.712164307
83.5,257,-0.712347412
83.5,259,-0.712042236
83.5,261,-0.711157227
83.5,263,-0.7097229
83.5,265,-0.708349609
83.5,267,-0.707769775
83.5,269,-0.707861328
83.5,271,-0.708380127
83.5,273,-0.709234619
83.5,275,-0.710333252
83.5,277,-0.711279297
83.5,279,-0.711889648
83.5,281,NaN
83.5,283,-0.712896729
83.5,285,-0.713415527
83.5,287,-0.713690186
83.5,289,-0.716589355
83.5,291,-0.717840576
83.5,293,-0.719702148
83.5,295,-0.722357178
83.5,297,-0.721411133
83.5,299,-0.720098877
83.5,301,-0.718908691
83.5,303,-0.717993164
83.5,305,-0.717077637
83.5,307,-0.715643311
83.5,309,-0.714453125
83.5,311,-0.714361572
83.5,313,-0.715856934
83.5,315,-0.718206787
83.5,317,NaN
83.5,319,NaN
83.5,321,-0.724035645
83.5,323,NaN
83.5,325,-0.723577881
83.5,327,-0.72333374
83.5,329,NaN
83.5,331,NaN
83.5,333,NaN
83.5,335,-0.724645996
83.5,337,-0.725195312
83.5,339,-0.725195312
83.5,341,-0.725256348
83.5,343,-0.725439453
83.5,345,-0.725775146
83.5,347,-0.726538086
83.5,349,-0.727484131
83.5,351,-0.728308105
83.5,353,-0.728796387
83.5,355,-0.729162598
83.5,357,-0.729437256
83.5,359,-0.729711914
84.5,1,-0.727667236
84.5,3,-0.727941895
84.5,5,-0.728338623
84.5,7,-0.728735352
84.5,9,-0.72913208
84.5,11,-0.729345703
84.5,13,-0.729223633
84.5,15,-0.728857422
84.5,17,-0.728430176
84.5,19,-0.728063965
84.5,21,-0.727972412
84.5,23,-0.728155518
84.5,25,-0.728552246
84.5,27,-0.72901001
84.5,29,-0.729345703
84.5,31,-0.729284668
84.5,33,-0.728704834
84.5,35,-0.727606201
84.5,37,-0.726324463
84.5,39,-0.724920654
84.5,41,-0.723455811
84.5,43,-0.721746826
84.5,45,-0.719824219
84.5,47,-0.717626953
84.5,49,-0.715460205
84.5,51,-0.713720703
84.5,53,-0.712408447
84.5,55,-0.71072998
84.5,57,-0.708319092
84.5,59,-0.705236816
84.5,61,-0.701971436
84.5,63,-0.699407959
84.5,65,-0.69788208
84.5,67,-0.697241211
84.5,69,-0.697485352
84.5,71,-0.698583984
84.5,73,-0.70065918
84.5,75,-0.704168701
84.5,77,-0.708227539
84.5,79,-0.711859131
84.5,81,-0.71427002
84.5,83,-0.716436768
84.5,85,-0.717932129
84.5,87,-0.718084717
84.5,89,-0.716131592
84.5,91,-0.711584473
84.5,93,-0.705511475
84.5,95,-0.699102783
84.5,97,-0.693579102
84.5,99,-0.68894043
84.5,101,-0.684606934
84.5,103,-0.680517578
84.5,105,-0.676855469
84.5,107,-0.673834229
84.5,109,-0.67154541
84.5,111,-0.670111084
84.5,113,-0.669317627
84.5,115,-0.668768311
84.5,117,-0.668218994
84.5,119,-0.667547607
84.5,121,-0.666906738
84.5,123,-0.666296387
84.5,125,-0.665686035
84.5,127,-0.665136719
84.5,129,-0.664648437
84.5,131,-0.664251709
84.5,133,-0.663763428
84.5,135,-0.663336182
84.5,137,-0.663000488
84.5,139,-0.662817383
84.5,141,-0.662969971
84.5,143,-0.663397217
84.5,145,-0.664038086
84.5,147,-0.664862061
84.5,149,-0.665869141
84.5,151,-0.666937256
84.5,153,-0.667913818
84.5,155,-0.668768311
84.5,157,-0.66953125
84.5,159,-0.670263672
84.5,161,-0.67130127
84.5,163,-0.672491455
84.5,165,-0.673803711
84.5,167,-0.675054932
84.5,169,-0.6762146
84.5,171,-0.67746582
84.5,173,-0.678686523
84.5,175,-0.679785156
84.5,177,-0.680700684
84.5,179,-0.68137207
84.5,181,-0.681860352
84.5,183,-0.682196045
84.5,185,-0.682501221
84.5,187,-0.682653809
84.5,189,-0.682714844
84.5,191,-0.682745361
84.5,193,-0.682836914
84.5,195,-0.682867432
84.5,197,-0.682836914
84.5,199,-0.682928467
84.5,201,-0.683172607
84.5,203,-0.683599854
84.5,205,-0.68427124
84.5,207,-0.68503418
84.5,209,-0.685736084
84.5,211,-0.686315918
84.5,213,-0.686865234
84.5,215,-0.687567139
84.5,217,-0.688452148
84.5,219,-0.689489746
84.5,221,-0.690588379
84.5,223,-0.691656494
84.5,225,-0.692663574
84.5,227,-0.693609619
84.5,229,-0.694342041
84.5,231,-0.69510498
84.5,233,-0.695928955
84.5,235,-0.696875
84.5,237,-0.697973633
84.5,239,-0.699072266
84.5,241,-0.700262451
84.5,243,-0.701513672
84.5,245,-0.702856445
84.5,247,-0.704107666
84.5,249,-0.705450439
84.5,251,-0.706762695
84.5,253,-0.707922363
84.5,255,-0.708807373
84.5,257,-0.70960083
84.5,259,-0.710272217
84.5,261,-0.710791016
84.5,263,-0.711126709
84.5,265,-0.711462402
84.5,267,-0.711950684
84.5,269,-0.712774658
84.5,271,-0.713812256
84.5,273,-0.714819336
84.5,275,-0.715643311
84.5,277,-0.716253662
84.5,279,-0.716711426
84.5,281,-0.717230225
84.5,283,-0.717749023
84.5,285,-0.718237305
84.5,287,-0.718328857
84.5,289,-0.718115234
84.5,291,-0.717718506
84.5,293,-0.717352295
84.5,295,-0.717016602
84.5,297,-0.716558838
84.5,299,-0.716040039
84.5,301,-0.715551758
84.5,303,-0.715093994
84.5,305,-0.714605713
84.5,307,-0.713751221
84.5,309,-0.712896729
84.5,311,-0.712072754
84.5,313,-0.71149292
84.5,315,-0.711218262
84.5,317,-0.711401367
84.5,319,-0.712438965
84.5,321,-0.714117432
84.5,323,-0.716192627
84.5,325,-0.717993164
84.5,327,-0.719091797
84.5,329,-0.719610596
84.5,331,-0.719854736
84.5,333,-0.720037842
84.5,335,-0.720373535
84.5,337,-0.720983887
84.5,339,-0.721838379
84.5,341,-0.722784424
84.5,343,-0.723669434
84.5,345,-0.724310303
84.5,347,-0.724951172
84.5,349,-0.725561523
84.5,351,-0.72611084
84.5,353,-0.726568604
84.5,355,-0.726843262
84.5,357,-0.727087402
84.5,359,-0.727362061
85.5,1,-0.724249268
85.5,3,-0.724401855
85.5,5,-0.724584961
85.5,7,-0.724859619
85.5,9,-0.725286865
85.5,11,-0.725683594
85.5,13,-0.725927734
85.5,15,-0.725927734
85.5,17,-0.725592041
85.5,19,-0.724798584
85.5,21,-0.723699951
85.5,23,-0.722418213
85.5,25,-0.721136475
85.5,27,-0.719976807
85.5,29,-0.719091797
85.5,31,-0.71842041
85.5,33,-0.718145752
85.5,35,-0.717993164
85.5,37,-0.717840576
85.5,39,-0.717565918
85.5,41,-0.717077637
85.5,43,-0.716223145
85.5,45,-0.714849854
85.5,47,-0.712683105
85.5,49,-0.710058594
85.5,51,-0.707128906
85.5,53,-0.704321289
85.5,55,-0.701940918
85.5,57,-0.700201416
85.5,59,-0.699163818
85.5,61,-0.698248291
85.5,63,-0.697454834
85.5,65,-0.696813965
85.5,67,-0.696600342
85.5,69,-0.697058105
85.5,71,-0.698614502
85.5,73,-0.70166626
85.5,75,-0.705603027
85.5,77,-0.709509277
85.5,79,-0.7125
85.5,81,-0.713690186
85.5,83,-0.713598633
85.5,85,-0.71262207
85.5,87,-0.710974121
85.5,89,-0.708807373
85.5,91,-0.706213379
85.5,93,-0.70279541
85.5,95,-0.698919678
85.5,97,-0.694891357
85.5,99,-0.691015625
85.5,101,-0.687628174
85.5,103,-0.684484863
85.5,105,-0.681707764
85.5,107,-0.67935791
85.5,109,-0.677404785
85.5,111,-0.675848389
85.5,113,-0.674627686
85.5,115,-0.673651123
85.5,117,-0.672979736
85.5,119,-0.672369385
85.5,121,-0.671728516
85.5,123,-0.671057129
85.5,125,-0.670324707
85.5,127,-0.66965332
85.5,129,-0.669073486
85.5,131,-0.668768311
85.5,133,-0.668707275
85.5,135,-0.668829346
85.5,137,-0.669042969
85.5,139,-0.669287109
85.5,141,-0.669622803
85.5,143,-0.669989014
85.5,145,-0.67041626
85.5,147,-0.670843506
85.5,149,-0.671392822
85.5,151,-0.671972656
85.5,153,-0.67255249
85.5,155,-0.673162842
85.5,157,-0.673712158
85.5,159,-0.674291992
85.5,161,-0.674871826
85.5,163,-0.67545166
85.5,165,-0.676000977
85.5,167,-0.676550293
85.5,169,-0.676947021
85.5,171,-0.677282715
85.5,173,-0.677557373
85.5,175,-0.677832031
85.5,177,-0.678137207
85.5,179,-0.678320312
85.5,181,-0.6784729
85.5,183,-0.678656006
85.5,185,-0.678900146
85.5,187,-0.679144287
85.5,189,-0.679388428
85.5,191,-0.679571533
85.5,193,-0.679724121
85.5,195,-0.679907227
85.5,197,-0.680181885
85.5,199,-0.680639648
85.5,201,-0.681280518
85.5,203,-0.682104492
85.5,205,-0.683050537
85.5,207,-0.6840271
85.5,209,-0.684973145
85.5,211,-0.685797119
85.5,213,-0.686590576
85.5,215,-0.687384033
85.5,217,-0.688146973
85.5,219,-0.688818359
85.5,221,-0.689459229
85.5,223,-0.690130615
85.5,225,-0.690771484
85.5,227,-0.691473389
85.5,229,-0.692205811
85.5,231,-0.69296875
85.5,233,-0.693701172
85.5,235,-0.694525146
85.5,237,-0.695410156
85.5,239,-0.696447754
85.5,241,-0.697576904
85.5,243,-0.698675537
85.5,245,-0.699865723
85.5,247,-0.701116943
85.5,249,-0.702368164
85.5,251,-0.703588867
85.5,253,-0.704626465
85.5,255,-0.705664062
85.5,257,-0.706640625
85.5,259,-0.70758667
85.5,261,-0.70847168
85.5,263,-0.709234619
85.5,265,-0.709967041
85.5,267,-0.710699463
85.5,269,-0.711431885
85.5,271,-0.712072754
85.5,273,-0.712652588
85.5,275,-0.713201904
85.5,277,-0.713781738
85.5,279,-0.714483643
85.5,281,-0.715368652
85.5,283,-0.716497803
85.5,285,-0.717596436
85.5,287,-0.718481445
85.5,289,-0.719122314
85.5,291,-0.71942749
85.5,293,-0.719610596
85.5,295,-0.719854736
85.5,297,-0.720129395
85.5,299,-0.720495605
85.5,301,-0.720831299
85.5,303,-0.721136475
85.5,305,-0.721472168
85.5,307,-0.721746826
85.5,309,-0.721929932
85.5,311,-0.722143555
85.5,313,-0.722540283
85.5,315,-0.723059082
85.5,317,-0.723669434
85.5,319,-0.724279785
85.5,321,-0.724676514
85.5,323,-0.724615479
85.5,325,-0.724127197
85.5,327,-0.723425293
85.5,329,-0.722631836
85.5,331,-0.722021484
85.5,333,-0.721746826
85.5,335,-0.721777344
85.5,337,-0.721929932
85.5,339,-0.722174072
85.5,341,-0.72244873
85.5,343,-0.722753906
85.5,345,-0.722967529
85.5,347,-0.723150635
85.5,349,-0.723364258
85.5,351,-0.723547363
85.5,353,-0.723760986
85.5,355,-0.723944092
85.5,357,-0.724066162
85.5,359,-0.724157715
86.5,1,-0.719519043
86.5,3,-0.71942749
86.5,5,-0.719366455
86.5,7,-0.719274902
86.5,9,-0.719152832
86.5,11,-0.718878174
86.5,13,-0.718572998
86.5,15,-0.718206787
86.5,17,-0.717810059
86.5,19,-0.717352295
86.5,21,-0.716833496
86.5,23,-0.716223145
86.5,25,-0.715551758
86.5,27,-0.71451416
86.5,29,-0.713171387
86.5,31,-0.711706543
86.5,33,-0.710150146
86.5,35,-0.70859375
86.5,37,-0.707128906
86.5,39,-0.705664062
86.5,41,-0.704199219
86.5,43,-0.702764893
86.5,45,-0.701361084
86.5,47,-0.699804687
86.5,49,-0.698217773
86.5,51,-0.696691895
86.5,53,-0.695440674
86.5,55,-0.694403076
86.5,57,-0.693548584
86.5,59,-0.69284668
86.5,61,-0.692388916
86.5,63,-0.692175293
86.5,65,-0.692297363
86.5,67,-0.692755127
86.5,69,-0.693701172
86.5,71,-0.695257568
86.5,73,-0.697149658
86.5,75,-0.699163818
86.5,77,-0.701025391
86.5,79,-0.702459717
86.5,81,-0.703131104
86.5,83,-0.703375244
86.5,85,-0.703344727
86.5,87,-0.703100586
86.5,89,-0.70255127
86.5,91,-0.701757812
86.5,93,-0.700689697
86.5,95,-0.699194336
86.5,97,-0.697271729
86.5,99,-0.69510498
86.5,101,-0.69284668
86.5,103,-0.690618896
86.5,105,-0.688543701
86.5,107,-0.686773682
86.5,109,-0.685308838
86.5,111,-0.683905029
86.5,113,-0.682531738
86.5,115,-0.681219482
86.5,117,-0.680059814
86.5,119,-0.678930664
86.5,121,-0.677832031
86.5,123,-0.676794434
86.5,125,-0.675787354
86.5,127,-0.674841309
86.5,129,-0.674017334
86.5,131,-0.67331543
86.5,133,-0.672796631
86.5,135,-0.672460937
86.5,137,-0.672338867
86.5,139,-0.672247314
86.5,141,-0.672186279
86.5,143,-0.672155762
86.5,145,-0.672155762
86.5,147,-0.672186279
86.5,149,-0.672277832
86.5,151,-0.672521973
86.5,153,-0.672888184
86.5,155,-0.673284912
86.5,157,-0.673742676
86.5,159,-0.674200439
86.5,161,-0.674658203
86.5,163,-0.675085449
86.5,165,-0.675482178
86.5,167,-0.675787354
86.5,169,-0.676062012
86.5,171,-0.676306152
86.5,173,-0.676550293
86.5,175,-0.676763916
86.5,177,-0.677038574
86.5,179,-0.677374268
86.5,181,-0.677832031
86.5,183,-0.678289795
86.5,185,-0.678778076
86.5,187,-0.67923584
86.5,189,-0.679693604
86.5,191,-0.680090332
86.5,193,-0.680517578
86.5,195,-0.680914307
86.5,197,-0.681280518
86.5,199,-0.681677246
86.5,201,-0.68213501
86.5,203,-0.682684326
86.5,205,-0.683294678
86.5,207,-0.683935547
86.5,209,-0.684790039
86.5,211,-0.685644531
86.5,213,-0.686376953
86.5,215,-0.687017822
86.5,217,-0.687567139
86.5,219,-0.688024902
86.5,221,-0.688452148
86.5,223,-0.688909912
86.5,225,-0.689459229
86.5,227,-0.69006958
86.5,229,-0.690802002
86.5,231,-0.691534424
86.5,233,-0.692266846
86.5,235,-0.69296875
86.5,237,-0.693579102
86.5,239,-0.694250488
86.5,241,-0.694952393
86.5,243,-0.69574585
86.5,245,-0.696569824
86.5,247,-0.697454834
86.5,249,-0.698278809
86.5,251,-0.699072266
86.5,253,-0.699865723
86.5,255,-0.70065918
86.5,257,-0.701544189
86.5,259,-0.702459717
86.5,261,-0.703405762
86.5,263,-0.704412842
86.5,265,-0.705541992
86.5,267,-0.706671143
86.5,269,-0.707739258
86.5,271,-0.708685303
86.5,273,-0.709356689
86.5,275,-0.709783936
86.5,277,-0.710089111
86.5,279,-0.710333252
86.5,281,-0.710577393
86.5,283,-0.710943604
86.5,285,-0.711431885
86.5,287,-0.712072754
86.5,289,-0.712866211
86.5,291,-0.713690186
86.5,293,-0.714544678
86.5,295,-0.715307617
86.5,297,-0.715948486
86.5,299,-0.716467285
86.5,301,-0.716925049
86.5,303,-0.717260742
86.5,305,-0.717596436
86.5,307,-0.717932129
86.5,309,-0.718206787
86.5,311,-0.718511963
86.5,313,-0.718847656
86.5,315,-0.71918335
86.5,317,-0.719580078
86.5,319,-0.720007324
86.5,321,-0.72043457
86.5,323,-0.720861816
86.5,325,-0.72119751
86.5,327,-0.72144165
86.5,329,-0.721502686
86.5,331,-0.721411133
86.5,333,-0.721289062
86.5,335,-0.721105957
86.5,337,-0.720892334
86.5,339,-0.720709229
86.5,341,-0.720556641
86.5,343,-0.72043457
86.5,345,-0.7203125
86.5,347,-0.72019043
86.5,349,-0.720129395
86.5,351,-0.720037842
86.5,353,-0.719976807
86.5,355,-0.719946289
86.5,357,-0.719763184
86.5,359,-0.719610596
87.5,1,-0.712530518
87.5,3,-0.712042236
87.5,5,-0.711584473
87.5,7,-0.711126709
87.5,9,-0.710668945
87.5,11,-0.710272217
87.5,13,-0.709844971
87.5,15,-0.709448242
87.5,17,-0.709051514
87.5,19,-0.708685303
87.5,21,-0.708074951
87.5,23,-0.707434082
87.5,25,-0.70670166
87.5,27,-0.705877686
87.5,29,-0.704992676
87.5,31,-0.704016113
87.5,33,-0.702978516
87.5,35,-0.7019104
87.5,37,-0.700811768
87.5,39,-0.699743652
87.5,41,-0.698797607
87.5,43,-0.697973633
87.5,45,-0.697149658
87.5,47,-0.696295166
87.5,49,-0.695471191
87.5,51,-0.694708252
87.5,53,-0.694036865
87.5,55,-0.693457031
87.5,57,-0.692999268
87.5,59,-0.692663574
87.5,61,-0.692449951
87.5,63,-0.692510986
87.5,65,-0.692785645
87.5,67,-0.693273926
87.5,69,-0.693914795
87.5,71,-0.694647217
87.5,73,-0.695410156
87.5,75,-0.696173096
87.5,77,-0.696905518
87.5,79,-0.697485352
87.5,81,-0.69788208
87.5,83,-0.698309326
87.5,85,-0.698706055
87.5,87,-0.699102783
87.5,89,-0.699407959
87.5,91,-0.699591064
87.5,93,-0.6996521
87.5,95,-0.699560547
87.5,97,-0.699255371
87.5,99,-0.698675537
87.5,101,-0.69776001
87.5,103,-0.696630859
87.5,105,-0.695410156
87.5,107,-0.694128418
87.5,109,-0.692816162
87.5,111,-0.691564941
87.5,113,-0.690344238
87.5,115,-0.689215088
87.5,117,-0.688299561
87.5,119,-0.687445068
87.5,121,-0.686590576
87.5,123,-0.685736084
87.5,125,-0.684942627
87.5,127,-0.68414917
87.5,129,-0.683447266
87.5,131,-0.682836914
87.5,133,-0.68225708
87.5,135,-0.681799316
87.5,137,-0.68137207
87.5,139,-0.681036377
87.5,141,-0.680761719
87.5,143,-0.680700684
87.5,145,-0.680670166
87.5,147,-0.680670166
87.5,149,-0.680670166
87.5,151,-0.680700684
87.5,153,-0.680761719
87.5,155,-0.680822754
87.5,157,-0.680883789
87.5,159,-0.680914307
87.5,161,-0.680944824
87.5,163,-0.681036377
87.5,165,-0.681158447
87.5,167,-0.68125
87.5,169,-0.681311035
87.5,171,-0.68137207
87.5,173,-0.681433105
87.5,175,-0.681463623
87.5,177,-0.681555176
87.5,179,-0.681646729
87.5,181,-0.681799316
87.5,183,-0.68213501
87.5,185,-0.682501221
87.5,187,-0.682867432
87.5,189,-0.683233643
87.5,191,-0.683569336
87.5,193,-0.683935547
87.5,195,-0.684240723
87.5,197,-0.684545898
87.5,199,-0.684851074
87.5,201,-0.685125732
87.5,203,-0.685461426
87.5,205,-0.685797119
87.5,207,-0.686102295
87.5,209,-0.686376953
87.5,211,-0.686621094
87.5,213,-0.686834717
87.5,215,-0.68704834
87.5,217,-0.68729248
87.5,219,-0.687536621
87.5,221,-0.687841797
87.5,223,-0.68817749
87.5,225,-0.688482666
87.5,227,-0.688848877
87.5,229,-0.689276123
87.5,231,-0.689764404
87.5,233,-0.690283203
87.5,235,-0.69083252
87.5,237,-0.691412354
87.5,239,-0.691992187
87.5,241,-0.692572021
87.5,243,-0.693121338
87.5,245,-0.693548584
87.5,247,-0.69397583
87.5,249,-0.694403076
87.5,251,-0.694830322
87.5,253,-0.695288086
87.5,255,-0.695776367
87.5,257,-0.696356201
87.5,259,-0.69699707
87.5,261,-0.697668457
87.5,263,-0.698431396
87.5,265,-0.699255371
87.5,267,-0.700140381
87.5,269,-0.701055908
87.5,271,-0.701940918
87.5,273,-0.70279541
87.5,275,-0.70355835
87.5,277,-0.704229736
87.5,279,-0.704718018
87.5,281,-0.705053711
87.5,283,-0.705358887
87.5,285,-0.705603027
87.5,287,-0.705877686
87.5,289,-0.706152344
87.5,291,-0.70645752
87.5,293,-0.70682373
87.5,295,-0.707189941
87.5,297,-0.707556152
87.5,299,-0.707952881
87.5,301,-0.708349609
87.5,303,-0.708807373
87.5,305,-0.709265137
87.5,307,-0.709753418
87.5,309,-0.710211182
87.5,311,-0.710699463
87.5,313,-0.711157227
87.5,315,-0.71161499
87.5,317,-0.712103271
87.5,319,-0.712591553
87.5,321,-0.712927246
87.5,323,-0.713354492
87.5,325,-0.713842773
87.5,327,-0.71439209
87.5,329,-0.714941406
87.5,331,-0.715460205
87.5,333,-0.715979004
87.5,335,-0.71640625
87.5,337,-0.716711426
87.5,339,-0.716894531
87.5,341,-0.716741943
87.5,343,-0.716467285
87.5,345,-0.716101074
87.5,347,-0.715673828
87.5,349,-0.715216064
87.5,351,-0.714727783
87.5,353,-0.714239502
87.5,355,-0.713812256
87.5,357,-0.713446045
87.5,359,-0.713018799
88.5,1,-0.70480957
88.5,3,-0.704748535
88.5,5,-0.7046875
88.5,7,-0.704321289
88.5,9,-0.703894043
88.5,11,-0.703497314
88.5,13,-0.703070068
88.5,15,-0.702642822
88.5,17,-0.702185059
88.5,19,-0.701757812
88.5,21,-0.701300049
88.5,23,-0.700842285
88.5,25,-0.700415039
88.5,27,-0.699957275
88.5,29,-0.699499512
88.5,31,-0.699072266
88.5,33,-0.69864502
88.5,35,-0.698248291
88.5,37,-0.697851562
88.5,39,-0.697485352
88.5,41,-0.697119141
88.5,43,-0.696783447
88.5,45,-0.696447754
88.5,47,-0.695959473
88.5,49,-0.695532227
88.5,51,-0.695288086
88.5,53,-0.695074463
88.5,55,-0.694891357
88.5,57,-0.694769287
88.5,59,-0.694708252
88.5,61,-0.694677734
88.5,63,-0.694677734
88.5,65,-0.694708252
88.5,67,-0.694769287
88.5,69,-0.694830322
88.5,71,-0.694921875
88.5,73,-0.695013428
88.5,75,-0.69510498
88.5,77,-0.695166016
88.5,79,-0.695196533
88.5,81,-0.695166016
88.5,83,-0.695074463
88.5,85,-0.695013428
88.5,87,-0.694921875
88.5,89,-0.694830322
88.5,91,-0.69473877
88.5,93,-0.694616699
88.5,95,-0.694494629
88.5,97,-0.694372559
88.5,99,-0.694219971
88.5,101,-0.694036865
88.5,103,-0.69385376
88.5,105,-0.693640137
88.5,107,-0.693395996
88.5,109,-0.693121338
88.5,111,-0.69284668
88.5,113,-0.692388916
88.5,115,-0.6918396
88.5,117,-0.691503906
88.5,119,-0.691168213
88.5,121,-0.690802002
88.5,123,-0.690466309
88.5,125,-0.690130615
88.5,127,-0.689794922
88.5,129,-0.689459229
88.5,131,-0.689093018
88.5,133,-0.688757324
88.5,135,-0.688391113
88.5,137,-0.68805542
88.5,139,-0.687689209
88.5,141,-0.687353516
88.5,143,-0.687017822
88.5,145,-0.686682129
88.5,147,-0.686376953
88.5,149,-0.686071777
88.5,151,-0.685827637
88.5,153,-0.685614014
88.5,155,-0.685430908
88.5,157,-0.685461426
88.5,159,-0.685491943
88.5,161,-0.685552979
88.5,163,-0.685644531
88.5,165,-0.685736084
88.5,167,-0.685827637
88.5,169,-0.685949707
88.5,171,-0.68604126
88.5,173,-0.68616333
88.5,175,-0.6862854
88.5,177,-0.686407471
88.5,179,-0.686499023
88.5,181,-0.686590576
88.5,183,-0.686682129
88.5,185,-0.686773682
88.5,187,-0.686834717
88.5,189,-0.68692627
88.5,191,-0.687017822
88.5,193,-0.687109375
88.5,195,-0.68717041
88.5,197,-0.687200928
88.5,199,-0.687231445
88.5,201,-0.687261963
88.5,203,-0.68729248
88.5,205,-0.687322998
88.5,207,-0.687353516
88.5,209,-0.687414551
88.5,211,-0.687475586
88.5,213,-0.687536621
88.5,215,-0.687628174
88.5,217,-0.687719727
88.5,219,-0.687841797
88.5,221,-0.687963867
88.5,223,-0.688116455
88.5,225,-0.688238525
88.5,227,-0.688421631
88.5,229,-0.688635254
88.5,231,-0.688848877
88.5,233,-0.689001465
88.5,235,-0.689154053
88.5,237,-0.689276123
88.5,239,-0.689428711
88.5,241,-0.689581299
88.5,243,-0.689764404
88.5,245,-0.68994751
88.5,247,-0.690130615
88.5,249,-0.690344238
88.5,251,-0.690588379
88.5,253,-0.69083252
88.5,255,-0.691137695
88.5,257,-0.691503906
88.5,259,-0.691870117
88.5,261,-0.692236328
88.5,263,-0.692572021
88.5,265,-0.692907715
88.5,267,-0.693304443
88.5,269,-0.693701172
88.5,271,-0.694128418
88.5,273,-0.694555664
88.5,275,-0.695013428
88.5,277,-0.695471191
88.5,279,-0.695898437
88.5,281,-0.696356201
88.5,283,-0.696813965
88.5,285,-0.697241211
88.5,287,-0.697698975
88.5,289,-0.698095703
88.5,291,-0.698522949
88.5,293,-0.69888916
88.5,295,-0.699133301
88.5,297,-0.699407959
88.5,299,-0.699682617
88.5,301,-0.699957275
88.5,303,-0.700262451
88.5,305,-0.700567627
88.5,307,-0.700872803
88.5,309,-0.701208496
88.5,311,-0.701544189
88.5,313,-0.701879883
88.5,315,-0.702215576
88.5,317,-0.70255127
88.5,319,-0.702886963
88.5,321,-0.703222656
88.5,323,-0.70355835
88.5,325,-0.703894043
88.5,327,-0.704199219
88.5,329,-0.704534912
88.5,331,-0.704870605
88.5,333,-0.704992676
88.5,335,-0.704962158
88.5,337,-0.704962158
88.5,339,-0.704962158
88.5,341,-0.704962158
88.5,343,-0.704962158
88.5,345,-0.704962158
88.5,347,-0.704962158
88.5,349,-0.704962158
88.5,351,-0.704962158
88.5,353,-0.704931641
88.5,355,-0.704931641
88.5,357,-0.704901123
88.5,359,-0.704870605
89.5,1,-0.690802002
89.5,3,-0.69083252
89.5,5,-0.690863037
89.5,7,-0.690863037
89.5,9,-0.690893555
89.5,11,-0.690893555
89.5,13,-0.690924072
89.5,15,-0.690924072
89.5,17,-0.69095459
89.5,19,-0.690985107
89.5,21,-0.690985107
89.5,23,-0.691015625
89.5,25,-0.691046143
89.5,27,-0.691046143
89.5,29,-0.69107666
89.5,31,-0.691107178
89.5,33,-0.691107178
89.5,35,-0.691137695
89.5,37,-0.691168213
89.5,39,-0.69119873
89.5,41,-0.691229248
89.5,43,-0.691229248
89.5,45,-0.691259766
89.5,47,-0.691290283
89.5,49,-0.691320801
89.5,51,-0.691351318
89.5,53,-0.691381836
89.5,55,-0.691412354
89.5,57,-0.691442871
89.5,59,-0.691473389
89.5,61,-0.691503906
89.5,63,-0.691534424
89.5,65,-0.691534424
89.5,67,-0.691412354
89.5,69,-0.691320801
89.5,71,-0.691229248
89.5,73,-0.691168213
89.5,75,-0.69107666
89.5,77,-0.691015625
89.5,79,-0.69095459
89.5,81,-0.690863037
89.5,83,-0.690710449
89.5,85,-0.690588379
89.5,87,-0.690496826
89.5,89,-0.690405273
89.5,91,-0.690313721
89.5,93,-0.690222168
89.5,95,-0.69019165
89.5,97,-0.690130615
89.5,99,-0.690100098
89.5,101,-0.69006958
89.5,103,-0.690039062
89.5,105,-0.690008545
89.5,107,-0.689978027
89.5,109,-0.68994751
89.5,111,-0.68994751
89.5,113,-0.689916992
89.5,115,-0.689886475
89.5,117,-0.689855957
89.5,119,-0.689825439
89.5,121,-0.689794922
89.5,123,-0.689764404
89.5,125,-0.689733887
89.5,127,-0.689703369
89.5,129,-0.689703369
89.5,131,-0.689672852
89.5,133,-0.689642334
89.5,135,-0.689611816
89.5,137,-0.689581299
89.5,139,-0.689581299
89.5,141,-0.689550781
89.5,143,-0.689520264
89.5,145,-0.689489746
89.5,147,-0.689489746
89.5,149,-0.689459229
89.5,151,-0.689428711
89.5,153,-0.689428711
89.5,155,-0.689398193
89.5,157,-0.689398193
89.5,159,-0.689367676
89.5,161,-0.689337158
89.5,163,-0.689337158
89.5,165,-0.689306641
89.5,167,-0.689306641
89.5,169,-0.689276123
89.5,171,-0.689276123
89.5,173,-0.689245605
89.5,175,-0.689245605
89.5,177,-0.689215088
89.5,179,-0.689215088
89.5,181,-0.68918457
89.5,183,-0.68918457
89.5,185,-0.68918457
89.5,187,-0.689154053
89.5,189,-0.689154053
89.5,191,-0.689154053
89.5,193,-0.689123535
89.5,195,-0.689123535
89.5,197,-0.689123535
89.5,199,-0.689093018
89.5,201,-0.689093018
89.5,203,-0.689093018
89.5,205,-0.689093018
89.5,207,-0.689093018
89.5,209,-0.6890625
89.5,211,-0.6890625
89.5,213,-0.6890625
89.5,215,-0.6890625
89.5,217,-0.6890625
89.5,219,-0.6890625
89.5,221,-0.6890625
89.5,223,-0.6890625
89.5,225,-0.689031982
89.5,227,-0.689031982
89.5,229,-0.689031982
89.5,231,-0.689031982
89.5,233,-0.689031982
89.5,235,-0.689031982
89.5,237,-0.6890625
89.5,239,-0.6890625
89.5,241,-0.6890625
89.5,243,-0.6890625
89.5,245,-0.6890625
89.5,247,-0.6890625
89.5,249,-0.6890625
89.5,251,-0.689093018
89.5,253,-0.68918457
89.5,255,-0.689306641
89.5,257,-0.689428711
89.5,259,-0.689581299
89.5,261,-0.689733887
89.5,263,-0.689886475
89.5,265,-0.690039062
89.5,267,-0.690222168
89.5,269,-0.690405273
89.5,271,-0.690405273
89.5,273,-0.690405273
89.5,275,-0.690435791
89.5,277,-0.690435791
89.5,279,-0.690435791
89.5,281,-0.690435791
89.5,283,-0.690435791
89.5,285,-0.690435791
89.5,287,-0.690466309
89.5,289,-0.690466309
89.5,291,-0.690466309
89.5,293,-0.690466309
89.5,295,-0.690466309
89.5,297,-0.690466309
89.5,299,-0.690496826
89.5,301,-0.690496826
89.5,303,-0.690496826
89.5,305,-0.690496826
89.5,307,-0.690527344
89.5,309,-0.690527344
89.5,311,-0.690527344
89.5,313,-0.690527344
89.5,315,-0.690557861
89.5,317,-0.690557861
89.5,319,-0.690557861
89.5,321,-0.690588379
89.5,323,-0.690588379
89.5,325,-0.690588379
89.5,327,-0.690588379
89.5,329,-0.690618896
89.5,331,-0.690618896
89.5,333,-0.690618896
89.5,335,-0.690649414
89.5,337,-0.690649414
89.5,339,-0.690679932
89.5,341,-0.690679932
89.5,343,-0.690679932
89.5,345,-0.690710449
89.5,347,-0.690710449
89.5,349,-0.690740967
89.5,351,-0.690740967
89.5,353,-0.690771484
89.5,355,-0.690771484
89.5,357,-0.690771484
89.5,359,-0.690802002